athlete_id,date,sleep_hours,rhr,hrv,ctl,atl,tsb,num_workouts,total_tss,total_duration_hrs
1,2024-10-01,,,,,,,1,97.18,1.5116666666666667
1,2024-10-02,,,,,,,3,183.18,1.7847222222222223
1,2024-10-03,,,,,,,2,125.37,2.8680555555555554
1,2024-10-04,,,,,,,1,109.38,1.7369444444444444
1,2024-10-05,,30.0,,,,,2,190.67,3.6008333333333336
1,2024-10-06,8.26666641235352,31.0,,,,,3,111.53,1.9622222222222223
1,2024-10-07,7.98333311080933,32.0,,,,,0,0.0,0.0
1,2024-10-08,7.81666660308838,32.0,,,,,2,132.91,2.205277777777778
1,2024-10-09,8.16666698455811,30.0,,,,,2,93.36,1.7752777777777777
1,2024-10-10,8.21666622161865,30.0,,,,,2,150.43,2.2316666666666665
1,2024-10-11,8.23333358764648,31.0,,,,,2,189.35,3.0052777777777777
1,2024-10-12,7.5,31.0,,,,,2,250.81,4.634444444444444
1,2024-10-13,8.38333320617676,30.0,,,,,2,139.53,2.9425
1,2024-10-14,8.69999980926514,31.0,,,,,1,0.0,0.0
1,2024-10-15,7.86666679382324,31.0,,,,,3,154.28,3.1525
1,2024-10-16,6.25,32.0,,,,,2,119.74,2.221388888888889
1,2024-10-17,,35.0,,,,,3,182.18,2.611666666666667
1,2024-10-18,8.01666641235352,31.0,,,,,2,158.61,3.015833333333333
1,2024-10-19,7.19999980926514,30.0,,,,,2,243.04,4.527777777777778
1,2024-10-20,8.18333339691162,35.0,,,,,2,175.38,3.580277777777778
1,2024-10-21,8.13333320617676,31.0,,,,,1,53.72,0.9458333333333333
1,2024-10-22,8.14999961853027,30.0,,,,,2,187.02,2.8169444444444443
1,2024-10-23,8.11666679382324,31.0,,,,,3,192.11,2.8202777777777777
1,2024-10-24,,,,,,,2,208.44,3.426111111111111
1,2024-10-25,,35.0,,,,,2,72.2,1.4647222222222223
1,2024-10-26,8.18333339691162,33.0,,,,,3,291.0,5.025
1,2024-10-27,8.68333339691162,30.0,,,,,3,279.89,5.0775
1,2024-10-28,7.61666679382324,32.0,,,,,1,79.13,1.0244444444444445
1,2024-10-29,7.76666688919067,31.0,,,,,2,113.11,1.998888888888889
1,2024-10-30,8.81666660308838,35.0,,,,,2,211.39,3.999722222222222
1,2024-10-31,,,,,,,2,233.33,3.733888888888889
1,2024-11-01,8.13333320617676,31.0,,,,,1,30.85,1.0027777777777778
1,2024-11-02,9.61666679382324,30.0,,,,,1,84.43,1.0333333333333334
1,2024-11-03,9.01666641235352,31.0,,,,,3,132.93,2.398888888888889
1,2024-11-04,9.10000038146973,36.0,,,,,2,143.59,2.213611111111111
1,2024-11-05,9.36666679382324,32.0,,,,,1,117.06,2.9697222222222224
1,2024-11-06,10.1000003814697,34.0,,,,,2,201.85,3.1438888888888887
1,2024-11-07,8.75,33.0,,,,,3,144.41,3.2505555555555556
1,2024-11-08,7.78333330154419,32.0,,,,,2,229.54,3.5661111111111112
1,2024-11-09,7.86666679382324,35.0,,,,,1,178.96,4.006111111111111
1,2024-11-10,7.40000009536743,31.0,,,,,0,0.0,0.0
1,2024-11-11,9.14999961853027,30.0,,,,,3,199.71,3.3533333333333335
1,2024-11-12,8.69999980926514,36.0,,,,,2,211.69,3.463888888888889
1,2024-11-13,8.86666679382324,32.0,,,,,2,90.33,1.1233333333333333
1,2024-11-14,8.58333301544189,32.0,,,,,2,124.65,2.7794444444444446
1,2024-11-15,8.60000038146973,36.0,,,,,2,230.78,3.0516666666666667
1,2024-11-16,9.19999980926514,37.0,,,,,2,161.31,3.6016666666666666
1,2024-11-17,9.66666698455811,32.0,,,,,2,219.1,4.258055555555556
1,2024-11-18,8.71666622161865,34.0,,,,,2,112.25,1.9544444444444444
1,2024-11-19,8.60000038146973,31.0,,,,,3,153.36,3.151111111111111
1,2024-11-20,9.21666622161865,31.0,,,,,2,241.81,3.8733333333333335
1,2024-11-21,8.56666660308838,30.0,,,,,2,136.1,2.873611111111111
1,2024-11-22,9.25,32.0,,,,,1,61.76,0.9197222222222222
1,2024-11-23,8.91666698455811,30.0,,,,,2,38.03,1.426111111111111
1,2024-11-24,9.98333358764648,35.0,,,,,1,87.55,1.0147222222222223
1,2024-11-25,8.76666641235352,33.0,,,,,0,0.0,0.0
1,2024-11-26,9.26666641235352,34.0,,,,,2,167.44,3.078333333333333
1,2024-11-27,,37.0,,,,,1,149.1,2.9808333333333334
1,2024-11-28,8.21666622161865,33.0,,,,,2,183.72,3.068611111111111
1,2024-11-29,8.85000038146973,32.0,,,,,2,104.87,1.9813888888888889
1,2024-11-30,8.88333320617676,35.0,,,,,2,184.58,3.1775
1,2024-12-01,8.98333358764648,36.0,,,,,1,265.07,3.4591666666666665
1,2024-12-02,8.56666660308838,35.0,,,,,0,0.0,0.0
1,2024-12-03,6.15000009536743,33.0,,,,,1,27.9,0.29138888888888886
1,2024-12-04,8.85000038146973,36.0,,,,,2,186.6,2.9963888888888888
1,2024-12-05,,37.0,,,,,2,154.02,3.5
1,2024-12-06,6.34999990463257,34.0,,,,,3,131.97,2.6858333333333335
1,2024-12-07,9.06666660308838,35.0,,,,,2,87.2,1.8177777777777777
1,2024-12-08,7.16666650772095,35.0,,,,,4,184.39,3.6605555555555553
1,2024-12-09,8.85000038146973,33.0,,,,,2,112.58,1.4441666666666666
1,2024-12-10,7.28333330154419,36.0,,,,,3,154.55,2.7822222222222224
1,2024-12-11,,38.0,,,,,2,91.81,1.8666666666666667
1,2024-12-12,8.76666641235352,37.0,,,,,3,201.53,4.1113888888888885
1,2024-12-13,8.63333320617676,35.0,,,,,2,87.12,2.0
1,2024-12-14,5.71666669845581,34.0,,,,,3,270.64,4.756944444444445
1,2024-12-15,10.3666667938232,36.0,,,,,2,134.95,2.5030555555555556
1,2024-12-16,8.01666641235352,34.0,,,,,1,57.05,1.193888888888889
1,2024-12-17,,35.0,,,,,2,133.29,2.08
1,2024-12-18,7.78333330154419,32.0,,,,,2,175.45,2.7169444444444446
1,2024-12-19,8.08333301544189,35.0,,,,,1,103.27,1.6369444444444445
1,2024-12-20,9.13333320617676,35.0,,,,,1,72.52,1.5041666666666667
1,2024-12-21,8.78333377838135,38.0,,,,,3,154.48,2.9525
1,2024-12-22,8.73333358764648,32.0,,,,,1,47.61,1.2019444444444445
1,2024-12-23,10.3666667938232,37.0,,,,,0,0.0,0.0
1,2024-12-24,,40.0,,,,,2,105.03,2.566388888888889
1,2024-12-25,7.09999990463257,32.0,,,,,0,0.0,0.0
1,2024-12-26,7.09999990463257,33.0,,,,,1,39.51,0.6222222222222222
1,2024-12-27,6.34999990463257,31.0,,,,,1,79.93,1.7061111111111111
1,2024-12-28,7.28333330154419,31.0,,,,,1,85.04,1.5997222222222223
1,2024-12-29,7.46666669845581,32.0,,,,,0,0.0,0.0
1,2024-12-30,8.98333358764648,31.0,,,,,2,39.78,1.1102777777777777
1,2024-12-31,9.58333301544189,32.0,,,,,3,147.29,2.0355555555555553
1,2025-01-01,9.46666622161865,32.0,,,,,2,92.74,2.115
1,2025-01-02,,35.0,,,,,2,129.16,2.0391666666666666
1,2025-01-03,7.81666660308838,34.0,,,,,2,99.85,2.168888888888889
1,2025-01-04,8.81666660308838,32.0,,,,,3,98.71,2.025
1,2025-01-05,,36.0,,,,,2,136.77,2.951111111111111
1,2025-01-06,6.78333330154419,36.0,,,,,2,110.38,1.7655555555555555
1,2025-01-07,7.48333311080933,32.0,,,,,1,24.81,0.7608333333333334
1,2025-01-08,7.38333320617676,34.0,,,,,2,149.72,2.2319444444444443
1,2025-01-09,7.84999990463257,32.0,,,,,3,118.84,3.0258333333333334
1,2025-01-10,7.44999980926514,33.0,,,,,1,50.83,0.7497222222222222
1,2025-01-11,8.14999961853027,32.0,,,,,3,98.98,2.587222222222222
1,2025-01-12,8.5,31.0,,,,,3,149.94,2.5325
1,2025-01-13,8.30000019073486,34.0,,,,,0,0.0,0.0
1,2025-01-14,7.34999990463257,32.0,,,,,2,111.05,2.085277777777778
1,2025-01-15,6.98333311080933,34.0,,,,,1,13.07,0.4375
1,2025-01-16,7.84999990463257,33.0,,,,,3,112.7,2.991388888888889
1,2025-01-17,8.11666679382324,37.0,,,,,2,151.87,2.2680555555555557
1,2025-01-18,8.56666660308838,33.0,,,,,2,58.03,2.040277777777778
1,2025-01-19,8.64999961853027,32.0,,,,,3,90.0,1.2769444444444444
1,2025-01-20,,32.0,,,,,3,277.97,5.457777777777777
1,2025-01-21,7.94999980926514,34.0,,,,,0,0.0,0.0
1,2025-01-22,7.94999980926514,32.0,,,,,4,89.2,1.9375
1,2025-01-23,7.68333339691162,35.0,,,,,1,52.89,1.426111111111111
1,2025-01-24,7.84999990463257,33.0,,,,,3,89.18,1.9922222222222221
1,2025-01-25,,37.0,,,,,2,188.66,3.078888888888889
1,2025-01-26,9.58333301544189,32.0,,,,,1,61.29,1.566111111111111
1,2025-01-27,7.41666650772095,33.0,,,,,4,90.2,1.951111111111111
1,2025-01-28,7.98333311080933,35.0,,,,,1,63.7,1.53
1,2025-01-29,,36.0,,,,,4,98.56,1.9636111111111112
1,2025-01-30,8.53333377838135,36.0,,,,,1,59.07,1.511388888888889
1,2025-01-31,8.60000038146973,38.0,,,,,3,90.24,1.5316666666666667
1,2025-02-01,,43.0,,,,,1,88.83,1.4241666666666666
1,2025-02-05,,,,,,,1,49.82,0.6166666666666667
1,2025-02-07,,,,,,,1,56.44,0.7019444444444445
1,2025-02-09,,,,,,,1,56.76,0.7
1,2025-02-10,,,,,,,1,49.01,0.5388888888888889
1,2025-02-11,,,,,,,1,55.56,1.4619444444444445
1,2025-02-12,,,,,,,1,52.17,0.6025
1,2025-02-13,,,,,,,1,57.87,1.6511111111111112
1,2025-02-14,,,,,,,1,65.66,0.6508333333333334
1,2025-02-16,,,,,,,2,118.87,2.0413888888888887
1,2025-02-17,,,,,,,1,42.31,0.415
1,2025-02-18,,,,,,,1,54.96,1.7069444444444444
1,2025-02-19,,,,,,,1,84.21,0.7552777777777778
1,2025-02-20,,,,,,,1,63.4,1.7108333333333334
1,2025-02-21,,,,,,,1,79.24,0.7883333333333333
1,2025-02-23,,,,,,,2,136.69,2.5213888888888887
1,2025-02-24,,,,,,,1,77.64,0.6811111111111111
1,2025-02-26,,,,,,,2,129.17,1.9258333333333333
1,2025-02-27,,,,,,,1,55.43,1.5377777777777777
1,2025-02-28,,,,,,,1,88.06,0.7386111111111111
1,2025-03-01,,,,,,,1,94.9,2.095833333333333
1,2025-03-02,,,,,,,2,123.99,1.6777777777777778
1,2025-03-04,,,,,,,1,91.79,0.76
1,2025-03-05,,,,,,,2,136.53,2.120277777777778
1,2025-03-06,,,,,,,1,60.36,1.6366666666666667
1,2025-03-07,,,,,,,1,85.89,0.8727777777777778
1,2025-03-09,,,,,,,1,50.76,1.4247222222222222
1,2025-03-10,,,,,,,1,58.6,0.6888888888888889
1,2025-03-11,,,,,,,1,63.23,0.8177777777777778
1,2025-03-12,,,,,,,1,55.6,0.7177777777777777
1,2025-03-14,,,,,,,2,122.5,1.3472222222222223
1,2025-03-17,,,,,,,1,168.75,2.3938888888888887
1,2025-03-21,,,,,,,1,30.94,0.27666666666666667
1,2025-03-24,,,,,,,1,203.87,2.866111111111111
1,2025-03-26,,,,,,,2,35.48,0.3611111111111111
1,2025-03-27,,,,,,,1,45.59,0.49722222222222223
1,2025-03-29,,,,,,,1,56.13,0.5130555555555556
1,2025-03-30,,,,,,,3,269.1,3.221111111111111
1,2025-03-31,,,,,,,2,261.12,2.655
1,2025-04-03,,,,,,,2,189.23,2.0252777777777777
1,2025-04-04,,,,,,,1,50.03,0.5536111111111112
1,2025-04-06,,,,,,,1,196.69,2.0458333333333334
1,2025-04-07,,,,,,,1,168.75,2.3938888888888887
1,2025-04-10,,,,,,,1,122.78,1.4416666666666667
1,2025-04-14,,,,,,,1,116.41,1.6855555555555555
1,2025-04-17,,,,,,,1,68.22,0.8466666666666667
1,2025-07-01,,,,,,,2,71.43,1.5
1,2025-07-02,,,,,,,2,91.43,2.0
1,2025-07-03,,,,,,,3,157.32,2.488888888888889
1,2025-07-04,,,,,,,4,132.95,2.5972222222222223
1,2025-07-05,,,,,,,2,118.52,2.4166666666666665
1,2025-07-06,,,,,,,2,77.39,1.3333333333333333
1,2025-07-08,,,,,,,2,99.06,2.0
1,2025-07-09,,,,,,,1,34.17,0.6833333333333333
1,2025-07-10,,,,,,,1,26.67,0.6666666666666666
1,2025-07-11,,,,,,,3,92.47,2.0
1,2025-07-12,,,,,,,1,33.33,0.6666666666666666
1,2025-07-13,,36.0,,,,,2,116.74,1.6780555555555556
1,2025-07-14,8.37166666666667,36.0,115.0,,,,3,165.8,1.2980555555555555
1,2025-07-15,6.44361111111111,36.0,98.0,,,,0,0.0,0.0
1,2025-07-16,8.20805555555556,35.0,108.0,,,,2,151.79,1.2830555555555556
1,2025-07-17,7.05,36.0,101.0,,,,2,112.05,1.1366666666666667
1,2025-07-18,7.60833333333333,34.0,105.0,,,,2,159.58,1.2538888888888888
1,2025-07-19,7.93333333333333,35.0,106.0,,,,1,26.46,0.8136111111111111
1,2025-07-20,6.98333333333333,37.0,104.0,,,,2,113.4,1.7294444444444443
1,2025-07-21,8.61416666666667,35.0,105.0,,,,1,62.58,1.33
1,2025-07-22,8.38333333333333,36.0,105.0,,,,2,197.67,1.4194444444444445
1,2025-07-23,7.85,37.0,109.0,,,,2,162.57,2.296111111111111
1,2025-07-24,7.86666666666667,36.0,107.0,,,,3,228.78,2.348611111111111
1,2025-07-25,8.78333333333333,36.0,115.0,,,,0,0.0,0.0
1,2025-07-26,8.11666666666667,35.0,106.0,,,,3,295.41,3.0319444444444446
1,2025-07-27,8.58138888888889,36.0,101.0,,,,3,288.13,3.3894444444444445
1,2025-07-28,7.8225,35.0,107.0,,,,2,133.58,2.0722222222222224
1,2025-07-29,8.01666666666667,36.0,116.0,,,,3,252.38,2.568888888888889
1,2025-07-30,7.4,37.0,104.0,,,,3,253.44,2.8202777777777777
1,2025-07-31,8.06666666666667,36.0,108.0,,,,0,0.0,0.0
1,2025-08-01,5.14361111111111,36.0,102.0,,,,2,157.69,1.5941666666666667
1,2025-08-02,8.4,34.0,122.0,,,,2,151.26,3.388888888888889
1,2025-08-03,5.03333333333333,35.0,83.0,,,,1,195.52,1.2522222222222221
1,2025-08-04,6.83333333333333,36.0,101.0,,,,5,273.3,3.700277777777778
1,2025-08-05,8.88888888888889,35.0,116.0,,,,3,295.88,3.3919444444444444
1,2025-08-06,6.25,34.0,116.0,,,,1,120.45,0.7838888888888889
1,2025-08-07,6.6,34.0,115.0,,,,2,116.87,1.5575
1,2025-08-08,7.31555555555556,38.0,98.0,,,,5,274.26,3.335
1,2025-08-09,7.3,35.0,116.0,,,,1,90.68,0.5536111111111112
1,2025-08-10,5.31666666666667,35.0,73.0,,,,3,161.18,1.4352777777777779
1,2025-08-11,8.45888888888889,35.0,97.0,,,,3,246.46,2.776388888888889
1,2025-08-12,9.32805555555555,36.0,102.0,,,,1,64.1,1.5866666666666667
1,2025-08-13,8.86666666666667,36.0,106.0,,,,5,255.5,2.1544444444444446
1,2025-08-14,8.10944444444444,36.0,106.0,,,,3,258.85,2.0866666666666664
1,2025-08-15,7.75,37.0,106.0,,,,5,270.64,3.718611111111111
1,2025-08-16,8.14111111111111,35.0,113.0,,,,5,338.04,3.2091666666666665
1,2025-08-17,8.03722222222222,36.0,109.0,,,,4,357.93,3.7466666666666666
1,2025-08-18,4.68333333333333,34.0,114.0,,,,0,0.0,0.0
1,2025-08-19,7.09888888888889,35.0,95.0,,,,2,91.04,1.6016666666666666
1,2025-08-20,8.13333333333333,35.0,113.0,,,,2,204.98,1.6505555555555556
1,2025-08-21,6.88333333333333,37.0,102.0,,,,2,195.2,2.2875
1,2025-08-22,8.13333333333333,37.0,100.0,,,,3,195.06,2.713611111111111
1,2025-08-23,8.66666666666667,35.0,105.0,,,,2,300.38,2.3897222222222223
1,2025-08-24,8.6,36.0,108.0,,,,2,107.13,1.7916666666666667
1,2025-08-25,7.45,38.0,79.0,,,,3,260.33,2.886388888888889
1,2025-08-26,8.05,36.0,96.0,,,,4,374.7,4.700555555555556
1,2025-08-27,5.26666666666667,38.0,94.0,,,,3,217.92,2.067222222222222
1,2025-08-28,7.68333333333333,36.0,99.0,,,,3,276.28,3.441666666666667
1,2025-08-29,7.26666666666667,35.0,96.0,,,,0,0.0,0.0
1,2025-08-30,6.85,33.0,79.0,,,,2,372.62,3.2558333333333334
1,2025-08-31,6.98333333333333,36.0,97.0,,,,2,128.13,1.2852777777777777
1,2025-09-01,7.6,36.0,92.0,,,,1,64.87,1.2580555555555555
1,2025-09-02,6.48333333333333,36.0,91.0,,,,4,309.09,3.4680555555555554
1,2025-09-03,6.56055555555556,35.0,97.0,,,,5,341.52,3.6844444444444444
1,2025-09-04,5.65,37.0,94.0,,,,4,251.06,2.5516666666666667
1,2025-09-05,7.26666666666667,33.0,100.0,,,,3,270.2,2.1927777777777777
1,2025-09-06,7.11666666666667,37.0,122.0,,,,2,255.19,3.2383333333333333
1,2025-09-07,7.73333333333333,35.0,109.0,,,,2,26.92,0.79
1,2025-09-08,8.03333333333333,37.0,99.0,,,,1,93.3,1.173888888888889
1,2025-09-09,6.31666666666667,37.0,93.0,,,,2,127.02,0.9430555555555555
1,2025-09-10,1.16666666666667,36.0,123.0,,,,0,0.0,0.0
1,2025-09-11,6.43333333333333,35.0,118.0,,,,1,154.59,1.1741666666666666
1,2025-09-12,5.56666666666667,34.0,82.0,,,,2,111.15,2.4316666666666666
1,2025-09-13,8.98333333333333,34.0,97.0,,,,0,0.0,0.0
1,2025-09-14,8.51666666666667,38.0,75.0,,,,3,158.28,2.3016666666666667
1,2025-09-15,,36.0,,,,,4,229.4,2.621111111111111
1,2025-09-16,7.75,34.0,103.0,,,,4,350.41,3.6863888888888887
1,2025-09-17,6.6,35.0,94.0,,,,2,271.86,2.0327777777777776
1,2025-09-18,5.28333333333333,37.0,83.0,,,,2,363.9,4.088611111111111
1,2025-09-19,7.45,39.0,64.0,,,,2,252.31,3.031388888888889
1,2025-09-20,6.58333333333333,39.0,61.0,,,,2,96.61,1.9016666666666666
1,2025-09-21,8.53333333333333,37.0,62.0,,,,3,326.78,2.3383333333333334
1,2025-09-22,8.71666666666667,40.0,71.0,,,,7,218.35,2.6158333333333332
1,2025-09-23,6.91666666666667,34.0,79.0,,,,3,272.76,2.6919444444444443
1,2025-09-24,5.8,36.0,90.0,,,,2,325.78,3.897777777777778
1,2025-09-25,7.90861111111111,35.0,91.0,,,,1,8.64,0.24805555555555556
1,2025-09-26,8.84138888888889,36.0,104.0,,,,2,273.0,4.001666666666667
1,2025-09-27,9.18333333333333,34.0,95.0,,,,3,363.4,4.220555555555555
1,2025-09-28,8.41666666666667,33.0,99.0,,,,1,152.1,1.9183333333333332
1,2025-09-29,7.71666666666667,34.0,103.0,,,,2,261.72,4.441111111111111
1,2025-09-30,6.2,35.0,91.0,,,,2,214.45,3.426388888888889
1,2025-10-01,7.31666666666667,35.0,83.0,,,,3,320.2,3.951111111111111
1,2025-10-02,8.16416666666667,36.0,111.0,,,,2,197.9,3.1369444444444445
1,2025-10-03,5.83333333333333,37.0,115.0,,,,2,248.0,3.263888888888889
1,2025-10-04,,39.0,,,,,0,0.0,0.0
1,2025-10-05,,,,,,,2,176.8,1.9536111111111112
1,2025-10-07,,,,,,,3,275.22,3.5244444444444443
1,2025-10-08,,,,,,,3,277.06,3.758888888888889
1,2025-10-09,,,,,,,3,322.55,3.995833333333333
1,2025-10-10,,,,,,,2,130.06,1.2205555555555556
1,2025-10-11,,,,,,,2,251.66,4.470555555555555
1,2025-10-12,,,,,,,2,234.13,2.7369444444444446
1,,,,,,,,30,0.0,0.0
6,2025-01-30,,,,,,,2,0.0,2.0
6,2025-01-31,,,,,,,3,0.0,2.5
6,2025-02-01,,,,,,,1,0.0,3.0
6,2025-02-02,,,,,,,2,0.0,1.5
6,2025-02-03,,,,,,,2,0.0,3.0
6,2025-02-04,,,,,,,2,0.0,3.0166666666666666
6,2025-02-05,,,,,,,3,0.0,4.0
6,2025-02-06,,,,,,,2,0.0,2.5
6,2025-02-07,,,,,,,3,0.0,2.75
6,2025-02-08,,,,,,,2,0.0,3.8333333333333335
6,2025-02-09,,,,,,,2,0.0,1.5
6,2025-02-10,,,,,,,3,0.0,2.5
6,2025-02-11,,,,,,,3,0.0,2.3333333333333335
6,2025-02-12,,,,,,,3,0.0,1.9166666666666667
6,2025-02-13,,,,,,,1,0.0,1.0
6,2025-02-14,,,,,,,2,0.0,1.3333333333333333
6,2025-02-15,,,,,,,2,0.0,4.0
6,2025-02-16,,,,,,,3,0.0,3.0833333333333335
6,2025-02-17,,,,,,,2,0.0,2.5
6,2025-02-18,,,,,,,3,0.0,3.533333333333333
6,2025-02-19,,,,,,,4,0.0,3.4166666666666665
6,2025-02-20,,,,,,,2,0.0,2.5
6,2025-02-21,,,,,,,4,0.0,2.9166666666666665
6,2025-02-22,,,,,,,2,0.0,3.4166666666666665
6,2025-02-23,,,,,,,2,0.0,1.5
6,2025-02-24,,,,,,,3,0.0,3.0
6,2025-02-25,,,,,,,3,0.0,3.3333333333333335
6,2025-02-26,,,,,,,3,0.0,3.5
6,2025-02-27,,,,,,,3,0.0,3.0
6,2025-02-28,,,,,,,4,0.0,3.3333333333333335
6,2025-03-01,,,,,,,1,0.0,3.0
6,2025-03-02,,,,,,,3,0.0,2.0833333333333335
6,2025-03-03,,,,,,,3,0.0,2.783333333333333
6,2025-03-04,,,,,,,3,0.0,3.6666666666666665
6,2025-03-05,,,,,,,3,0.0,3.0
6,2025-03-06,,,,,,,3,0.0,3.0
6,2025-03-07,,,,,,,3,0.0,2.75
6,2025-03-08,,,,,,,2,0.0,1.5833333333333333
6,2025-03-09,,,,,,,2,0.0,3.5
6,2025-03-10,,,,,,,3,0.0,2.8333333333333335
6,2025-03-11,,,,,,,4,0.0,3.716666666666667
6,2025-03-12,,,,,,,3,0.0,3.0
6,2025-03-13,,,,,,,3,0.0,3.5830555555555557
6,2025-03-14,,,,,,,4,0.0,3.3333333333333335
6,2025-03-15,,,,,,,1,0.0,2.0
6,2025-03-16,,,,,,,3,0.0,2.093611111111111
6,2025-03-17,,,,,,,1,0.0,0.33916666666666667
6,2025-03-18,,,,,,,3,0.0,3.8333333333333335
6,2025-03-19,,,,,,,2,0.0,1.4925
6,2025-03-20,,,,,,,2,0.0,2.25
6,2025-03-21,,,,,,,2,0.0,1.8333333333333333
6,2025-03-22,,,,,,,3,0.0,2.5
6,2025-03-23,,,,,,,2,0.0,2.2969444444444442
6,2025-03-24,,,,,,,3,0.0,2.7602777777777776
6,2025-03-25,,,,,,,2,0.0,1.5469444444444445
6,2025-03-26,,,,,,,2,0.0,0.7136111111111111
6,2025-03-27,,,,,,,3,0.0,1.5333333333333334
6,2025-03-29,,,,,,,1,0.0,0.3958333333333333
6,2025-03-30,,,,,,,3,0.0,1.5
6,2025-03-31,,,,,,,3,0.0,2.8958333333333335
6,2025-04-01,,,,,,,3,0.0,3.1194444444444445
6,2025-04-02,,,,,,,3,0.0,3.5
6,2025-04-03,,,,,,,3,0.0,3.25
6,2025-04-04,,,,,,,4,0.0,2.8958333333333335
6,2025-04-05,,,,,,,2,0.0,3.3958333333333335
6,2025-04-06,,,,,,,3,0.0,1.5
6,2025-04-07,,,,,,,2,0.0,2.5
6,2025-04-08,,,,,,,3,0.0,2.917777777777778
6,2025-04-09,,,,,,,4,0.0,4.229166666666667
6,2025-04-10,,,,,,,3,0.0,3.5
6,2025-04-11,,,,,,,4,0.0,2.9947222222222223
6,2025-04-12,,,,,,,2,0.0,3.8958333333333335
6,2025-04-13,,,,,,,3,0.0,1.5
6,2025-04-14,,,,,,,2,0.0,2.75
6,2025-04-15,,,,,,,3,0.0,3.517777777777778
6,2025-04-16,,,,,,,4,0.0,3.9947222222222223
6,2025-04-17,,,,,,,3,0.0,3.0
6,2025-04-18,,,,,,,4,0.0,3.2602777777777776
6,2025-04-19,,,,,,,2,0.0,3.8958333333333335
6,2025-04-20,,,,,,,3,0.0,1.5
6,2025-04-21,,,,,,,2,0.0,1.3958333333333333
6,2025-04-22,,,,,,,3,0.0,3.1458333333333335
6,2025-04-23,,,,,,,4,0.0,3.8780555555555556
6,2025-04-24,,,,,,,3,0.0,3.307777777777778
6,2025-04-25,,,,,,,4,0.0,3.3958333333333335
6,2025-04-26,,,,,,,2,0.0,4.395833333333333
6,2025-04-27,,,,,,,2,0.0,1.0
6,2025-04-28,,,,,,,3,0.0,3.093611111111111
6,2025-04-29,,,,,,,3,0.0,3.536111111111111
6,2025-04-30,,,,,,,2,0.0,1.4947222222222223
6,2025-05-01,,,,,,,3,0.0,3.0
6,2025-05-02,,,,,,,4,0.0,3.6458333333333335
6,2025-05-03,,,,,,,2,0.0,0.5
6,2025-05-04,,,,,,,1,0.0,0.0
6,2025-05-05,,,,,,,1,0.0,0.0
6,2025-05-06,,,,,,,3,0.0,2.3958333333333335
6,2025-05-07,,,,,,,3,0.0,3.1666666666666665
6,2025-05-08,,,,,,,3,0.0,2.1458333333333335
6,2025-05-09,,,,,,,3,0.0,1.2625
6,2025-05-11,,,,,,,1,0.0,1.5
6,2025-05-12,,,,,,,3,0.0,2.3958333333333335
6,2025-05-13,,,,,,,3,0.0,3.0944444444444446
6,2025-05-14,,,,,,,3,0.0,2.343611111111111
6,2025-05-15,,,,,,,3,0.0,3.5
6,2025-05-16,,,,,,,3,0.0,2.343611111111111
6,2025-05-17,,,,,,,2,0.0,2.8958333333333335
6,2025-05-18,,,,,,,2,0.0,1.9894444444444443
6,2025-05-19,,,,,,,3,0.0,2.3958333333333335
6,2025-05-20,,,,,,,2,0.0,1.9166666666666667
6,2025-05-21,,,,,,,3,0.0,2.1458333333333335
6,2025-05-22,,,,,,,3,0.0,2.3958333333333335
6,2025-05-23,,,,,,,3,0.0,1.2625
6,2025-05-25,,,,,,,1,0.0,0.0
6,2025-05-26,,,,,,,1,0.0,0.3333333333333333
6,2025-05-27,,,,,,,3,0.0,2.593611111111111
6,2025-05-28,,,,,,,2,0.0,1.6458333333333333
6,2025-05-29,,,,,,,3,0.0,3.5469444444444442
6,2025-05-30,,,,,,,2,0.0,1.593611111111111
6,2025-05-31,,,,,,,2,0.0,3.3958333333333335
6,2025-06-01,,,,,,,2,0.0,1.9894444444444443
6,2025-06-02,,,,,,,3,0.0,3.093611111111111
6,2025-06-03,,,,,,,1,0.0,0.5936111111111111
6,2025-06-04,,,,,,,4,0.0,3.593611111111111
6,2025-06-05,,,,,,,3,0.0,2.6458333333333335
6,2025-06-06,,,,,,,3,0.0,3.25
6,2025-06-07,,,,,,,2,0.0,3.3958333333333335
6,2025-06-08,,,,,,,3,0.0,2.2916666666666665
6,2025-06-09,,,,,,,3,0.0,2.2969444444444442
6,2025-06-10,,,,,,,3,0.0,2.888611111111111
6,2025-06-11,,,,,,,3,0.0,3.1458333333333335
6,2025-06-12,,,,,,,3,0.0,2.5469444444444442
6,2025-06-13,,,,,,,3,0.0,4.045833333333333
6,2025-06-14,,,,,,,2,0.0,3.3958333333333335
6,2025-06-15,,,,,,,2,0.0,1.9894444444444443
6,2025-06-16,,,,,,,3,0.0,3.3958333333333335
6,2025-06-17,,,,,,,3,0.0,3.705
6,2025-06-18,,,,,,,3,0.0,2.1458333333333335
6,2025-06-19,,,,,,,3,0.0,3.795
6,2025-06-20,,,,,,,4,0.0,3.4769444444444444
6,2025-06-21,,,,,,,2,0.0,4.0
6,2025-06-22,,,,,,,2,0.0,2.1444444444444444
6,2025-06-23,,,,,,,2,0.0,1.593611111111111
6,2025-06-24,,,,,,,4,0.0,3.0
6,2025-06-25,,,,,,,3,0.0,2.1458333333333335
6,2025-06-26,,,,,,,3,0.0,3.623611111111111
6,2025-06-27,,,,,,,3,0.0,2.7269444444444444
6,2025-06-28,,,,,,,2,0.0,4.0
6,2025-06-29,,,,,,,2,0.0,2.335277777777778
6,2025-06-30,,,,,,,3,0.0,4.0936111111111115
6,2025-07-01,,,,,,,3,0.0,3.593611111111111
6,2025-07-02,,,,,,,3,0.0,2.75
6,2025-07-03,,,,,,,2,0.0,1.593611111111111
6,2025-07-04,,,,,,,1,0.0,0.47694444444444445
6,2025-07-05,,,,,,,3,0.0,3.0
6,2025-07-06,,,,,,,2,0.0,1.9538888888888888
6,2025-07-07,,,,,,,3,0.0,3.3769444444444443
6,2025-07-08,,,,,,,3,0.0,3.1458333333333335
6,2025-07-09,,,,,,,3,0.0,2.3833333333333333
6,2025-07-10,,,,,,,3,0.0,1.5625
6,2025-07-11,,,,,,,3,0.0,1.2625
6,2025-07-14,,,,,,,1,0.0,0.5936111111111111
6,2025-07-15,,,,,,,3,0.0,2.843611111111111
6,2025-07-16,,,,,,,3,0.0,1.8
6,2025-07-17,,,,,,,3,0.0,1.5625
6,2025-07-18,,,,,,,3,0.0,1.1636111111111112
6,2025-07-20,,,,,,,2,0.0,0.0
6,2025-07-21,,,,,,,3,0.0,3.7916666666666665
6,2025-07-22,,,,,,,3,0.0,4.0
6,2025-07-23,,,,,,,2,0.0,1.5625
6,2025-07-24,,,,,,,3,0.0,1.5625
6,2025-07-25,,,,,,,3,0.0,1.2625
6,2025-07-27,,,,,,,1,0.0,1.3352777777777778
6,2025-07-28,,,,,,,3,0.0,2.8958333333333335
6,2025-07-29,,,,,,,3,0.0,3.5216666666666665
6,2025-07-30,,,,,,,4,0.0,3.343611111111111
6,2025-07-31,,,,,,,3,0.0,3.5
6,2025-08-01,,,,,,,4,0.0,3.343611111111111
6,2025-08-02,,,,,,,2,0.0,4.395833333333333
6,2025-08-03,,,,,,,2,0.0,1.0
6,2025-08-04,,,,,,,3,0.0,3.7602777777777776
6,2025-08-05,,,,,,,3,0.0,3.355
6,2025-08-06,,,,,,,3,0.0,2.343611111111111
6,2025-08-07,,,,,,,3,0.0,4.0
6,2025-08-08,,,,,,,3,0.0,2.843611111111111
6,2025-08-09,,,,,,,2,0.0,4.395833333333333
6,2025-08-10,,,,,,,2,0.0,1.9894444444444443
6,2025-08-11,,,,,,,1,0.0,1.0
6,2025-08-12,,,,,,,3,0.0,4.4383333333333335
6,2025-08-13,,,,,,,4,0.0,3.343611111111111
6,2025-08-14,,,,,,,3,0.0,4.0
6,2025-08-15,,,,,,,4,0.0,3.643611111111111
6,2025-08-16,,,,,,,2,0.0,4.0
6,2025-08-17,,,,,,,2,0.0,1.9538888888888888
6,2025-08-18,,,,,,,3,0.0,3.2916666666666665
6,2025-08-19,,,,,,,3,0.0,3.25
6,2025-08-20,,,,,,,2,0.0,1.3958333333333333
6,2025-08-21,,,,,,,3,0.0,1.5625
6,2025-08-22,,,,,,,3,0.0,1.2625
6,2025-08-24,,,,,,,1,0.0,1.1444444444444444
6,2025-08-25,,,,,,,1,0.0,0.0
6,2025-08-26,,,,,,,3,0.0,3.2602777777777776
6,2025-08-27,,,,,,,3,0.0,2.843611111111111
6,2025-08-28,,,,,,,3,0.0,2.3833333333333333
6,2025-08-29,,,,,,,3,0.0,1.5625
6,2025-08-30,,,,,,,3,0.0,1.1636111111111112
6,2025-09-01,,,,,,,2,0.0,1.8958333333333333
6,2025-09-02,,,,,,,3,0.0,2.5625
6,2025-09-03,,,,,,,3,0.0,3.055
6,2025-09-04,,,,,,,3,0.0,4.476944444444444
6,2025-09-05,,,,,,,3,0.0,3.0
6,2025-09-06,,,,,,,2,0.0,4.0
6,2025-09-07,,,,,,,2,0.0,1.9538888888888888
6,2025-09-08,,,,,,,3,0.0,3.3958333333333335
6,2025-09-09,,,,,,,3,0.0,3.3216666666666668
6,2025-09-10,,,,,,,3,0.0,2.6458333333333335
6,2025-09-11,,,,,,,3,0.0,5.0
6,2025-09-12,,,,,,,3,0.0,2.4769444444444444
6,2025-09-13,,,,,,,2,0.0,4.0
6,2025-09-14,,,,,,,2,0.0,2.1444444444444444
6,2025-09-15,,,,,,,3,0.0,3.7916666666666665
6,2025-09-16,,,,,,,3,0.0,2.643611111111111
6,2025-09-17,,,,,,,3,0.0,3.25
6,2025-09-18,,,,,,,2,0.0,1.3958333333333333
6,2025-09-19,,,,,,,3,0.0,1.5625
6,2025-09-20,,,,,,,3,0.0,1.2625
6,2025-09-22,,,,,,,1,0.0,0.3958333333333333
6,2025-09-23,,,,,,,3,0.0,2.5011111111111113
6,2025-09-24,,,,,,,4,0.0,3.0625
6,2025-09-25,,,,,,,3,0.0,3.057777777777778
6,2025-09-26,,,,,,,4,0.0,3.093611111111111
6,2025-09-27,,,,,,,2,0.0,3.3958333333333335
6,2025-09-28,,,,,,,3,0.0,1.5
6,2025-09-29,,,,,,,3,0.0,3.593611111111111
6,2025-09-30,,,,,,,3,0.0,2.643611111111111
6,2025-10-01,,,,,,,3,0.0,3.25
6,2025-10-02,,,,,,,2,0.0,1.3958333333333333
6,2025-10-03,,,,,,,3,0.0,1.5625
6,2025-10-04,,,,,,,3,0.0,1.2625
6,2025-10-06,,,,,,,1,0.0,0.0
6,2025-10-07,,,,,,,1,0.0,0.0
6,2025-10-08,,,,,,,3,0.0,3.593611111111111
6,2025-10-09,,,,,,,3,0.0,3.5716666666666668
6,2025-10-10,,,,,,,3,0.0,2.9269444444444446
6,2025-10-11,,,,,,,3,0.0,4.5936111111111115
6,2025-10-12,,,,,,,3,0.0,3.25
6,2025-10-13,,,,,,,3,0.0,2.1125
6,2025-10-14,,,,,,,3,0.0,1.3125
6,2025-10-15,,,,,,,3,0.0,1.1636111111111112
6,2025-10-17,,,,,,,1,0.0,0.0
6,2025-10-18,,,,,,,1,0.0,0.0
6,2025-10-19,,,,,,,1,0.0,0.0
6,2025-10-20,,,,,,,1,0.0,0.0
6,2025-10-21,,,,,,,1,0.0,0.0
6,2025-10-22,,,,,,,1,0.0,0.0
6,2025-10-23,,,,,,,1,0.0,0.0
6,2025-10-24,,,,,,,1,0.0,0.0
6,2025-10-25,,,,,,,1,0.0,0.0
6,2025-10-26,,,,,,,2,0.0,0.0
6,2025-10-27,,,,,,,2,0.0,1.8958333333333333
6,2025-10-28,,,,,,,2,0.0,1.5958333333333334
6,2025-10-29,,,,,,,2,0.0,0.0
6,2025-10-30,,,,,,,2,0.0,1.8958333333333333
6,2025-10-31,,,,,,,2,0.0,1.4291666666666667
6,2025-11-01,,,,,,,2,0.0,1.0783333333333334
6,2025-11-02,,,,,,,1,0.0,0.7916666666666666
6,2025-11-03,,,,,,,2,0.0,1.8958333333333333
6,2025-11-04,,,,,,,2,0.0,1.793611111111111
6,2025-11-05,,,,,,,2,0.0,2.3958333333333335
6,2025-11-06,,,,,,,2,0.0,1.8958333333333333
6,2025-11-07,,,,,,,2,0.0,1.5280555555555555
6,2025-11-08,,,,,,,2,0.0,3.3958333333333335
6,2025-11-09,,,,,,,1,0.0,0.7916666666666666
6,2025-11-10,,,,,,,2,0.0,2.093611111111111
6,2025-11-11,,,,,,,2,0.0,1.793611111111111
6,2025-11-12,,,,,,,3,0.0,5.5936111111111115
6,2025-11-13,,,,,,,2,0.0,2.093611111111111
6,2025-11-14,,,,,,,2,0.0,1.5280555555555555
6,2025-11-15,,,,,,,2,0.0,3.3958333333333335
6,2025-11-16,,,,,,,1,0.0,0.9894444444444445
6,2025-11-17,,,,,,,1,0.0,0.5
6,2025-11-20,,,,,,,3,0.0,0.0
6,2025-11-21,,,,,,,3,0.0,0.0
6,2025-11-22,,,,,,,3,0.0,4.395833333333333
6,2025-11-23,,,,,,,2,0.0,1.7916666666666667
6,2025-11-24,,,,,,,3,0.0,2.8958333333333335
6,2025-11-25,,,,,,,4,0.0,3.7969444444444442
6,2025-11-26,,,,,,,3,0.0,2.8958333333333335
6,2025-11-27,,,,,,,3,0.0,3.3958333333333335
6,2025-11-28,,,,,,,4,0.0,3.5469444444444442
6,2025-11-29,,,,,,,2,0.0,3.3958333333333335
6,2025-11-30,,,,,,,3,0.0,2.2916666666666665
6,2025-12-01,,,,,,,3,0.0,2.8958333333333335
6,2025-12-02,,,,,,,3,0.0,2.3958333333333335
6,2025-12-03,,,,,,,4,0.0,3.3958333333333335
6,2025-12-04,,,,,,,3,0.0,2.3958333333333335
6,2025-12-05,,,,,,,4,0.0,3.5469444444444442
6,2025-12-06,,,,,,,2,0.0,3.3958333333333335
6,2025-12-07,,,,,,,3,0.0,2.4894444444444446
6,2025-12-08,,,,,,,3,0.0,3.093611111111111
6,2025-12-09,,,,,,,3,0.0,2.9947222222222223
6,2025-12-10,,,,,,,4,0.0,3.3958333333333335
6,2025-12-11,,,,,,,3,0.0,3.3958333333333335
6,2025-12-12,,,,,,,4,0.0,4.145833333333333
6,2025-12-13,,,,,,,2,0.0,3.3958333333333335
6,2025-12-14,,,,,,,3,0.0,2.4894444444444446
6,2025-12-15,,,,,,,3,0.0,2.8958333333333335
6,2025-12-16,,,,,,,3,0.0,2.3958333333333335
6,2025-12-17,,,,,,,4,0.0,4.5936111111111115
6,2025-12-18,,,,,,,3,0.0,3.401111111111111
6,2025-12-19,,,,,,,4,0.0,3.843611111111111
6,2025-12-20,,,,,,,2,0.0,3.3958333333333335
6,2025-12-21,,,,,,,3,0.0,2.6875
6,2025-12-22,,,,,,,3,0.0,2.8958333333333335
6,2025-12-23,,,,,,,3,0.0,3.8958333333333335
6,2025-12-24,,,,,,,4,0.0,3.3958333333333335
6,2025-12-25,,,,,,,2,0.0,1.593611111111111
6,2025-12-26,,,,,,,4,0.0,3.843611111111111
6,2025-12-27,,,,,,,3,0.0,0.0
6,2025-12-28,,,,,,,3,0.0,0.0
6,2025-12-29,,,,,,,3,0.0,0.0
6,2025-12-30,,,,,,,3,0.0,0.0
6,2025-12-31,,,,,,,4,0.0,0.0
6,2026-01-01,,,,,,,3,0.0,0.0
6,2026-01-02,,,,,,,4,0.0,0.0
6,2026-01-03,,,,,,,1,0.0,0.0
6,2026-01-04,,,,,,,3,0.0,0.0
6,2026-01-05,,,,,,,2,0.0,0.3958333333333333
6,2026-01-06,,,,,,,3,0.0,0.3988888888888889
6,2026-01-07,,,,,,,4,0.0,3.0
6,2026-01-08,,,,,,,3,0.0,0.7822222222222223
6,2026-01-09,,,,,,,4,0.0,0.0
6,2026-01-10,,,,,,,2,0.0,0.0
6,2026-01-11,,,,,,,2,0.0,0.0
6,2026-01-12,,,,,,,3,0.0,2.8958333333333335
6,2026-01-13,,,,,,,3,0.0,3.6194444444444445
6,2026-01-14,,,,,,,4,0.0,0.0
6,2026-01-15,,,,,,,3,0.0,0.0
6,2026-01-16,,,,,,,4,0.0,0.6927777777777778
6,2026-01-17,,,,,,,2,0.0,0.3958333333333333
6,2026-01-18,,,,,,,3,0.0,0.9894444444444445
6,2026-01-19,,,,,,,3,0.0,0.3958333333333333
6,2026-01-20,,,,,,,3,0.0,1.0
6,2026-01-21,,,,,,,4,0.0,0.0
6,2026-01-22,,,,,,,3,0.0,0.3958333333333333
6,2026-01-23,,,,,,,4,0.0,2.0
6,2026-01-24,,,,,,,2,0.0,0.3958333333333333
6,2026-01-25,,,,,,,3,0.0,0.0
6,2026-01-26,,,,,,,3,0.0,0.5936111111111111
6,2026-01-27,,,,,,,3,0.0,0.0
6,2026-01-28,,,,,,,4,0.0,0.0
6,2026-01-29,,,,,,,2,0.0,0.0
6,2026-01-30,,,,,,,2,0.0,0.0
6,2026-01-31,,,,,,,1,0.0,0.0
6,2026-02-01,,,,,,,2,0.0,0.0
6,2026-02-02,,,,,,,3,0.0,0.0
6,2026-02-03,,,,,,,3,0.0,3.2475
6,2026-02-04,,,,,,,4,0.0,4.0936111111111115
6,2026-02-05,,,,,,,3,0.0,3.4716666666666667
6,2026-02-06,,,,,,,4,0.0,3.593611111111111
6,2026-02-07,,,,,,,2,0.0,4.395833333333333
6,2026-02-08,,,,,,,3,0.0,2.6875
6,2026-02-09,,,,,,,3,0.0,3.093611111111111
6,2026-02-10,,,,,,,4,0.0,3.5716666666666668
6,2026-02-11,,,,,,,3,0.0,3.093611111111111
6,2026-02-12,,,,,,,3,0.0,3.9097222222222223
6,2026-02-13,,,,,,,4,0.0,3.843611111111111
6,2026-02-14,,,,,,,2,0.0,4.395833333333333
6,2026-02-15,,,,,,,3,0.0,2.786388888888889
6,2026-02-16,,,,,,,3,0.0,2.8958333333333335
6,2026-02-17,,,,,,,3,0.0,3.5716666666666668
6,2026-02-18,,,,,,,4,0.0,3.3958333333333335
6,2026-02-19,,,,,,,3,0.0,3.3455555555555554
6,2026-02-20,,,,,,,4,0.0,2.8958333333333335
6,2026-02-21,,,,,,,2,0.0,4.395833333333333
6,2026-02-22,,,,,,,3,0.0,1.5
6,2026-02-23,,,,,,,3,0.0,3.093611111111111
6,2026-02-24,,,,,,,3,0.0,3.0883333333333334
6,2026-02-25,,,,,,,4,0.0,4.0936111111111115
6,2026-02-26,,,,,,,3,0.0,3.75
6,2026-02-27,,,,,,,4,0.0,3.843611111111111
6,2026-02-28,,,,,,,2,0.0,5.395833333333333
6,2026-03-01,,,,,,,3,0.0,2.4894444444444446
6,2026-03-02,,,,,,,4,0.0,2.8958333333333335
6,2026-03-03,,,,,,,3,0.0,2.843611111111111
6,2026-03-04,,,,,,,3,0.0,1.8
6,2026-03-05,,,,,,,2,0.0,0.8125
6,2026-03-06,,,,,,,3,0.0,1.1636111111111112
6,2026-03-08,,,,,,,1,0.0,0.5936111111111111
6,2026-03-09,,,,,,,3,0.0,2.8958333333333335
6,2026-03-10,,,,,,,4,0.0,3.5716666666666668
6,2026-03-11,,,,,,,3,0.0,3.3958333333333335
6,2026-03-12,,,,,,,3,0.0,3.5
6,2026-03-13,,,,,,,4,0.0,3.2936111111111113
6,2026-03-14,,,,,,,2,0.0,1.9894444444444443
6,2026-03-15,,,,,,,1,0.0,0.0
6,2026-03-16,,,,,,,1,0.0,0.3958333333333333
6,2026-03-17,,,,,,,3,0.0,2.7602777777777776
6,2026-03-18,,,,,,,3,0.0,2.6333333333333333
6,2026-03-19,,,,,,,3,0.0,1.5625
6,2026-03-20,,,,,,,3,0.0,1.1636111111111112
6,2026-03-22,,,,,,,1,0.0,0.5936111111111111
6,2026-03-23,,,,,,,2,0.0,1.593611111111111
8,2026-01-08,,,,,,,2,0.0,1.4258333333333333
8,2026-01-09,,,,,,,1,0.0,0.5319444444444444
8,2026-01-10,,,,,,,2,0.0,0.7708333333333334
8,2026-01-11,,,,,,,2,0.0,1.2819444444444446
8,2026-01-12,,,,,,,2,0.0,1.2494444444444444
8,2026-01-13,,,,,,,1,0.0,0.6186111111111111
8,2026-01-14,,,,,,,1,0.0,0.5755555555555556
8,2026-01-25,,,,,,,1,0.0,0.1827777777777778
8,2026-01-26,,,,,,,3,0.0,1.0730555555555557
8,2026-01-27,,,,,,,2,0.0,1.8097222222222222
8,2026-01-28,,,,,,,3,0.0,1.7158333333333333
8,2026-01-29,,,,,,,2,0.0,1.93
8,2026-01-31,,,,,,,2,0.0,2.4725
10,2026-01-08,,,,,,,5,0.0,2.2316666666666665
10,2026-01-11,,,,,,,1,0.0,0.6708333333333333
10,2026-01-12,,,,,,,1,0.0,1.2975
10,2026-01-13,,,,,,,1,0.0,1.4425
10,2026-01-14,,,,,,,2,0.0,1.2530555555555556
10,2026-01-25,,,,,,,3,0.0,2.2619444444444445
10,2026-01-27,,,,,,,1,0.0,1.5552777777777778
10,2026-01-29,,,,,,,1,0.0,0.7927777777777778
10,2026-01-30,,,,,,,1,0.0,0.9577777777777777
10,2026-01-31,,,,,,,1,0.0,1.2805555555555554
10,2026-02-01,,,,,,,1,0.0,1.5830555555555557
11,2024-12-26,,,,,,,4,111.67,1.9408333333333334
11,2024-12-27,,,,,,,4,106.43,2.6169444444444445
11,2024-12-28,,,,,,,3,115.6,1.8527777777777779
11,2024-12-29,,,,,,,4,78.9,1.4744444444444444
11,2024-12-30,,,,,,,5,160.92,3.0244444444444443
11,2024-12-31,,,,,,,5,131.87,2.9194444444444443
11,2025-01-01,,,,,,,1,55.56,0.7533333333333333
11,2025-01-02,,,,,,,3,140.83,1.3619444444444444
11,2025-01-03,,,,,,,2,95.74,1.2258333333333333
11,2025-01-04,,,,,,,2,75.0,3.0
11,2025-01-05,,,,,,,4,96.15,1.4475
11,2025-01-06,,,,,,,5,194.5,2.6344444444444446
11,2025-01-07,,,,,,,6,121.92,1.6925
11,2025-01-08,,,,,,,4,160.58,2.3480555555555553
11,2025-01-09,,,,,,,5,83.32,1.6072222222222223
11,2025-01-10,,,,,,,3,148.0,1.0497222222222222
11,2025-01-11,,,,,,,2,77.74,3.452777777777778
11,2025-01-12,,,,,,,4,56.7,1.0422222222222222
11,2025-01-13,,,,,,,4,179.15,3.1772222222222224
11,2025-01-14,,,,,,,4,102.73,1.4380555555555556
11,2025-01-15,,,,,,,4,60.14,0.8319444444444445
11,2025-01-16,,,,,,,4,70.3,1.2994444444444444
11,2025-01-17,,,,,,,4,21.87,0.3852777777777778
11,2025-01-18,,,,,,,5,30.5,2.8825
11,2025-01-19,,,,,,,2,0.0,0.001388888888888889
11,2025-01-20,,,,,,,2,48.22,1.4761111111111112
11,2025-01-21,,,,,,,9,190.44,2.0458333333333334
11,2025-01-22,,,,,,,5,185.24,2.289722222222222
11,2025-01-23,,,,,,,4,99.23,0.7361111111111112
11,2025-01-24,,,,,,,4,191.1,3.301388888888889
11,2025-01-25,,,,,,,3,36.32,0.7841666666666667
11,2025-01-26,,,,,,,5,126.73,2.3533333333333335
11,2025-01-27,,,,,,,3,198.0,1.8625
11,2025-01-28,,,,,,,5,98.17,1.4694444444444446
11,2025-01-29,,,,,,,4,151.94,2.080277777777778
11,2025-01-30,,,,,,,5,161.0,2.5097222222222224
11,2025-01-31,,,,,,,1,16.01,0.25027777777777777
11,2025-02-01,,,,,,,4,43.79,0.4925
11,2025-02-02,,,,,,,6,30.21,0.3275
11,2025-02-03,,,,,,,3,44.21,0.9294444444444444
11,2025-02-04,,,,,,,2,92.82,0.8761111111111111
11,2025-02-05,,,,,,,3,48.1,1.0119444444444445
11,2025-02-06,,,,,,,1,0.0,1.0
11,2025-02-07,,,,,,,2,0.0,1.0
11,2025-02-08,,,,,,,1,0.0,1.0
11,2025-02-09,,,,,,,2,0.0,2.501388888888889
11,2025-02-10,,,,,,,2,0.0,1.0
11,2025-02-11,,,,,,,2,24.5,1.5833333333333333
11,2025-02-12,,,,,,,2,17.86,0.2536111111111111
11,2025-02-13,,,,,,,2,77.6,1.3277777777777777
11,2025-02-14,,,,,,,2,25.72,0.3952777777777778
11,2025-02-15,,,,,,,2,67.38,1.24
11,2025-02-16,,,,,,,3,19.36,2.7333333333333334
11,2025-02-17,,,,,,,5,138.44,0.6669444444444445
11,2025-02-18,,,,,,,4,65.77,1.3230555555555557
11,2025-02-19,,,,,,,5,176.45,1.6725
11,2025-02-20,,,,,,,2,74.14,1.5222222222222221
11,2025-02-21,,,,,,,4,128.75,1.5433333333333332
11,2025-02-22,,,,,,,2,83.99,1.2455555555555555
11,2025-02-23,,,,,,,5,121.6,2.3725
11,2025-02-24,,,,,,,3,106.59,2.2455555555555557
11,2025-02-25,,,,,,,5,101.41,1.9825
11,2025-02-26,,,,,,,3,83.18,0.6447222222222222
11,2025-02-27,,,,,,,3,33.81,0.645
11,2025-02-28,,,,,,,4,26.05,0.17194444444444446
11,2025-03-01,,,,,,,6,116.45,2.2375
11,2025-03-02,,,,,,,4,74.76,0.8933333333333333
11,2025-03-03,,,,,,,2,0.0,0.0
11,2025-03-04,,,,,,,3,70.14,1.3416666666666666
11,2025-03-05,,,,,,,4,231.02,3.7533333333333334
11,2025-03-06,,,,,,,3,39.77,0.6711111111111111
11,2025-03-07,,,,,,,2,53.25,1.1797222222222221
11,2025-03-08,,,,,,,4,85.76,1.5319444444444446
11,2025-03-09,,,,,,,5,210.42,4.1194444444444445
11,2025-03-10,,,,,,,4,143.02,1.9758333333333333
11,2025-03-11,,,,,,,3,44.53,0.4461111111111111
11,2025-03-12,,,,,,,1,0.0,0.75
11,2025-03-13,,,,,,,1,9.59,0.14083333333333334
11,2025-03-14,,,,,,,2,11.86,0.15305555555555556
11,2025-03-15,,,,,,,1,11.77,0.16694444444444445
11,2025-03-16,,,,,,,2,0.0,0.001388888888888889
11,2025-03-18,,,,,,,2,104.07,1.9833333333333334
11,2025-03-19,,,,,,,3,138.3,1.3038888888888889
11,2025-03-20,,,,,,,5,101.31,2.4444444444444446
11,2025-03-21,,,,,,,3,165.17,2.727777777777778
11,2025-03-22,,,,,,,4,152.36,2.5813888888888887
11,2025-03-23,,,,,,,2,45.0,0.001388888888888889
11,2025-03-24,,,,,,,3,145.22,2.210277777777778
11,2025-03-25,,,,,,,2,107.08,1.7016666666666667
11,2025-03-26,,,,,,,4,107.61,1.801388888888889
11,2025-03-27,,,,,,,3,108.55,1.8875
11,2025-03-28,,,,,,,1,12.5,0.16666666666666666
11,2025-03-29,,,,,,,4,53.04,0.6622222222222223
11,2025-03-30,,,,,,,1,0.0,0.001388888888888889
11,2025-03-31,,,,,,,3,123.72,1.781111111111111
11,2025-04-01,,,,,,,5,175.71,2.9269444444444446
11,2025-04-02,,,,,,,3,156.34,2.865
11,2025-04-03,,,,,,,1,18.06,0.25
11,2025-04-04,,,,,,,1,11.21,0.155
11,2025-04-05,,,,,,,3,144.0,2.5102777777777776
11,2025-04-06,,,,,,,6,147.69,1.6366666666666667
11,2025-04-07,,,,,,,4,89.27,0.5844444444444444
11,2025-04-08,,,,,,,2,127.8,2.0005555555555556
11,2025-04-09,,,,,,,4,166.11,1.9380555555555556
11,2025-04-10,,,,,,,2,68.84,1.2502777777777778
11,2025-04-11,,,,,,,2,0.0,0.0
11,2025-04-12,,,,,,,3,65.82,1.1666666666666667
11,2025-04-13,,,,,,,6,50.66,1.801111111111111
11,2025-04-14,,,,,,,1,0.0,0.0
11,2025-04-15,,,,,,,2,126.21,1.1152777777777778
11,2025-04-16,,,,,,,3,153.38,2.3480555555555553
11,2025-04-17,,,,,,,5,133.08,0.92
11,2025-04-18,,,,,,,2,104.41,0.7461111111111111
11,2025-04-19,,,,,,,4,147.58,1.9622222222222223
11,2025-04-20,,,,,,,1,50.0,0.0
11,2025-04-21,,,,,,,3,14.53,0.7886111111111112
11,2025-04-22,,,,,,,4,132.86,1.253611111111111
11,2025-04-23,,,,,,,2,19.17,0.25
11,2025-04-24,,,,,,,3,70.62,1.123888888888889
11,2025-04-25,,,,,,,3,31.82,2.2830555555555554
11,2025-04-26,,,,,,,2,0.0,0.0
11,2025-04-27,,,,,,,3,38.44,0.9755555555555555
11,2025-04-28,,,,,,,5,77.05,0.9125
11,2025-04-29,,,,,,,3,100.0,0.75
11,2025-04-30,,,,,,,4,118.27,1.2072222222222222
11,2025-05-01,,,,,,,2,0.0,0.0
11,2025-05-02,,,,,,,1,0.0,0.07166666666666667
11,2025-05-03,,,,,,,5,64.5,1.1666666666666667
11,2025-05-04,,,,,,,5,55.0,1.4166666666666667
11,2025-05-05,,,,,,,3,0.0,0.001388888888888889
11,2025-05-06,,,,,,,6,80.0,8.429444444444444
11,2025-05-07,,,,,,,2,35.0,1.0
11,2025-05-08,,,,,,,4,65.0,0.7666666666666667
11,2025-05-09,,,,,,,2,50.0,1.25
11,2025-05-10,,,,,,,2,108.65,3.125
11,2025-05-11,,,,,,,1,0.0,0.0
11,2025-05-12,,,,,,,5,132.26,1.388611111111111
11,2025-05-13,,,,,,,3,31.92,1.0005555555555556
11,2025-05-14,,,,,,,3,148.33,1.7302777777777778
11,2025-05-15,,,,,,,3,98.21,2.1358333333333333
11,2025-05-16,,,,,,,2,15.33,0.21444444444444444
11,2025-05-17,,,,,,,2,0.0,1.0
11,2025-05-18,,,,,,,4,200.3,2.7480555555555557
11,2025-05-19,,,,,,,5,94.31,0.6002777777777778
11,2025-05-20,,,,,,,3,115.63,1.5797222222222222
11,2025-05-21,,,,,,,4,81.74,1.1275
11,2025-05-22,,,,,,,2,11.29,0.16694444444444445
11,2025-05-23,,,,,,,2,7.5,2.078333333333333
11,2025-05-24,,,,,,,1,8.78,0.125
11,2025-05-25,,,,,,,1,0.0,0.0
11,2025-05-26,,,,,,,3,0.0,0.7513888888888889
11,2025-05-27,,,,,,,4,97.55,3.107222222222222
11,2025-05-28,,,,,,,2,95.55,1.801388888888889
11,2025-05-29,,,,,,,2,100.0,1.4522222222222223
11,2025-05-30,,,,,,,3,92.61,2.733888888888889
11,2025-05-31,,,,,,,2,48.64,0.5841666666666666
11,2025-06-01,,,,,,,2,58.41,0.7075
11,2025-06-02,,,,,,,3,95.46,1.6119444444444444
11,2025-06-03,,,,,,,2,94.64,1.3563888888888889
11,2025-06-04,,,,,,,2,91.17,0.6272222222222222
11,2025-06-05,,,,,,,3,83.76,1.2444444444444445
11,2025-06-06,,,,,,,1,12.49,0.19694444444444445
11,2025-06-07,,,,,,,3,21.84,0.22583333333333333
11,2025-06-08,,,,,,,1,55.0,1.0
11,2025-06-09,,,,,,,1,33.76,0.46444444444444444
11,2025-06-10,,,,,,,4,157.28,2.1238888888888887
11,2025-06-11,,,,,,,2,18.46,0.2608333333333333
11,2025-06-12,,,,,,,2,79.03,0.5188888888888888
11,2025-06-13,,,,,,,3,119.89,1.1702777777777778
11,2025-06-14,,,,,,,3,79.31,0.3458333333333333
11,2025-06-15,,,,,,,1,0.0,0.0
11,2025-06-16,,,,,,,3,65.4,1.0875
11,2025-06-17,,,,,,,2,20.58,0.36083333333333334
11,2025-06-18,,,,,,,2,31.01,0.7461111111111111
11,2025-06-19,,,,,,,2,12.5,0.16666666666666666
11,2025-06-20,,,,,,,1,8.42,0.12
11,2025-06-22,,,,,,,2,7.61,0.11666666666666667
11,2025-06-23,,,,,,,1,0.0,0.5
11,2025-06-24,,,,,,,3,0.0,0.5
11,2025-06-25,,,,,,,1,0.0,0.5
11,2025-06-26,,,,,,,1,37.07,0.4880555555555556
11,2025-06-27,,,,,,,3,92.02,0.7
11,2025-06-28,,,,,,,2,94.97,1.7044444444444444
11,2025-06-29,,,,,,,5,135.97,2.4066666666666667
11,2025-06-30,,,,,,,1,0.0,0.0
11,2025-07-01,,,,,,,2,104.72,1.7622222222222221
11,2025-07-02,,,,,,,4,149.06,1.8858333333333333
11,2025-07-03,,,,,,,2,80.72,0.33111111111111113
11,2025-07-04,,,,,,,3,143.44,2.0219444444444443
11,2025-07-05,,,,,,,5,147.14,7.1947222222222225
11,2025-07-06,,,,,,,2,105.27,0.7575
11,2025-07-07,,,,,,,1,78.34,1.3333333333333333
11,2025-07-08,,,,,,,2,34.85,1.0888888888888888
11,2025-07-09,,,,,,,4,94.91,2.0033333333333334
11,2025-07-10,,,,,,,3,91.14,1.2725
11,2025-07-11,,,,,,,2,25.15,0.33361111111111114
11,2025-07-12,,,,,,,2,55.94,0.7375
11,2025-07-13,,,,,,,4,0.0,1.25
11,2025-07-14,,,,,,,2,0.0,0.0
11,2025-07-15,,,,,,,1,44.76,0.6536111111111111
11,2025-07-16,,,,,,,2,0.0,0.3333333333333333
11,2025-07-17,,,,,,,2,0.0,0.75
11,2025-07-18,,,,,,,4,37.62,3.4791666666666665
11,2025-07-19,,,,,,,2,108.31,3.9908333333333332
11,2025-07-20,,,,,,,3,13.66,0.12305555555555556
11,2025-07-21,,,,,,,5,87.71,2.776388888888889
11,2025-07-22,,,,,,,7,82.08,2.6644444444444444
11,2025-07-23,,,,,,,3,73.57,2.4769444444444444
11,2025-07-24,,,,,,,2,47.7,1.2416666666666667
11,2025-07-25,,,,,,,4,60.79,1.755
11,2025-07-26,,,,,,,3,116.81,2.125
11,2025-07-27,,,,,,,6,173.27,2.2397222222222224
11,2025-07-28,,,,,,,4,89.24,1.6666666666666667
11,2025-07-29,,,,,,,2,66.29,1.4677777777777778
11,2025-07-30,,,,,,,2,27.7,0.6333333333333333
11,2025-07-31,,,,,,,3,0.0,0.8333333333333334
11,2025-08-01,,,,,,,3,66.87,1.1633333333333333
11,2025-08-02,,,,,,,3,42.99,0.8019444444444445
11,2025-08-03,,,,,,,3,55.49,1.0
11,2025-08-05,,,,,,,1,18.56,1.0
11,2025-08-07,,,,,,,2,37.63,0.5013888888888889
11,2025-08-08,,,,,,,2,41.66,0.8741666666666666
11,2025-08-10,,,,,,,3,73.37,0.8369444444444445
11,2025-08-12,,,,,,,3,23.01,0.2577777777777778
11,2025-08-13,,,,,,,2,42.82,0.6063888888888889
11,2025-08-14,,,,,,,5,90.21,0.8636111111111111
11,2025-08-15,,,,,,,4,43.89,0.7130555555555556
11,2025-08-17,,,,,,,1,112.64,1.5061111111111112
11,2025-08-18,,,,,,,1,0.0,0.0
11,2025-08-19,,,,,,,3,57.39,0.5913888888888889
11,2025-08-20,,,,,,,3,24.99,0.3161111111111111
11,2025-08-21,,,,,,,3,48.69,0.5494444444444444
11,2025-08-22,,,,,,,1,88.5,1.2933333333333332
11,2025-08-23,,,,,,,1,32.19,0.4452777777777778
11,2025-08-24,,,,,,,1,0.0,0.0
11,2025-08-25,,,,,,,2,47.48,0.5988888888888889
11,2025-08-26,,,,,,,3,59.78,1.5302777777777778
11,2025-08-27,,,,,,,3,68.66,0.6144444444444445
11,2025-08-28,,,,,,,3,80.76,2.158888888888889
11,2025-08-29,,,,,,,4,68.41,0.8236111111111111
11,2025-08-30,,,,,,,2,166.37,3.248611111111111
11,2025-08-31,,,,,,,1,0.0,0.0
11,2025-09-01,,,,,,,5,128.5,2.3538888888888887
11,2025-09-02,,,,,,,4,174.51,2.5130555555555554
11,2025-09-03,,,,,,,4,194.61,2.120277777777778
11,2025-09-04,,,,,,,3,139.48,2.7630555555555554
11,2025-09-05,,,,,,,3,18.22,0.26555555555555554
11,2025-09-06,,,,,,,2,43.57,0.4236111111111111
11,2025-09-07,,,,,,,2,365.12,3.95
11,2025-09-08,,,,,,,2,113.1,1.7716666666666667
11,2025-09-09,,,,,,,5,203.32,3.8758333333333335
11,2025-09-10,,,,,,,3,131.84,2.761388888888889
11,2025-09-11,,,,,,,4,185.37,3.7516666666666665
11,2025-09-12,,,,,,,4,199.9,2.8380555555555556
11,2025-09-13,,,,,,,1,0.0,3.0
11,2025-09-14,,,,,,,2,137.36,1.55
11,2025-09-15,,,,,,,4,124.34,1.595
11,2025-09-16,,,,,,,2,107.64,2.131666666666667
11,2025-09-17,,,,,,,3,122.02,1.86
11,2025-09-18,,,,,,,2,68.32,1.2605555555555557
11,2025-09-19,,,,,,,2,18.14,0.6694444444444444
11,2025-09-20,,,,,,,2,39.0,0.39305555555555555
11,2025-09-21,,,,,,,2,75.54,1.6622222222222223
11,2025-09-22,,,,,,,2,94.23,1.646111111111111
11,2025-09-23,,,,,,,4,129.37,1.731111111111111
11,2025-09-24,,,,,,,3,148.79,2.9908333333333332
11,2025-09-25,,,,,,,5,201.0,3.742777777777778
11,2025-09-26,,,,,,,2,38.9,2.1666666666666665
11,2025-09-27,,,,,,,2,98.04,1.6169444444444445
11,2025-09-28,,,,,,,1,0.0,4.0
11,2025-09-29,,,,,,,2,78.47,1.5025
11,2025-09-30,,,,,,,3,69.25,1.5255555555555556
11,2025-10-01,,,,,,,2,81.83,1.7658333333333334
11,2025-10-02,,,,,,,2,79.22,1.1666666666666667
11,2025-10-03,,,,,,,1,17.05,0.2602777777777778
11,2025-10-04,,,,,,,2,16.41,0.31416666666666665
11,2025-10-05,,,,,,,2,83.91,3.4166666666666665
11,2025-10-06,,,,,,,2,48.06,1.4819444444444445
11,2025-10-07,,,,,,,4,210.72,3.5555555555555554
11,2025-10-08,,,,,,,2,80.76,1.5047222222222223
11,2025-10-09,,,,,,,4,101.01,2.1058333333333334
11,2025-10-10,,,,,,,2,17.86,0.2594444444444444
11,2025-10-11,,,,,,,2,105.76,0.6744444444444444
11,2025-10-12,,,,,,,1,0.0,3.0
11,2025-10-13,,,,,,,2,113.16,1.9986111111111111
11,2025-10-14,,,,,,,4,59.39,1.8152777777777778
11,2025-10-15,,,,,,,2,139.03,1.1508333333333334
11,2025-10-16,,,,,,,3,110.41,1.1522222222222223
11,2025-10-18,,,,,,,2,74.99,1.0638888888888889
11,2025-10-19,,,,,,,2,46.58,4.616666666666666
11,2025-10-20,,,,,,,7,252.2,4.415277777777778
11,2025-10-21,,,,,,,4,128.46,1.531111111111111
11,2025-10-22,,,,,,,4,127.62,2.5277777777777777
11,2025-10-23,,,,,,,3,60.9,1.5888888888888888
11,2025-10-24,,,,,,,1,18.13,0.2411111111111111
11,2025-10-25,,,,,,,3,37.96,8.428611111111111
11,2025-10-26,,,,,,,1,24.08,0.3030555555555556
11,2025-10-27,,,,,,,7,113.8,2.937222222222222
11,2025-10-28,,,,,,,4,159.83,3.7691666666666666
11,2025-10-29,,,,,,,4,72.98,9.615833333333333
11,2025-10-30,,,,,,,3,72.67,0.9997222222222222
11,2025-10-31,,,,,,,1,17.64,0.24888888888888888
11,2025-11-01,,,,,,,2,12.64,0.27055555555555555
11,2025-11-02,,,,,,,2,45.02,3.641111111111111
11,2025-11-03,,,,,,,3,55.63,0.7166666666666667
11,2025-11-04,,,,,,,4,104.58,0.9791666666666666
11,2025-11-05,,,,,,,1,49.0,0.5808333333333333
11,2025-11-06,,,,,,,4,101.3,1.1088888888888888
11,2025-11-07,,,,,,,2,43.79,0.6486111111111111
11,2025-11-08,,,,,,,1,95.58,1.2402777777777778
11,2025-11-09,,,,,,,1,28.97,0.3844444444444444
11,2025-11-10,,,,,,,2,75.1,0.9675
11,2025-11-11,,,,,,,3,71.43,0.9958333333333333
11,2025-11-12,,,,,,,1,37.39,0.49472222222222223
11,2025-11-13,,,,,,,3,118.36,1.0316666666666667
11,2025-11-14,,,,,,,3,81.94,1.0597222222222222
11,2025-11-15,,,,,,,1,65.4,0.8736111111111111
11,2025-11-17,,,,,,,2,48.25,0.6236111111111111
11,2025-11-18,,,,,,,1,39.28,0.5633333333333334
11,2025-11-19,,,,,,,3,52.12,0.5755555555555556
11,2025-11-20,,,,,,,1,38.43,0.4786111111111111
11,2025-11-21,,,,,,,1,18.14,0.24083333333333334
11,2025-11-22,,,,,,,1,8.87,0.15
11,2025-12-01,,,,,,,1,44.36,0.6425
11,2025-12-02,,,,,,,2,44.4,0.5969444444444445
11,2025-12-03,,,,,,,1,37.0,0.48944444444444446
11,2025-12-05,,,,,,,1,14.88,0.37
11,2025-12-06,,,,,,,1,8.72,0.13472222222222222
11,2025-12-07,,,,,,,1,18.16,0.2436111111111111
11,2025-12-08,,,,,,,4,83.09,2.417777777777778
11,2025-12-09,,,,,,,2,35.73,2.0122222222222224
11,2025-12-10,,,,,,,2,35.73,1.0122222222222221
11,2025-12-11,,,,,,,3,78.24,3.5122222222222224
11,2025-12-12,,,,,,,3,36.87,3.2622222222222224
11,2025-12-13,,,,,,,2,35.73,2.5122222222222224
11,2025-12-14,,,,,,,3,91.86,2.781111111111111
11,2025-12-15,,,,,,,3,104.82,3.0116666666666667
11,2025-12-16,,,,,,,2,75.8,1.5119444444444445
11,2025-12-17,,,,,,,1,35.11,0.5180555555555556
11,2025-12-18,,,,,,,3,113.44,3.020277777777778
11,2025-12-19,,,,,,,2,35.16,2.0216666666666665
11,2025-12-20,,,,,,,1,0.0,2.0
11,2025-12-21,,,,,,,2,120.47,2.303611111111111
11,2025-12-22,,,,,,,3,89.13,2.8694444444444445
11,2025-12-23,,,,,,,2,62.6,1.8688888888888888
11,2025-12-24,,,,,,,4,85.19,2.91
11,2025-12-25,,,,,,,2,171.32,2.2783333333333333
11,2025-12-26,,,,,,,3,149.66,3.2841666666666667
11,2025-12-27,,,,,,,3,0.0,0.0
11,2025-12-28,,,,,,,2,34.86,0.5288888888888889
11,2025-12-29,,,,,,,3,34.06,0.5347222222222222
11,2025-12-30,,,,,,,4,85.91,1.4047222222222222
11,2025-12-31,,,,,,,3,26.6,0.3844444444444444
11,2026-01-01,,,,,,,3,0.0,0.0
11,2026-01-02,,,,,,,4,7.61,0.1436111111111111
11,2026-01-03,,,,,,,2,0.0,0.0
11,2026-01-04,,,,,,,3,146.28,2.5194444444444444
11,2026-01-05,,,,,,,2,35.7,2.0122222222222224
11,2026-01-06,,,,,,,3,66.75,2.138888888888889
11,2026-01-07,,,,,,,4,23.23,1.3244444444444445
11,2026-01-08,,,,,,,3,92.14,1.9125
11,2026-01-09,,,,,,,4,97.96,2.4169444444444443
11,2026-01-10,,,,,,,2,70.87,1.5725
11,2026-01-11,,,,,,,2,173.36,4.0
11,2026-01-12,,,,,,,4,97.67,2.031388888888889
11,2026-01-13,,,,,,,2,75.69,2.011111111111111
11,2026-01-14,,,,,,,3,49.65,0.6388888888888888
11,2026-01-15,,,,,,,4,96.96,2.111111111111111
11,2026-01-16,,,,,,,1,21.8,0.44166666666666665
11,2026-01-17,,,,,,,1,9.1,0.12111111111111111
11,2026-01-18,,,,,,,2,0.0,0.0
11,2026-01-19,,,,,,,3,75.47,2.0541666666666667
11,2026-01-20,,,,,,,4,134.27,2.261111111111111
11,2026-01-21,,,,,,,2,81.32,1.5186111111111111
11,2026-01-22,,,,,,,4,119.32,0.8616666666666667
11,2026-01-23,,,,,,,1,40.38,0.5388888888888889
11,2026-01-24,,,,,,,2,19.74,0.3388888888888889
11,2026-01-25,,,,,,,3,8.91,0.12472222222222222
11,2026-01-26,,,,,,,2,115.34,1.7527777777777778
11,2026-01-27,,,,,,,4,93.5,0.6397222222222222
11,2026-01-28,,,,,,,3,44.27,0.6469444444444444
11,2026-01-29,,,,,,,4,36.39,0.48583333333333334
11,2026-01-30,,,,,,,1,0.0,0.0
11,2026-01-31,,,,,,,1,0.0,0.0
11,2026-02-01,,,,,,,2,0.0,0.0
11,2026-02-02,,,,,,,2,0.0,0.0
11,2026-02-03,,,,,,,3,87.94,3.75
11,2026-02-04,,,,,,,3,113.6,3.6
11,2026-02-05,,,,,,,2,116.9,1.6333333333333333
11,2026-02-06,,,,,,,4,14.02,2.408888888888889
11,2026-02-07,,,,,,,4,70.73,3.8105555555555557
11,2026-02-08,,,,,,,3,144.41,2.778888888888889
11,2026-02-09,,,,,,,2,114.25,2.2708333333333335
11,2026-02-10,,,,,,,6,138.52,1.7630555555555556
11,2026-02-11,,,,,,,2,105.92,1.6252777777777778
11,2026-02-12,,,,,,,5,207.75,3.9047222222222224
11,2026-02-13,,,,,,,3,172.61,3.221388888888889
11,2026-02-14,,,,,,,2,37.62,2.48
11,2026-02-15,,,,,,,3,97.6,2.5277777777777777
11,2026-02-16,,,,,,,2,45.0,2.0
11,2026-02-17,9.03,,,,,,4,78.54,1.9855555555555555
11,2026-02-18,9.47,,,,,,2,23.29,0.33055555555555555
11,2026-02-19,8.82,,,,,,5,110.92,10.055
11,2026-02-20,,,,,,,2,116.33,1.9875
11,2026-02-21,,,,,,,1,92.73,1.2663888888888888
11,2026-02-22,8.93,,,,,,3,56.22,4.0
11,2026-02-23,,,,,,,1,56.22,0.7372222222222222
11,2026-02-24,,,,,,,4,149.1,1.9152777777777779
11,2026-02-25,,,,,,,3,74.62,3.25
11,2026-02-26,,,,,,,4,58.79,0.8891666666666667
11,2026-02-27,,,,,,,3,57.55,0.8369444444444445
11,2026-02-28,,,,,,,3,29.14,0.3022222222222222
11,2026-03-01,8.45,,,,,,4,38.04,1.2430555555555556
11,2026-03-02,,,,,,,3,40.53,1.6025
11,2026-03-03,,,,,,,4,88.61,1.3611111111111112
11,2026-03-04,,,,,,,3,198.39,2.6616666666666666
11,2026-03-05,,,,,,,3,35.87,1.521388888888889
11,2026-03-06,,,,,,,3,152.46,2.5122222222222224
11,2026-03-07,8.13,,,,,,2,43.47,3.6630555555555557
11,2026-03-08,5.2,,,,,,2,61.41,1.5058333333333334
11,2026-03-09,9.12,,,,,,3,34.21,1.5202777777777778
11,2026-03-10,,,,,,,2,36.65,0.9219444444444445
11,2026-03-11,,,,,,,3,93.06,2.2391666666666667
11,2026-03-12,9.23,,,,,,5,14.09,1.7675
11,2026-03-13,,,,,,,2,45.24,0.9177777777777778
11,2026-03-14,9.58,,,,,,2,9.67,0.22583333333333333
11,2026-03-15,,,,,,,1,4.22,0.11805555555555555
11,2026-03-16,,75.0,,,,,1,55.43,0.7508333333333334
11,2026-03-17,,67.0,,,,,3,90.88,1.1302777777777777
11,2026-03-18,,75.0,,,,,2,86.79,1.4941666666666666
11,2026-03-19,,76.0,,,,,3,59.52,0.9355555555555556
11,2026-03-20,,,,,,,4,163.83,2.076111111111111
11,2026-03-21,3.33,,,,,,2,36.99,2.4908333333333332
11,2026-03-21,8.9,,,,,,2,36.99,2.4908333333333332
11,2026-03-22,,,,,,,2,107.31,1.5902777777777777
11,2026-03-23,,,,,,,2,79.96,1.4902777777777778
12,2025-12-11,,,,,,,1,0.0,0.7572222222222222
13,2024-10-14,5.30000019073486,34.0,75.0,,,,4,130.64,2.5169444444444444
13,2024-10-15,7.59999990463257,39.0,79.0,,,,5,111.67,1.3408333333333333
13,2024-10-16,5.81666660308838,36.0,79.0,,,,4,56.48,1.3244444444444445
13,2024-10-17,8.18333339691162,37.0,86.0,,,,6,63.86,1.3169444444444445
13,2024-10-18,8.58333301544189,37.0,91.0,,,,5,19.89,0.5658333333333333
13,2024-10-19,5.68333339691162,37.0,91.0,,,,2,0.0,0.0
13,2024-10-20,,41.0,,,,,2,80.48,0.4558333333333333
13,2024-10-21,5.83333349227905,40.0,79.0,,,,4,106.34,0.6902777777777778
13,2024-10-22,7.63333320617676,41.0,85.0,,,,4,210.92,2.5469444444444442
13,2024-10-23,7.81666660308838,42.0,77.0,,,,6,153.23,2.862222222222222
13,2024-10-24,6.51666688919067,42.0,75.0,,,,4,171.59,2.691388888888889
13,2024-10-25,7.65000009536743,39.0,89.0,,,,4,76.09,1.761111111111111
13,2024-10-26,7.33333349227905,38.0,62.0,,,,5,97.39,1.3080555555555555
13,2024-10-27,8.83333301544189,36.0,59.0,,,,3,239.7,3.508611111111111
13,2024-10-28,6.51666688919067,38.0,58.0,,,,3,59.39,0.7361111111111112
13,2024-10-29,7.55000019073486,35.0,53.0,,,,5,80.37,1.5380555555555555
13,2024-10-30,8.30000019073486,38.0,63.0,,,,4,53.52,2.3777777777777778
13,2024-10-31,6.84999990463257,38.0,69.0,,,,3,65.05,1.3980555555555556
13,2024-11-01,6.11666679382324,38.0,77.0,,,,5,32.65,2.5441666666666665
13,2024-11-02,6.21666669845581,39.0,94.0,,,,4,231.21,2.1755555555555555
13,2024-11-03,5.55000019073486,37.0,77.0,,,,3,205.61,1.9447222222222222
13,2024-11-04,6.41666650772095,36.0,74.0,,,,4,128.86,2.1441666666666666
13,2024-11-05,6.41666650772095,36.0,64.0,,,,6,290.68,2.868888888888889
13,2024-11-06,7.51666688919067,38.0,75.0,,,,4,171.79,2.162777777777778
13,2024-11-07,6.03333330154419,36.0,79.0,,,,3,206.57,1.4380555555555556
13,2024-11-08,6.80000019073486,41.0,68.0,,,,6,245.0,2.632222222222222
13,2024-11-09,6.86666679382324,38.0,53.0,,,,6,285.62,2.9680555555555554
13,2024-11-10,7.75,37.0,70.0,,,,3,157.79,1.293611111111111
13,2024-11-11,7.83333349227905,37.0,54.0,,,,5,195.08,3.2108333333333334
13,2024-11-12,7.15000009536743,35.0,59.0,,,,6,279.14,2.6327777777777777
13,2024-11-13,6.25,37.0,54.0,,,,5,178.87,2.4869444444444446
13,2024-11-14,4.05000019073486,38.0,52.0,,,,4,183.42,2.66
13,2024-11-15,6.88333320617676,39.0,59.0,,,,8,360.28,3.1483333333333334
13,2024-11-16,8.08333301544189,37.0,54.0,,,,5,231.07,1.7761111111111112
13,2024-11-17,6.66583347320557,38.0,57.0,,,,4,105.76,4.196111111111111
13,2024-11-18,7.66666650772095,39.0,57.0,,,,3,85.61,1.3258333333333334
13,2024-11-19,7.8163890838623,40.0,60.0,,,,4,105.83,2.8858333333333333
13,2024-11-20,6.65000009536743,38.0,68.0,,,,5,91.66,1.4827777777777778
13,2024-11-21,8.18333339691162,36.0,61.0,,,,3,78.66,1.3694444444444445
13,2024-11-22,8.16666698455811,35.0,72.0,,,,2,38.16,0.21972222222222224
13,2024-11-23,7.75,39.0,100.0,,,,4,128.99,0.6780555555555555
13,2024-11-24,8.08333301544189,40.0,81.0,,,,5,65.72,3.865
13,2024-11-25,6.91666650772095,38.0,53.0,,,,4,109.88,2.868888888888889
13,2024-11-26,6.51666688919067,38.0,55.0,,,,7,236.66,4.24
13,2024-11-27,7.08333349227905,40.0,65.0,,,,4,108.54,2.7405555555555554
13,2024-11-28,8.10000038146973,38.0,73.0,,,,3,188.99,2.5502777777777776
13,2024-11-29,7.65000009536743,35.0,71.0,,,,7,133.2,3.296388888888889
13,2024-11-30,,42.0,,,,,6,135.04,5.005
13,2024-12-01,6.66666650772095,39.0,90.0,,,,4,102.52,1.9697222222222222
13,2024-12-02,6.26666688919067,38.0,69.0,,,,4,87.64,2.9475
13,2024-12-03,7.11666679382324,37.0,80.0,,,,5,142.03,3.8733333333333335
13,2024-12-04,7.16666650772095,36.0,84.0,,,,6,108.45,2.9858333333333333
13,2024-12-05,6.25,36.0,72.0,,,,2,61.79,0.3472222222222222
13,2024-12-06,7.15000009536743,36.0,103.0,,,,2,42.89,0.2991666666666667
13,2024-12-07,7.69999980926514,36.0,93.0,,,,4,99.58,0.6741666666666667
13,2024-12-08,2.59999990463257,40.0,70.0,,,,3,0.0,3.5
13,2024-12-09,8.05000019073486,37.0,112.0,,,,4,161.98,2.9791666666666665
13,2024-12-10,5.56666660308838,40.0,95.0,,,,4,194.04,2.648888888888889
13,2024-12-11,6.84999990463257,39.0,77.0,,,,5,388.46,5.243055555555555
13,2024-12-12,6.80000019073486,39.0,76.0,,,,4,235.68,3.4125
13,2024-12-13,4.96666669845581,41.0,75.0,,,,5,87.6,3.553888888888889
13,2024-12-14,7.71666669845581,38.0,85.0,,,,3,235.13,3.4966666666666666
13,2024-12-15,7.61666679382324,37.0,82.0,,,,4,183.98,2.2402777777777776
13,2024-12-16,7.88333320617676,38.0,61.0,,,,4,206.01,3.122777777777778
13,2024-12-17,6.84999990463257,36.0,79.0,,,,4,196.34,3.5844444444444443
13,2024-12-18,6.41666650772095,38.0,51.0,,,,4,217.29,3.2066666666666666
13,2024-12-19,5.69999980926514,35.0,61.0,,,,2,0.0,0.0
13,2024-12-20,8.33333301544189,38.0,76.0,,,,2,0.0,0.0
13,2024-12-21,4.30000019073486,41.0,62.0,,,,2,0.0,0.0
13,2024-12-22,9.35833358764648,40.0,31.0,,,,2,0.0,0.0
13,2024-12-23,7.69361114501953,40.0,55.0,,,,2,0.0,0.0
13,2024-12-24,8.73333358764648,39.0,78.0,,,,2,0.0,0.0
13,2024-12-25,8.66666698455811,37.0,86.0,,,,2,0.0,0.0
13,2024-12-26,8.38333320617676,40.0,87.0,,,,3,77.14,0.865
13,2024-12-27,7.61666679382324,38.0,92.0,,,,3,113.53,1.2169444444444444
13,2024-12-28,5.89222240447998,41.0,76.0,,,,3,114.74,1.488611111111111
13,2024-12-29,7.48333311080933,41.0,84.0,,,,4,122.38,2.033333333333333
13,2024-12-30,7.13333320617676,38.0,83.0,,,,4,163.41,2.9830555555555556
13,2024-12-31,7.51666688919067,42.0,76.0,,,,5,253.88,5.4719444444444445
13,2025-01-01,5.73333311080933,42.0,83.0,,,,4,172.99,2.3425
13,2025-01-02,6.59999990463257,42.0,71.0,,,,4,95.65,2.8233333333333333
13,2025-01-03,6.65000009536743,38.0,88.0,,,,5,164.06,3.4491666666666667
13,2025-01-04,7.44999980926514,41.0,49.0,,,,2,112.7,3.062222222222222
13,2025-01-05,8.55000019073486,39.0,75.0,,,,4,162.21,2.401666666666667
13,2025-01-06,8.36666679382324,39.0,96.0,,,,4,148.77,2.9516666666666667
13,2025-01-07,8.25,38.0,95.0,,,,4,130.5,3.2755555555555556
13,2025-01-08,6.48333311080933,39.0,105.0,,,,5,180.9,3.698611111111111
13,2025-01-09,8.18333339691162,36.0,78.0,,,,6,242.93,2.7180555555555554
13,2025-01-10,7.35472202301025,39.0,58.0,,,,4,77.64,1.8497222222222223
13,2025-01-11,6.44999980926514,40.0,67.0,,,,2,191.64,2.7488888888888887
13,2025-01-12,7.25,39.0,70.0,,,,4,209.52,2.6130555555555555
13,2025-01-13,7.09999990463257,43.0,76.0,,,,3,80.65,1.4294444444444445
13,2025-01-14,7.18333339691162,43.0,79.0,,,,6,282.66,3.44
13,2025-01-15,6.65000009536743,41.0,67.0,,,,5,107.91,3.2019444444444445
13,2025-01-16,8.25,41.0,68.0,,,,6,190.29,2.3891666666666667
13,2025-01-17,8.68333339691162,41.0,77.0,,,,5,167.48,3.647222222222222
13,2025-01-18,7.91666650772095,39.0,106.0,,,,2,188.29,2.943888888888889
13,2025-01-19,8.56666660308838,43.0,84.0,,,,4,210.28,2.6858333333333335
13,2025-01-20,6.55000019073486,40.0,79.0,,,,4,184.13,3.8141666666666665
13,2025-01-21,7.68333339691162,40.0,79.0,,,,6,197.86,3.194722222222222
13,2025-01-22,8.38333320617676,39.0,75.0,,,,5,216.97,3.7383333333333333
13,2025-01-23,8.43333339691162,40.0,61.0,,,,7,207.26,3.42
13,2025-01-24,7.93333339691162,42.0,73.0,,,,5,145.28,3.161388888888889
13,2025-01-25,7.86666679382324,42.0,59.0,,,,3,249.06,3.339166666666667
13,2025-01-26,8.26666641235352,40.0,81.0,,,,4,237.5,2.6902777777777778
13,2025-01-27,8.08333301544189,41.0,71.0,,,,3,159.13,1.6219444444444444
13,2025-01-28,7.56666660308838,42.0,64.0,,,,4,175.61,2.609166666666667
13,2025-01-29,7.31666660308838,41.0,81.0,,,,4,137.84,3.1030555555555557
13,2025-01-30,8.14999961853027,37.0,79.0,,,,4,100.09,0.6563888888888889
13,2025-01-31,7.78333330154419,39.0,103.0,,,,3,76.92,0.8016666666666666
13,2025-02-01,8.25,37.0,99.0,,,,4,59.47,0.4152777777777778
13,2025-02-02,5.73333311080933,40.0,64.0,,,,2,148.21,0.9191666666666667
13,2025-02-03,7.66666650772095,41.0,84.0,,,,4,247.68,3.1025
13,2025-02-04,7.69999980926514,41.0,86.0,,,,6,232.15,2.8627777777777776
13,2025-02-05,6.86666679382324,41.0,86.0,,,,5,240.11,3.9419444444444443
13,2025-02-06,8.06666660308838,40.0,85.0,,,,6,225.42,2.352777777777778
13,2025-02-07,7.25,42.0,76.0,,,,3,81.72,2.0455555555555556
13,2025-02-08,7.34999990463257,42.0,79.0,,,,3,219.8,3.953888888888889
13,2025-02-09,7.48333311080933,41.0,89.0,,,,4,211.64,2.2544444444444443
13,2025-02-10,9.25,43.0,89.0,,,,3,157.61,1.7425
13,2025-02-11,7.83333349227905,38.0,77.0,,,,7,161.26,2.5316666666666667
13,2025-02-12,7.20749998092651,40.0,88.0,,,,6,142.9,2.88
13,2025-02-13,7.61666679382324,38.0,94.0,,,,2,0.0,0.0
13,2025-02-14,6.58333349227905,39.0,96.0,,,,4,99.51,1.6280555555555556
13,2025-02-15,8.35000038146973,40.0,87.0,,,,4,72.86,0.8186111111111111
13,2025-02-16,7.98333311080933,37.0,86.0,,,,9,211.98,2.216666666666667
13,2025-02-17,6.40000009536743,40.0,92.0,,,,2,90.16,0.44972222222222225
13,2025-02-18,6.41666650772095,42.0,80.0,,,,5,220.07,3.2463888888888888
13,2025-02-19,7.96666669845581,43.0,82.0,,,,5,101.46,3.355277777777778
13,2025-02-20,7.41666650772095,44.0,85.0,,,,6,287.67,3.3405555555555555
13,2025-02-21,6.66666650772095,42.0,78.0,,,,5,160.72,2.855
13,2025-02-22,8.51666641235352,41.0,91.0,,,,3,213.88,3.4227777777777777
13,2025-02-23,7.56666660308838,41.0,89.0,,,,4,204.98,2.710277777777778
13,2025-02-24,8.63333320617676,41.0,98.0,,,,4,221.59,3.1044444444444443
13,2025-02-25,8.39999961853027,43.0,93.0,,,,6,201.78,2.4683333333333333
13,2025-02-26,7.31666660308838,43.0,87.0,,,,5,266.77,3.8744444444444444
13,2025-02-27,7.90000009536743,40.0,80.0,,,,6,199.61,2.1625
13,2025-02-28,7.80000019073486,42.0,78.0,,,,5,184.4,3.555
13,2025-03-01,6.81666660308838,40.0,78.0,,,,3,289.17,3.508888888888889
13,2025-03-02,7.59999990463257,43.0,88.0,,,,4,235.68,2.5091666666666668
13,2025-03-03,7.51666688919067,41.0,84.0,,,,4,196.6,2.585277777777778
13,2025-03-04,7.88333320617676,43.0,50.0,,,,5,238.4,2.578888888888889
13,2025-03-05,7.90000009536743,43.0,77.0,,,,4,256.31,3.213888888888889
13,2025-03-06,7.23333311080933,40.0,74.0,,,,6,232.17,2.7830555555555554
13,2025-03-07,9.5,40.0,82.0,,,,4,167.48,2.687222222222222
13,2025-03-08,7.34999990463257,43.0,61.0,,,,9,223.33,2.9858333333333333
13,2025-03-09,8.77777767181396,41.0,78.0,,,,4,204.77,4.070277777777778
13,2025-03-10,8.01666641235352,42.0,67.0,,,,4,213.21,3.1558333333333333
13,2025-03-11,7.81666660308838,42.0,68.0,,,,7,237.49,4.117222222222222
13,2025-03-12,8.01666641235352,41.0,76.0,,,,5,186.29,3.957777777777778
13,2025-03-13,7.75,40.0,64.0,,,,6,251.61,2.773888888888889
13,2025-03-14,8.23333358764648,39.0,72.0,,,,5,240.82,3.723888888888889
13,2025-03-15,8.28333377838135,38.0,78.0,,,,3,180.75,2.7083333333333335
13,2025-03-16,7.58333349227905,40.0,91.0,,,,4,210.77,2.6775
13,2025-03-17,8.80000019073486,40.0,87.0,,,,5,94.41,2.4788888888888887
13,2025-03-18,7.63333320617676,42.0,75.0,,,,6,215.52,2.0591666666666666
13,2025-03-19,8.33333301544189,41.0,67.0,,,,4,115.57,2.953888888888889
13,2025-03-20,,44.0,,,,,4,58.73,0.7638888888888888
13,2025-03-21,8.03333377838135,41.0,80.0,,,,4,92.65,1.1052777777777778
13,2025-03-22,7.25,40.0,95.0,,,,5,77.8,1.3997222222222223
13,2025-03-23,7.33333349227905,45.0,86.0,,,,2,139.57,1.0194444444444444
13,2025-03-24,7.30000019073486,42.0,77.0,,,,4,110.25,2.307777777777778
13,2025-03-25,7.90000009536743,43.0,91.0,,,,3,97.82,1.208888888888889
13,2025-03-26,8.89999961853027,40.0,101.0,,,,6,123.27,1.525
13,2025-03-27,8.89999961853027,39.0,99.0,,,,5,64.41,0.9113888888888889
13,2025-03-28,8.85000038146973,38.0,104.0,,,,4,68.51,0.8491666666666666
13,2025-03-29,6.86666679382324,40.0,96.0,,,,2,118.96,0.6908333333333333
13,2025-03-30,5.31666660308838,41.0,83.0,,,,3,220.12,1.7433333333333334
13,2025-03-31,5.15000009536743,44.0,85.0,,,,4,176.81,2.8722222222222222
13,2025-04-01,5.58333349227905,41.0,71.0,,,,10,204.59,2.466666666666667
13,2025-04-02,8.16666698455811,44.0,95.0,,,,3,63.19,1.5294444444444444
13,2025-04-03,6.71666669845581,41.0,99.0,,,,6,287.99,3.091388888888889
13,2025-04-04,5.69999980926514,44.0,93.0,,,,4,117.17,2.7352777777777777
13,2025-04-05,8.23333358764648,43.0,113.0,,,,3,235.38,3.712222222222222
13,2025-04-06,7.75,41.0,114.0,,,,3,210.44,2.18
13,2025-04-07,7.43333339691162,41.0,104.0,,,,3,70.88,1.9302777777777778
13,2025-04-08,8.56666660308838,41.0,105.0,,,,7,324.8,3.6152777777777776
13,2025-04-09,7.68333339691162,39.0,107.0,,,,3,104.09,1.686388888888889
13,2025-04-10,8.01666641235352,37.0,115.0,,,,3,154.05,1.0333333333333334
13,2025-04-11,7.18333339691162,36.0,109.0,,,,4,117.99,1.7302777777777778
13,2025-04-12,7.80000019073486,40.0,92.0,,,,5,69.53,1.1727777777777777
13,2025-04-13,6.55000019073486,39.0,98.0,,,,10,229.51,2.523888888888889
13,2025-04-14,7.4,39.0,93.0,,,,4,103.6,2.629722222222222
13,2025-04-15,7.43333333333333,40.0,101.0,,,,6,306.67,2.9483333333333333
13,2025-04-16,8.26666641235352,39.0,89.0,,,,5,197.11,3.211388888888889
13,2025-04-17,8.39999961853027,40.0,96.0,,,,6,265.47,3.069722222222222
13,2025-04-18,7.06666660308838,40.0,85.0,,,,5,61.53,2.9947222222222223
13,2025-04-19,9.05000019073486,39.0,105.0,,,,3,190.18,3.4588888888888887
13,2025-04-20,7.53333330154419,40.0,112.0,,,,4,323.53,2.6141666666666667
13,2025-04-21,7.78333330154419,38.0,94.0,,,,4,158.77,2.9066666666666667
13,2025-04-22,6.68333339691162,43.0,82.0,,,,4,162.93,2.6069444444444443
13,2025-04-23,7.11666679382324,42.0,75.0,,,,5,215.22,3.5505555555555555
13,2025-04-24,7.88333320617676,43.0,88.0,,,,6,189.88,3.1663888888888887
13,2025-04-25,7.46666669845581,42.0,85.0,,,,5,146.31,3.181388888888889
13,2025-04-26,7.0,45.0,80.0,,,,4,201.43,3.892777777777778
13,2025-04-27,7.65000009536743,45.0,86.0,,,,3,225.5,2.390833333333333
13,2025-04-28,8.10000038146973,45.0,81.0,,,,4,157.22,2.7175
13,2025-04-29,7.03333330154419,46.0,82.0,,,,6,206.25,2.700833333333333
13,2025-04-30,,44.0,,,,,5,105.32,3.3227777777777776
13,2025-05-01,7.68333333333333,47.0,81.0,,,,3,230.0,0.6133333333333333
13,2025-05-02,,73.0,,,,,4,55.37,0.8886111111111111
13,2025-05-03,,124.0,,,,,6,70.88,1.8033333333333332
13,2025-05-04,,78.0,,,,,10,166.47,2.112222222222222
13,2025-05-05,,,,,,,3,88.24,1.4394444444444445
13,2025-05-06,,39.0,,,,,5,189.37,2.241388888888889
13,2025-05-07,7.13333333333333,41.0,80.0,,,,5,119.01,3.9244444444444446
13,2025-05-08,7.41666666666667,41.0,56.0,,,,7,242.69,2.8944444444444444
13,2025-05-09,7.41666666666667,40.0,83.0,,,,5,217.31,3.6766666666666667
13,2025-05-10,7.68333333333333,42.0,91.0,,,,3,168.85,2.6894444444444443
13,2025-05-11,8.18333333333333,41.0,90.0,,,,4,197.17,2.557777777777778
13,2025-05-12,7.45,41.0,85.0,,,,5,157.13,3.362222222222222
13,2025-05-13,7.33333333333333,39.0,96.0,,,,4,157.33,1.87
13,2025-05-14,8.46666666666667,39.0,94.0,,,,4,81.58,2.378888888888889
13,2025-05-15,8.11666666666667,36.0,84.0,,,,4,79.81,1.1633333333333333
13,2025-05-16,8.21666666666667,36.0,92.0,,,,4,72.42,0.905
13,2025-05-17,7.1,36.0,89.0,,,,6,62.46,1.183888888888889
13,2025-05-18,8.05,39.0,92.0,,,,3,245.64,2.015277777777778
13,2025-05-19,7.68333333333333,37.0,81.0,,,,4,154.26,2.220833333333333
13,2025-05-20,8.21666666666667,35.0,94.0,,,,4,178.1,2.3872222222222224
13,2025-05-21,8.91666666666667,39.0,100.0,,,,4,147.47,2.2480555555555557
13,2025-05-22,8.21666666666667,37.0,75.0,,,,4,149.72,2.9747222222222223
13,2025-05-22,,,,,,,4,149.72,2.9747222222222223
13,2025-05-23,8.6,40.0,110.0,,,,4,179.34,2.194166666666667
13,2025-05-24,7.56666666666667,37.0,74.0,,,,3,169.78,3.2675
13,2025-05-25,8.95,37.0,103.0,,,,3,221.8,1.6597222222222223
13,2025-05-26,7.61666666666667,37.0,94.0,,,,4,176.14,3.2091666666666665
13,2025-05-27,7.88333333333333,39.0,96.0,,,,5,140.42,2.5027777777777778
13,2025-05-28,8.61361111111111,39.0,105.0,,,,5,174.75,3.3133333333333335
13,2025-05-29,8.97944444444444,40.0,111.0,,,,6,198.71,3.0194444444444444
13,2025-05-30,7.51666666666667,41.0,103.0,,,,3,46.53,2.125277777777778
13,2025-05-31,7.23333333333333,38.0,99.0,,,,3,95.52,2.3380555555555556
13,2025-06-01,6.56666666666667,39.0,121.0,,,,3,179.13,1.9694444444444446
13,2025-06-02,8.05,38.0,79.0,,,,5,163.3,2.8880555555555554
13,2025-06-03,6.7,39.0,97.0,,,,4,94.53,0.9241666666666667
13,2025-06-04,7.3,38.0,107.0,,,,4,113.21,1.813611111111111
13,2025-06-05,7.0,40.0,108.0,,,,4,126.34,1.4761111111111112
13,2025-06-06,6.26666666666667,39.0,112.0,,,,5,71.78,1.1005555555555555
13,2025-06-07,6.66666666666667,38.0,105.0,,,,4,78.94,0.9166666666666666
13,2025-06-08,4.8,43.0,79.0,,,,2,1.54,0.23222222222222222
13,2025-06-09,4.85,39.0,63.0,,,,2,82.5,1.5527777777777778
13,2025-06-10,7.55,39.0,56.0,,,,4,174.28,3.5233333333333334
13,2025-06-11,4.91666666666667,39.0,95.0,,,,3,157.18,3.2247222222222223
13,2025-06-12,6.6,40.0,101.0,,,,4,206.25,3.6077777777777778
13,2025-06-13,8.55,39.0,110.0,,,,8,486.67,6.485555555555556
13,2025-06-14,7.66666666666667,40.0,111.0,,,,2,253.86,3.5194444444444444
13,2025-06-15,8.08333333333333,41.0,101.0,,,,2,238.35,2.0044444444444443
13,2025-06-16,7.01666666666667,39.0,83.0,,,,3,198.31,2.671388888888889
13,2025-06-17,8.43333333333333,38.0,124.0,,,,5,180.04,2.695
13,2025-06-18,7.28333333333333,39.0,108.0,,,,3,135.06,3.4025
13,2025-06-19,8.23333333333333,38.0,98.0,,,,5,291.19,3.9325
13,2025-06-20,6.76666666666667,40.0,103.0,,,,3,204.99,2.8452777777777776
13,2025-06-21,8.01666666666667,39.0,102.0,,,,2,346.71,4.265555555555555
13,2025-06-22,8.23333333333333,37.0,95.0,,,,2,311.13,2.295
13,2025-06-23,7.01666666666667,39.0,90.0,,,,5,312.05,5.125
13,2025-06-24,8.0,39.0,94.0,,,,7,228.45,3.201111111111111
13,2025-06-25,7.36666666666667,37.0,74.0,,,,4,140.73,3.2180555555555554
13,2025-06-26,7.15388888888889,37.0,88.0,,,,7,320.96,4.049722222222222
13,2025-06-27,8.43333333333333,38.0,101.0,,,,4,194.97,3.109166666666667
13,2025-06-28,7.16666666666667,39.0,91.0,,,,3,313.22,3.743888888888889
13,2025-06-29,8.05,42.0,89.0,,,,3,325.94,2.382222222222222
13,2025-06-30,7.48333333333333,42.0,91.0,,,,4,231.33,3.355
13,2025-07-01,7.85,41.0,94.0,,,,7,206.45,2.120833333333333
13,2025-07-02,8.3,40.0,93.0,,,,5,134.43,4.473055555555556
13,2025-07-03,,39.0,,,,,7,219.27,3.1502777777777777
13,2025-07-04,7.65,37.0,104.0,,,,4,182.8,2.1752777777777776
13,2025-07-05,8.15,40.0,96.0,,,,3,277.49,3.9491666666666667
13,2025-07-06,7.43333333333333,40.0,96.0,,,,3,188.64,1.4341666666666666
13,2025-07-07,8.0,39.0,98.0,,,,3,181.04,2.1966666666666668
13,2025-07-08,8.43861111111111,40.0,94.0,,,,5,157.1,2.3641666666666667
13,2025-07-09,4.18333333333333,41.0,102.0,,,,1,0.0,0.0
13,2025-07-10,8.4,40.0,82.0,,,,3,90.08,1.3711111111111112
13,2025-07-11,8.93333333333333,39.0,114.0,,,,4,70.14,1.3691666666666666
13,2025-07-12,8.26666666666667,40.0,100.0,,,,4,86.04,0.9997222222222222
13,2025-07-13,7.73333333333333,40.0,98.0,,,,2,182.93,1.4019444444444444
13,2025-07-14,6.95,40.0,94.0,,,,3,66.52,2.638333333333333
13,2025-07-15,6.66666666666667,41.0,86.0,,,,5,260.51,3.9480555555555554
13,2025-07-16,7.96666666666667,40.0,91.0,,,,3,224.05,2.8266666666666667
13,2025-07-17,7.25,41.0,98.0,,,,4,238.45,2.3344444444444443
13,2025-07-18,7.91666666666667,38.0,95.0,,,,3,143.2,2.3761111111111113
13,2025-07-19,5.85,40.0,95.0,,,,2,268.03,4.006944444444445
13,2025-07-20,8.87333333333333,41.0,99.0,,,,2,330.72,2.681388888888889
13,2025-07-21,7.31666666666667,42.0,91.0,,,,3,224.92,3.3713888888888888
13,2025-07-22,8.23333333333333,40.0,96.0,,,,6,198.66,2.6505555555555556
13,2025-07-23,7.16666666666667,39.0,96.0,,,,4,210.65,3.915277777777778
13,2025-07-24,6.93333333333333,39.0,96.0,,,,6,308.04,3.3647222222222224
13,2025-07-25,8.26666666666667,40.0,104.0,,,,3,102.01,2.258611111111111
13,2025-07-26,6.98333333333333,37.0,86.0,,,,2,186.33,3.4080555555555554
13,2025-07-27,8.25,40.0,94.0,,,,2,194.18,1.351388888888889
13,2025-07-28,8.48333333333333,40.0,90.0,,,,4,193.35,3.151111111111111
13,2025-07-29,7.06666666666667,37.0,94.0,,,,5,176.88,2.3422222222222224
13,2025-07-30,8.18333333333333,41.0,93.0,,,,3,97.95,2.2080555555555557
13,2025-07-31,8.3,40.0,98.0,,,,2,78.06,0.8055555555555556
13,2025-08-01,8.2,38.0,108.0,,,,3,45.09,0.9333333333333333
13,2025-08-02,6.63333333333333,39.0,91.0,,,,10,247.79,2.3472222222222223
13,2025-08-03,5.1,38.0,80.0,,,,10,112.85,1.3219444444444444
13,2025-08-04,6.51666666666667,39.0,91.0,,,,3,109.44,3.287777777777778
13,2025-08-05,7.01666666666667,40.0,100.0,,,,6,213.98,2.8725
13,2025-08-06,8.28333333333333,43.0,88.0,,,,3,170.21,2.5572222222222223
13,2025-08-07,8.15,41.0,89.0,,,,5,198.43,2.2583333333333333
13,2025-08-08,7.25,43.0,92.0,,,,3,185.37,2.3980555555555556
13,2025-08-09,8.16666666666667,41.0,85.0,,,,3,368.55,4.124722222222222
13,2025-08-10,7.25,42.0,84.0,,,,2,261.91,2.073888888888889
13,2025-08-11,7.68333333333333,40.0,83.0,,,,3,222.36,3.1902777777777778
13,2025-08-12,8.15,37.0,105.0,,,,6,225.31,3.1275
13,2025-08-13,7.98333333333333,42.0,90.0,,,,4,202.67,3.488888888888889
13,2025-08-14,7.51666666666667,40.0,82.0,,,,5,211.46,2.4047222222222224
13,2025-08-15,7.63333333333333,38.0,90.0,,,,4,140.84,2.81
13,2025-08-16,8.58333333333333,40.0,89.0,,,,2,119.47,0.7202777777777778
13,2025-08-17,4.71666666666667,40.0,104.0,,,,1,62.43,0.35777777777777775
13,2025-08-18,9.11666666666667,39.0,76.0,,,,4,30.3,1.2152777777777777
13,2025-08-19,7.68333333333333,38.0,100.0,,,,5,64.77,1.175
13,2025-08-20,8.08333333333333,37.0,105.0,,,,7,109.83,2.815
13,2025-08-21,6.51666666666667,38.0,90.0,,,,5,82.1,1.0522222222222222
13,2025-08-22,8.15,36.0,90.0,,,,5,64.14,0.7997222222222222
13,2025-08-23,4.85,36.0,96.0,,,,2,30.38,0.4375
13,2025-08-24,,39.0,,,,,2,69.71,0.49972222222222223
13,2025-08-25,7.58333333333333,39.0,88.0,,,,5,156.8,2.8555555555555556
13,2025-08-26,6.05,36.0,104.0,,,,5,150.73,1.775
13,2025-08-27,7.53333333333333,41.0,102.0,,,,4,155.29,3.1769444444444446
13,2025-08-28,8.1,40.0,110.0,,,,4,1194.07,4.791666666666667
13,2025-08-29,8.1,42.0,100.0,,,,6,251.4,3.4994444444444444
13,2025-08-30,8.13333333333333,40.0,98.0,,,,2,355.13,4.374444444444444
13,2025-08-31,5.5,43.0,83.0,,,,2,246.96,1.8552777777777778
13,2025-09-01,7.81666666666667,40.0,91.0,,,,3,179.21,2.7558333333333334
13,2025-09-02,7.21666666666667,40.0,96.0,,,,5,206.12,2.305833333333333
13,2025-09-03,7.53333333333333,39.0,84.0,,,,3,131.51,2.6572222222222224
13,2025-09-04,9.25,38.0,95.0,,,,4,194.55,2.4630555555555556
13,2025-09-05,6.66666666666667,40.0,87.0,,,,7,274.21,2.703888888888889
13,2025-09-06,8.28333333333333,40.0,97.0,,,,2,277.57,4.511111111111111
13,2025-09-07,8.23333333333333,38.0,100.0,,,,2,223.96,1.715
13,2025-09-08,8.03333333333333,39.0,83.0,,,,2,117.13,2.1130555555555555
13,2025-09-09,7.86666666666667,40.0,82.0,,,,1,114.27,0.7591666666666667
13,2025-09-10,6.36666666666667,43.0,74.0,,,,6,183.13,2.3713888888888888
13,2025-09-11,5.85,44.0,61.0,,,,3,184.2,4.6875
13,2025-09-12,5.61666666666667,44.0,70.0,,,,3,172.41,4.179166666666666
13,2025-09-13,8.98333333333333,45.0,76.0,,,,2,118.59,1.9413888888888888
13,2025-09-14,9.25,45.0,85.0,,,,2,304.49,1.6741666666666666
13,2025-09-15,7.8,42.0,101.0,,,,4,352.06,3.9630555555555556
13,2025-09-16,7.73333333333333,44.0,89.0,,,,4,154.61,2.4163888888888887
13,2025-09-17,7.66666666666667,42.0,87.0,,,,4,196.88,2.463611111111111
13,2025-09-18,,48.0,,,,,5,324.14,4.3502777777777775
13,2025-09-19,7.68333333333333,43.0,95.0,,,,3,259.53,3.061111111111111
13,2025-09-20,7.3,38.0,104.0,,,,3,163.14,3.0147222222222223
13,2025-09-21,7.28333333333333,38.0,111.0,,,,2,279.09,3.9830555555555556
13,2025-09-22,7.8,40.0,111.0,,,,3,162.17,2.8944444444444444
13,2025-09-23,8.28333333333333,41.0,111.0,,,,5,188.55,2.405
13,2025-09-24,8.68333333333333,39.0,109.0,,,,4,251.54,3.4030555555555555
13,2025-09-25,6.5,39.0,110.0,,,,5,201.94,2.7827777777777776
13,2025-09-26,8.23333333333333,40.0,105.0,,,,4,75.68,3.156111111111111
13,2025-09-27,7.31666666666667,39.0,124.0,,,,2,30.38,5.4375
13,2025-09-28,7.15,43.0,96.0,,,,3,57.87,1.5
13,2025-09-29,7.11666666666667,40.0,102.0,,,,3,210.48,2.6108333333333333
13,2025-09-30,8.13333333333333,39.0,108.0,,,,5,250.26,3.234166666666667
13,2025-10-01,6.4,39.0,100.0,,,,3,189.3,2.5411111111111113
13,2025-10-02,7.85,40.0,108.0,,,,6,174.24,2.9583333333333335
13,2025-10-03,6.4,41.0,100.0,,,,4,158.52,3.1727777777777777
13,2025-10-04,6.96666666666667,41.0,97.0,,,,2,192.95,3.401388888888889
13,2025-10-05,7.28333333333333,40.0,100.0,,,,2,18.31,1.8169444444444445
13,2025-10-06,6.85,38.0,90.0,,,,3,130.87,1.9736111111111112
13,2025-10-07,,39.0,,,,,2,59.11,0.9180555555555555
13,2025-10-08,7.15,40.0,109.0,,,,3,137.9,1.4477777777777778
13,2025-10-09,8.43333333333333,40.0,99.0,,,,7,196.56,2.94
13,2025-10-10,8.65,38.0,103.0,,,,3,122.94,2.2330555555555556
13,2025-10-11,7.86666666666667,38.0,108.0,,,,3,234.63,4.106111111111111
13,2025-10-12,8.03333333333333,37.0,116.0,,,,6,188.47,3.1822222222222223
13,2025-10-13,8.01666666666667,37.0,105.0,,,,3,108.91,1.396388888888889
13,2025-10-14,9.0,35.0,104.0,,,,3,101.48,1.2097222222222221
13,2025-10-15,7.7,37.0,108.0,,,,3,63.37,0.9763888888888889
13,2025-10-16,8.88333333333333,37.0,121.0,,,,4,79.11,1.3377777777777777
13,2025-10-17,7.88333333333333,37.0,121.0,,,,4,44.6,0.9905555555555555
13,2025-10-18,,41.0,,,,,2,18.0,0.23916666666666667
13,2025-10-19,2.86666666666667,39.0,84.0,,,,4,175.68,2.3627777777777776
13,2025-10-20,11.3833333333333,36.0,78.0,,,,3,197.97,2.9358333333333335
13,2025-10-21,8.6,37.0,89.0,,,,3,255.02,2.2894444444444444
13,2025-10-22,6.4,35.0,87.0,,,,3,61.06,1.8
13,2025-10-23,,36.0,,,,,3,114.84,1.6080555555555556
13,2025-10-24,8.9,37.0,64.0,,,,4,65.93,1.5686111111111112
13,2025-10-25,9.2,36.0,118.0,,,,2,53.48,0.5630555555555555
13,2025-10-26,8.8,37.0,110.0,,,,5,116.39,1.0805555555555555
13,2025-10-27,5.11666666666667,38.0,85.0,,,,2,96.75,0.9016666666666666
13,2025-10-28,7.38333333333333,38.0,100.0,,,,3,30.96,2.4375
13,2025-10-29,8.68333333333333,38.0,87.0,,,,3,77.47,0.0
13,2025-10-30,9.08333333333333,36.0,118.0,,,,5,142.77,1.991111111111111
13,2025-10-31,8.11666666666667,36.0,111.0,,,,3,107.82,1.7777777777777777
13,2025-11-01,8.36666666666667,38.0,116.0,,,,3,50.28,0.9105555555555556
13,2025-11-02,6.75,39.0,117.0,,,,4,107.99,1.1333333333333333
13,2025-11-03,7.2,36.0,103.0,,,,1,73.64,0.49444444444444446
13,2025-11-04,7.43333333333333,36.0,106.0,,,,4,138.84,2.149722222222222
13,2025-11-05,7.83333333333333,38.0,111.0,,,,5,241.92,2.4891666666666667
13,2025-11-06,7.6,37.0,109.0,,,,3,181.33,2.308333333333333
13,2025-11-07,7.36666666666667,36.0,106.0,,,,6,119.14,1.8555555555555556
13,2025-11-08,7.53333333333333,38.0,107.0,,,,3,81.71,1.1994444444444445
13,2025-11-09,7.53333333333333,36.0,108.0,,,,2,163.3,1.2419444444444445
13,2025-11-10,7.01666666666667,38.0,119.0,,,,2,101.5,1.2194444444444446
13,2025-11-11,7.79888888888889,39.0,111.0,,,,2,115.94,1.3377777777777777
13,2025-11-12,8.95,37.0,110.0,,,,4,198.41,3.375277777777778
13,2025-11-13,8.09777777777778,37.0,112.0,,,,4,94.29,1.4652777777777777
13,2025-11-14,8.5,38.0,117.0,,,,3,104.34,1.1669444444444443
13,2025-11-15,8.11666666666667,36.0,111.0,,,,3,44.7,0.6869444444444445
13,2025-11-16,8.23333333333333,38.0,115.0,,,,4,75.17,0.9847222222222223
13,2025-11-17,,,,,,,1,0.0,0.0
13,2025-11-18,,,,,,,1,0.0,0.0
13,2025-11-19,,,,,,,1,0.0,0.0
13,2025-11-20,,42.0,,,,,1,0.0,0.0
13,2025-11-21,,,,,,,1,0.0,0.0
13,2025-11-22,,43.0,,,,,2,61.69,0.57
13,2025-11-23,,,,,,,1,0.0,0.0
13,2025-11-24,,41.0,,,,,3,200.82,2.772777777777778
13,2025-11-25,8.78333333333333,41.0,89.0,,,,5,185.73,3.8627777777777776
13,2025-11-26,7.9,41.0,91.0,,,,3,96.44,2.243888888888889
13,2025-11-27,6.98333333333333,42.0,85.0,,,,5,246.51,4.282777777777778
13,2025-11-28,8.11666666666667,41.0,88.0,,,,4,191.46,3.4522222222222223
13,2025-11-29,,43.0,,,,,2,184.3,2.015833333333333
13,2025-11-30,9.2,39.0,88.0,,,,3,181.66,4.042222222222223
13,2025-12-01,8.13333333333333,39.0,100.0,,,,3,134.19,2.5772222222222223
13,2025-12-02,6.3,38.0,98.0,,,,3,132.97,2.5955555555555554
13,2025-12-03,9.46666666666667,39.0,108.0,,,,5,190.26,3.1908333333333334
13,2025-12-04,8.28333333333333,41.0,92.0,,,,5,264.99,4.058888888888889
13,2025-12-05,8.43333333333333,41.0,100.0,,,,4,185.43,3.2552777777777777
13,2025-12-06,8.88333333333333,41.0,99.0,,,,2,185.09,3.5191666666666666
13,2025-12-07,8.11666666666667,37.0,104.0,,,,3,210.14,2.756666666666667
13,2025-12-08,8.01666666666667,36.0,78.0,,,,3,176.51,2.7447222222222223
13,2025-12-09,7.26666666666667,38.0,97.0,,,,3,107.73,3.1494444444444443
13,2025-12-10,7.38333333333333,34.0,87.0,,,,4,180.7,3.28
13,2025-12-11,8.36666666666667,37.0,102.0,,,,3,254.0,3.6886111111111113
13,2025-12-12,6.6,36.0,103.0,,,,4,188.26,3.571111111111111
13,2025-12-13,7.43333333333333,37.0,107.0,,,,2,204.46,3.444166666666667
13,2025-12-14,7.6,36.0,110.0,,,,3,79.06,2.4680555555555554
13,2025-12-15,6.65,36.0,97.0,,,,2,111.39,2.2483333333333335
13,2025-12-16,,40.0,,,,,4,168.33,3.825277777777778
13,2025-12-17,8.31666666666667,37.0,107.0,,,,6,337.6,4.043611111111111
13,2025-12-18,7.28333333333333,39.0,96.0,,,,3,94.01,2.6030555555555557
13,2025-12-19,8.33333333333333,38.0,100.0,,,,6,310.72,4.8438888888888885
13,2025-12-20,8.03333333333333,38.0,95.0,,,,2,270.52,3.6430555555555557
13,2025-12-21,7.85,38.0,99.0,,,,4,292.69,3.131111111111111
13,2025-12-22,7.28333333333333,35.0,81.0,,,,3,162.46,2.8986111111111112
13,2025-12-23,,38.0,,,,,4,264.81,2.939722222222222
13,2025-12-24,8.15,38.0,108.0,,,,4,223.62,3.0919444444444446
13,2025-12-25,0.816666666666667,,25.0,,,,3,200.86,2.4
13,2025-12-26,7.8,,126.0,,,,3,240.57,2.9980555555555557
13,2025-12-27,6.18333333333333,,104.0,,,,3,321.83,4.578333333333333
13,2025-12-28,7.55,,140.0,,,,2,318.94,2.6191666666666666
13,2025-12-29,0.783333333333333,,44.0,,,,3,199.61,2.9466666666666668
13,2025-12-30,7.71666666666667,,112.0,,,,3,253.04,3.1030555555555557
13,2025-12-31,9.3,,140.0,,,,3,271.2,3.339166666666667
13,2026-01-01,6.4,,141.0,,,,3,254.75,3.0808333333333335
13,2026-01-02,7.88333333333333,,135.0,,,,2,264.36,2.4266666666666667
13,2026-01-03,,35.0,,,,,3,328.25,4.155277777777778
13,2026-01-04,,35.0,,,,,2,317.91,1.96
13,2026-01-05,,34.0,,,,,4,216.19,3.311111111111111
13,2026-01-06,,37.0,,,,,3,246.81,2.888888888888889
13,2026-01-07,8.6,37.0,125.0,,,,4,296.94,4.195555555555556
13,2026-01-08,8.76666666666667,38.0,112.0,,,,3,211.05,1.055
13,2026-01-09,6.7,38.0,114.0,,,,4,0.0,0.0
13,2026-01-10,7.33333333333333,37.0,121.0,,,,2,264.51,3.9386111111111113
13,2026-01-11,7.58333333333333,38.0,120.0,,,,2,297.86,1.7480555555555555
13,2026-01-12,8.95,38.0,112.0,,,,3,245.86,3.464166666666667
13,2026-01-13,8.58333333333333,39.0,125.0,,,,3,267.92,3.1036111111111113
13,2026-01-14,7.5,38.0,123.0,,,,5,216.0,4.893888888888889
13,2026-01-15,8.31666666666667,37.0,117.0,,,,3,280.2,3.338611111111111
13,2026-01-16,6.35,37.0,102.0,,,,4,287.58,1.9227777777777777
13,2026-01-17,7.31666666666667,35.0,99.0,,,,2,388.27,4.870277777777778
13,2026-01-18,7.7,39.0,83.0,,,,3,285.85,1.9111111111111112
13,2026-01-19,8.63,40.0,117.0,,,,4,193.65,3.3555555555555556
13,2026-01-20,7.73333333333333,41.0,104.0,,,,4,153.9,1.6144444444444443
13,2026-01-21,7.48333333333333,41.0,102.0,,,,5,266.52,3.968611111111111
13,2026-01-22,8.28333333333333,42.0,108.0,,,,5,215.0,2.6358333333333333
13,2026-01-23,7.01666666666667,43.0,96.0,,,,6,242.55,2.5180555555555557
13,2026-01-24,8.08333333333333,39.0,107.0,,,,2,312.78,4.4030555555555555
13,2026-01-25,8.21666666666667,42.0,103.0,,,,3,278.66,2.3891666666666667
13,2026-01-26,7.13333333333333,39.0,100.0,,,,3,188.12,3.1347222222222224
13,2026-01-27,8.51666666666667,41.0,112.0,,,,5,155.97,3.2594444444444446
13,2026-01-28,7.55,39.0,120.0,,,,4,225.17,4.327222222222222
13,2026-01-29,7.71666666666667,42.0,126.0,,,,5,298.63,3.5236111111111112
13,2026-01-30,7.99083333333333,42.0,101.0,,,,4,198.53,4.079444444444444
13,2026-01-31,7.1825,41.0,100.0,,,,3,297.12,4.900833333333333
13,2026-02-01,8.7,40.0,103.0,,,,4,392.92,6.935277777777777
13,2026-02-02,8.01666666666667,40.0,113.0,,,,3,97.29,3.0830555555555557
13,2026-02-03,8.01666666666667,42.0,99.0,,,,4,235.76,2.8405555555555555
13,2026-02-04,8.01666666666667,43.0,95.0,,,,4,217.74,4.588611111111111
13,2026-02-05,8.13333333333333,42.0,98.0,,,,5,246.11,3.891111111111111
13,2026-02-06,7.31666666666667,43.0,93.0,,,,4,83.88,4.1066666666666665
13,2026-02-07,7.38333333333333,39.0,104.0,,,,3,109.94,3.31
13,2026-02-08,8.71666666666667,39.0,110.0,,,,2,110.07,1.6805555555555556
13,2026-02-09,,41.0,,,,,1,30.38,0.4375
13,2026-02-10,2.78333333333333,41.0,89.0,,,,3,129.49,2.2688888888888887
13,2026-02-11,7.9,40.0,105.0,,,,4,86.95,2.602777777777778
13,2026-02-12,,45.0,,,,,3,57.63,0.9605555555555556
13,2026-02-13,7.76666666666667,41.0,98.0,,,,4,163.04,1.221111111111111
13,2026-02-14,7.03333333333333,40.0,98.0,,,,1,0.0,0.0
13,2026-02-15,6.99138888888889,40.0,92.0,,,,2,101.15,2.093611111111111
13,2026-02-16,6.6,44.0,85.0,,,,4,220.94,3.172222222222222
13,2026-02-17,7.83333333333333,43.0,86.0,,,,4,218.29,2.94
13,2026-02-18,8.45,44.0,88.0,,,,4,81.05,3.5755555555555554
13,2026-02-19,9.25,42.0,92.0,,,,5,274.23,3.068611111111111
13,2026-02-20,7.96666666666667,39.0,98.0,,,,5,225.58,3.4277777777777776
13,2026-02-21,8.8,38.0,109.0,,,,2,318.51,4.305833333333333
13,2026-02-22,8.53333333333333,36.0,116.0,,,,3,279.37,3.0225
13,2026-02-23,8.83333333333333,36.0,109.0,,,,3,208.66,3.0425
13,2026-02-24,8.71666666666667,36.0,94.0,,,,5,219.71,2.8338888888888887
13,2026-02-25,7.48333333333333,36.0,115.0,,,,4,169.55,3.806111111111111
13,2026-02-26,6.95,37.0,126.0,,,,6,367.73,4.731388888888889
13,2026-02-27,7.26666666666667,37.0,100.0,,,,5,231.54,3.7952777777777778
13,2026-02-28,8.05,39.0,109.0,,,,2,203.2,3.4730555555555553
13,2026-03-01,6.11666666666667,41.0,109.0,,,,3,227.83,2.638333333333333
13,2026-03-02,8.13333333333333,41.0,90.0,,,,3,144.76,2.1555555555555554
13,2026-03-03,7.01666666666667,37.0,111.0,,,,3,147.77,2.379722222222222
13,2026-03-04,8.51666666666667,37.0,117.0,,,,5,182.09,1.9352777777777779
13,2026-03-05,7.95,39.0,108.0,,,,2,95.82,1.2980555555555555
13,2026-03-06,7.75,38.0,103.0,,,,3,70.46,0.8386111111111111
13,2026-03-07,7.36666666666667,39.0,109.0,,,,5,175.97,1.2566666666666666
13,2026-03-08,5.96666666666667,38.0,101.0,,,,1,116.49,0.7188888888888889
13,2026-03-09,8.73333333333333,38.0,91.0,,,,3,144.67,3.212222222222222
13,2026-03-10,8.01666666666667,40.0,92.0,,,,6,230.35,3.265
13,2026-03-11,8.66666666666667,40.0,89.0,,,,4,261.01,3.7933333333333334
13,2026-03-12,8.46666666666667,38.0,99.0,,,,5,213.44,3.5183333333333335
13,2026-03-13,9.01666666666667,38.0,110.0,,,,5,168.48,3.701388888888889
13,2026-03-14,7.43333333333333,37.0,111.0,,,,2,170.29,2.001388888888889
13,2026-03-15,,39.0,,,,,1,0.0,0.0
13,2026-03-16,5.7,41.0,133.0,,,,3,114.35,1.7722222222222221
13,2026-03-17,,43.0,,,,,3,180.9,1.8941666666666668
13,2026-03-18,8.81666666666667,39.0,106.0,,,,5,144.67,1.573611111111111
13,2026-03-19,8.16666666666667,38.0,103.0,,,,3,73.7,1.5569444444444445
13,2026-03-20,7.25,37.0,109.0,,,,3,59.7,1.0963888888888889
13,2026-03-21,6.88333333333333,39.0,112.0,,,,5,169.51,1.346111111111111
13,2026-03-22,7.7,41.0,90.0,,,,1,8.36,0.058055555555555555
13,2026-03-23,,43.0,,,,,2,134.6,1.3966666666666667
18,2024-12-30,,,,,,,1,0.0,0.0
18,2025-01-04,,,,,,,2,0.0,0.5116666666666667
18,2025-01-05,,,,,,,1,0.0,0.24861111111111112
18,2025-01-06,,,,,,,2,0.0,0.3386111111111111
18,2025-01-13,,,,,,,3,0.0,1.7430555555555556
18,2025-01-14,,,,,,,3,0.0,1.7841666666666667
18,2025-01-15,,,,,,,2,0.0,0.8083333333333333
18,2025-01-16,,,,,,,2,0.0,1.7794444444444444
18,2025-01-17,,,,,,,2,0.0,2.0905555555555555
18,2025-01-20,,,,,,,12,0.0,8.175833333333333
18,2025-01-21,,,,,,,6,0.0,7.715833333333333
18,2025-01-24,,,,,,,5,0.0,2.390277777777778
18,2025-01-25,,,,,,,5,0.0,3.783888888888889
18,2025-01-26,,,,,,,2,0.0,0.6666666666666666
18,2025-01-27,,,,,,,1,0.0,0.0
18,2025-01-29,,,,,,,5,0.0,2.1486111111111112
18,2025-01-30,,,,,,,4,0.0,5.895833333333333
18,2025-01-31,,,,,,,2,0.0,2.1261111111111113
18,2025-02-02,,,,,,,2,0.0,1.6711111111111112
18,2025-02-03,,,,,,,2,0.0,0.6772222222222222
18,2025-02-04,,,,,,,1,0.0,0.8511111111111112
18,2025-02-05,,,,,,,1,0.0,0.7588888888888888
18,2025-02-06,,,,,,,1,0.0,1.5330555555555556
18,2025-02-10,,,,,,,1,0.0,0.0
18,2025-02-17,,,,,,,1,0.0,0.0
18,2025-02-19,,,,,,,1,0.0,0.7663888888888889
18,2025-02-24,,,,,,,1,0.0,0.0
18,2025-02-25,,,,,,,2,0.0,0.8830555555555556
18,2025-02-28,,,,,,,3,0.0,1.2166666666666666
18,2025-03-03,,,,,,,3,0.0,2.1058333333333334
18,2025-03-04,,,,,,,7,0.0,6.226944444444444
18,2025-03-05,,,,,,,2,0.0,1.9244444444444444
18,2025-03-06,,,,,,,2,0.0,1.605
18,2025-03-07,,,,,,,3,0.0,2.7641666666666667
18,2025-03-08,,,,,,,3,0.0,2.7655555555555558
18,2025-03-10,,,,,,,3,0.0,1.1527777777777777
18,2025-03-11,,,,,,,2,0.0,1.3280555555555555
18,2025-03-12,,,,,,,2,0.0,1.5122222222222221
18,2025-03-13,,,,,,,1,0.0,0.8458333333333333
18,2025-03-14,,,,,,,2,0.0,1.2225
18,2025-03-17,,,,,,,1,0.0,0.9305555555555556
18,2025-03-18,,,,,,,1,0.0,0.9325
18,2025-03-19,,,,,,,11,0.0,9.79888888888889
18,2025-03-20,,,,,,,15,0.0,18.566111111111113
18,2025-03-21,,,,,,,2,0.0,3.0416666666666665
18,2025-03-25,,,,,,,1,0.0,0.8308333333333333
18,2025-03-26,,,,,,,3,0.0,2.8794444444444443
18,2025-03-27,,,,,,,3,0.0,2.3558333333333334
18,2025-03-29,,,,,,,3,0.0,1.5
18,2025-03-31,,,,,,,3,0.0,2.546666666666667
18,2025-04-01,,,,,,,7,0.0,6.8025
18,2025-04-02,,,,,,,9,0.0,9.881944444444445
18,2025-04-03,,,,,,,4,0.0,4.549444444444444
18,2025-04-04,,,,,,,1,0.0,0.92
18,2025-04-07,,,,,,,4,0.0,6.046944444444445
18,2025-04-08,,,,,,,5,0.0,5.0152777777777775
18,2025-04-09,,,,,,,3,0.0,2.191666666666667
18,2025-04-10,,,,,,,4,0.0,4.383611111111111
18,2025-04-14,,,,,,,5,0.0,4.791111111111111
18,2025-04-15,,,,,,,1,0.0,1.2675
18,2025-04-22,,,,,,,1,0.0,0.9977777777777778
18,2025-04-28,,,,,,,1,0.0,0.7297222222222223
18,2025-05-01,,,,,,,1,0.0,0.8369444444444445
18,2025-05-02,,,,,,,3,0.0,2.5108333333333333
18,2025-05-03,,,,,,,2,0.0,1.8330555555555557
18,2025-05-06,,,,,,,2,0.0,1.8372222222222223
18,2025-05-07,,,,,,,1,0.0,0.7236111111111111
18,2025-05-08,,,,,,,5,0.0,5.389722222222222
18,2025-05-09,,,,,,,2,0.0,1.6677777777777778
18,2025-05-10,,,,,,,1,0.0,1.861388888888889
18,2025-05-11,,,,,,,1,0.0,0.6147222222222222
18,2025-05-12,,,,,,,2,0.0,1.2094444444444445
18,2025-05-13,,,,,,,2,0.0,2.3355555555555556
18,2025-05-14,,,,,,,2,0.0,2.3405555555555555
18,2025-05-15,,,,,,,1,0.0,1.698888888888889
18,2025-05-16,,,,,,,3,0.0,2.2625
18,2025-05-17,,,,,,,2,0.0,1.6316666666666666
18,2025-05-18,,,,,,,1,0.0,0.6230555555555556
18,2025-05-19,,,,,,,4,0.0,5.062222222222222
18,2025-05-20,,,,,,,3,0.0,4.1875
18,2025-05-21,,,,,,,6,0.0,5.418888888888889
18,2025-05-22,,,,,,,4,0.0,4.755
18,2025-05-23,,,,,,,4,0.0,3.5952777777777776
18,2025-05-24,,,,,,,8,0.0,4.063055555555556
18,2025-05-25,,,,,,,1,0.0,1.9452777777777779
18,2025-05-26,,,,,,,4,0.0,3.823888888888889
18,2025-05-27,,,,,,,5,0.0,4.063611111111111
18,2025-05-28,,,,,,,5,0.0,4.383611111111111
18,2025-05-29,,,,,,,1,0.0,0.7025
18,2025-05-30,,,,,,,3,0.0,2.5855555555555556
18,2025-05-31,,,,,,,4,0.0,1.3944444444444444
18,2025-06-01,,,,,,,1,0.0,3.0741666666666667
18,2025-06-02,,,,,,,3,0.0,1.5894444444444444
18,2025-06-03,,,,,,,8,0.0,10.345
18,2025-06-04,,,,,,,3,0.0,3.1275
18,2025-06-07,,,,,,,1,0.0,0.25416666666666665
18,2025-06-09,,,,,,,1,0.0,0.5983333333333334
18,2025-06-10,,,,,,,2,0.0,2.3575
18,2025-06-11,,,,,,,1,0.0,1.0066666666666666
18,2025-06-12,,,,,,,2,0.0,0.9888888888888889
18,2025-06-13,,,,,,,1,0.0,1.2625
18,2025-06-15,,,,,,,2,0.0,3.0355555555555553
18,2025-06-16,,,,,,,2,0.0,1.886388888888889
18,2025-06-17,,,,,,,2,0.0,1.28
18,2025-06-18,,,,,,,1,0.0,0.9233333333333333
18,2025-06-19,,,,,,,1,0.0,1.0052777777777777
18,2025-06-20,,,,,,,2,0.0,1.3819444444444444
18,2025-06-21,,,,,,,1,0.0,0.8344444444444444
18,2025-06-22,,,,,,,1,0.0,1.5033333333333334
18,2025-06-23,,,,,,,3,0.0,1.0705555555555555
18,2025-06-25,,,,,,,1,0.0,1.0422222222222222
18,2025-06-26,,,,,,,2,0.0,1.9275
18,2025-06-27,,,,,,,1,0.0,0.67
18,2025-06-28,,,,,,,1,0.0,0.7311111111111112
18,2025-06-29,,,,,,,2,0.0,2.1277777777777778
18,2025-06-30,,,,,,,3,0.0,1.7433333333333334
18,2025-07-01,,,,,,,1,0.0,0.6516666666666666
18,2025-07-02,,,,,,,1,0.0,1.0641666666666667
18,2025-07-03,,,,,,,2,0.0,2.3266666666666667
18,2025-07-04,,,,,,,2,0.0,1.976388888888889
18,2025-07-05,,,,,,,1,0.0,0.8219444444444445
18,2025-07-06,,,,,,,2,0.0,2.99
18,2025-07-07,,,,,,,1,0.0,0.7675
18,2025-07-08,,,,,,,2,0.0,1.9713888888888889
18,2025-07-09,,,,,,,1,0.0,1.0952777777777778
18,2025-07-10,,,,,,,1,0.0,1.1458333333333333
18,2025-07-12,,,,,,,1,0.0,0.48138888888888887
18,2025-07-14,,,,,,,2,0.0,2.3933333333333335
18,2025-07-15,,,,,,,2,0.0,2.7344444444444442
18,2025-07-16,,,,,,,1,0.0,1.4491666666666667
18,2025-07-17,,,,,,,1,0.0,1.6027777777777779
18,2025-07-18,,,,,,,1,0.0,1.2419444444444445
18,2025-07-19,,,,,,,1,0.0,1.0438888888888889
18,2025-07-20,,,,,,,2,0.0,2.7680555555555557
18,2025-07-21,,,,,,,2,0.0,1.8688888888888888
18,2025-07-22,,,,,,,3,0.0,3.941388888888889
18,2025-07-23,,,,,,,2,0.0,2.1983333333333333
18,2025-07-24,,,,,,,2,0.0,2.299722222222222
18,2025-07-25,,,,,,,1,0.0,1.5127777777777778
18,2025-07-27,,,,,,,1,0.0,3.2536111111111112
18,2025-07-28,,,,,,,2,0.0,0.895
18,2025-07-29,,,,,,,1,0.0,0.8452777777777778
18,2025-07-30,,,,,,,2,0.0,2.338888888888889
18,2025-07-31,,,,,,,2,0.0,2.0597222222222222
18,2025-08-01,,,,,,,2,0.0,1.8511111111111112
18,2025-08-02,,,,,,,1,0.0,0.4627777777777778
18,2025-08-03,,,,,,,2,0.0,2.7919444444444443
18,2025-08-04,,,,,,,2,0.0,1.9625
18,2025-08-05,,,,,,,1,0.0,1.4577777777777778
18,2025-08-07,,,,,,,1,0.0,0.3888888888888889
18,2025-08-08,,,,,,,2,0.0,1.4725
18,2025-08-09,,,,,,,2,0.0,0.8580555555555556
18,2025-08-12,,,,,,,2,0.0,3.1080555555555556
18,2025-08-14,,,,,,,2,0.0,1.768888888888889
18,2025-08-15,,,,,,,2,0.0,1.5183333333333333
18,2025-08-16,,,,,,,2,0.0,1.8258333333333334
18,2025-08-17,,,,,,,2,0.0,1.3877777777777778
18,2025-08-18,,,,,,,2,0.0,1.8527777777777779
18,2025-08-19,,,,,,,3,0.0,2.7158333333333333
18,2025-08-20,,,,,,,1,0.0,0.6480555555555556
18,2025-08-21,,,,,,,2,0.0,1.7958333333333334
18,2025-08-22,,,,,,,2,0.0,1.616111111111111
18,2025-08-23,,,,,,,1,0.0,0.49972222222222223
18,2025-08-24,,,,,,,1,0.0,2.327777777777778
18,2025-08-25,,,,,,,3,0.0,1.2844444444444445
18,2025-08-26,,,,,,,2,0.0,1.6572222222222222
18,2025-08-27,,,,,,,1,0.0,0.9786111111111111
18,2025-08-28,,,,,,,3,0.0,2.5680555555555555
18,2025-08-31,,,,,,,1,0.0,2.4672222222222224
18,2025-09-01,,,,,,,2,0.0,1.1175
18,2025-09-03,,,,,,,1,0.0,0.30666666666666664
18,2025-09-04,,,,,,,3,0.0,1.625
18,2025-09-05,,,,,,,2,0.0,0.5938888888888889
18,2025-09-06,,,,,,,1,0.0,0.44027777777777777
18,2025-09-10,,,,,,,3,0.0,2.964166666666667
18,2025-09-11,,,,,,,1,0.0,0.45666666666666667
18,2025-09-12,,,,,,,1,0.0,0.39361111111111113
18,2025-09-14,,,,,,,1,0.0,6.021388888888889
18,2025-09-15,,,,,,,2,0.0,1.9122222222222223
18,2025-09-16,,,,,,,1,0.0,1.0197222222222222
18,2025-09-17,,,,,,,1,0.0,0.5763888888888888
18,2025-09-19,,,,,,,2,0.0,0.8983333333333333
18,2025-09-21,,,,,,,1,0.0,0.3975
18,2025-09-24,,,,,,,2,0.0,1.9094444444444445
18,2025-09-25,,,,,,,2,0.0,1.7644444444444445
18,2025-09-26,,,,,,,2,0.0,1.3044444444444445
18,2025-09-28,,,,,,,1,0.0,3.000277777777778
18,2025-09-29,,,,,,,5,0.0,2.479722222222222
18,2025-09-30,,,,,,,1,0.0,0.9266666666666666
18,2025-10-01,,,,,,,2,0.0,0.9530555555555555
18,2025-10-02,,,,,,,1,0.0,0.965
18,2025-10-03,,,,,,,2,0.0,1.0294444444444444
18,2025-10-05,,,,,,,1,0.0,3.205
18,2025-10-06,,,,,,,2,0.0,0.8230555555555555
18,2025-10-07,,,,,,,2,0.0,1.8272222222222223
18,2025-10-09,,,,,,,2,0.0,1.5616666666666668
18,2025-10-10,,,,,,,2,0.0,1.12
18,2025-10-11,,,,,,,1,0.0,0.7688888888888888
18,2025-10-13,,,,,,,1,0.0,0.7430555555555556
18,2025-10-14,,,,,,,2,0.0,1.0658333333333334
18,2025-10-15,,,,,,,3,0.0,2.147777777777778
18,2025-10-16,,,,,,,1,0.0,0.9416666666666667
18,2025-10-17,,,,,,,2,0.0,0.5555555555555556
18,2025-10-18,,,,,,,2,0.0,0.6083333333333333
18,2025-10-19,,,,,,,1,0.0,0.10833333333333334
18,2025-10-21,,,,,,,1,0.0,0.6
18,2025-10-22,,,,,,,1,0.0,0.9241666666666667
18,2025-10-25,,,,,,,1,0.0,1.2608333333333333
18,2025-10-26,,,,,,,1,0.0,0.5752777777777778
18,2025-10-27,,,,,,,1,0.0,0.7216666666666667
18,2025-10-28,,,,,,,1,0.0,0.8047222222222222
18,2025-11-01,,,,,,,2,0.0,0.775
18,2025-11-02,,,,,,,1,0.0,0.44083333333333335
18,2025-11-03,,,,,,,4,0.0,3.0058333333333334
18,2025-11-05,,,,,,,1,0.0,0.5888888888888889
18,2025-11-07,,,,,,,1,0.0,0.6383333333333333
18,2025-11-09,,,,,,,1,0.0,0.7366666666666667
18,2025-11-12,,,,,,,1,0.0,0.5605555555555556
18,2025-11-14,,,,,,,1,0.0,0.5727777777777778
18,2025-11-15,,,,,,,1,0.0,0.7222222222222222
18,2025-11-20,,,,,,,1,0.0,0.9630555555555556
18,2025-11-21,,,,,,,1,0.0,0.6927777777777778
18,2025-11-23,,,,,,,1,0.0,0.7655555555555555
18,2025-12-01,,,,,,,1,0.0,0.30527777777777776
18,2025-12-02,,,,,,,1,0.0,0.7094444444444444
18,2025-12-05,,,,,,,1,0.0,0.20333333333333334
18,2025-12-06,,,,,,,1,0.0,0.175
18,2025-12-11,,,,,,,3,0.0,0.6608333333333334
18,2025-12-12,,,,,,,2,0.0,1.2486111111111111
18,2025-12-13,,,,,,,1,0.0,0.25027777777777777
18,2025-12-14,,,,,,,1,0.0,1.8522222222222222
18,2025-12-15,,,,,,,3,0.0,2.5172222222222222
18,2025-12-16,,,,,,,1,0.0,0.46555555555555556
18,2025-12-17,,,,,,,2,0.0,1.3630555555555555
18,2025-12-18,,,,,,,1,0.0,0.4483333333333333
18,2025-12-20,,,,,,,2,0.0,1.3880555555555556
18,2026-01-04,,,,,,,2,0.0,1.5419444444444443
18,2026-01-06,,,,,,,1,0.0,0.4647222222222222
18,2026-01-07,,,,,,,1,0.0,0.6013888888888889
18,2026-01-08,,,,,,,1,0.0,0.7127777777777777
18,2026-01-09,,,,,,,1,0.0,0.7330555555555556
18,2026-01-11,,,,,,,1,0.0,0.7363888888888889
18,2026-01-14,,,,,,,1,0.0,1.2869444444444444
18,2026-01-15,,,,,,,1,0.0,0.7527777777777778
18,2026-01-16,,,,,,,1,0.0,0.5611111111111111
18,2026-01-18,,,,,,,1,0.0,0.9263888888888889
18,2026-01-19,,,,,,,1,0.0,0.6375
18,2026-01-20,,,,,,,1,0.0,0.5177777777777778
18,2026-01-21,,,,,,,1,0.0,0.6194444444444445
18,2026-01-22,,,,,,,1,0.0,0.7522222222222222
18,2026-01-24,,,,,,,1,0.0,0.7030555555555555
18,2026-01-30,,,,,,,1,0.0,0.6013888888888889
18,2026-01-31,,,,,,,1,0.0,0.5461111111111111
18,2026-02-02,,,,,,,1,0.0,0.7425
18,2026-02-03,,,,,,,1,0.0,0.6575
18,2026-02-04,,,,,,,1,0.0,0.405
18,2026-02-05,,,,,,,2,0.0,1.0930555555555554
18,2026-02-07,,,,,,,2,0.0,1.1616666666666666
18,2026-02-09,,,,,,,1,0.0,0.7486111111111111
18,2026-02-10,,,,,,,1,0.0,0.5827777777777777
18,2026-02-11,,,,,,,2,0.0,1.3558333333333332
18,2026-02-12,,,,,,,2,0.0,1.1697222222222223
18,2026-02-13,,,,,,,2,0.0,1.2944444444444445
18,2026-02-14,,,,,,,1,0.0,0.7569444444444444
18,2026-02-19,,,,,,,1,0.0,0.5794444444444444
24,2024-12-26,,,,,,,3,0.0,2.7311111111111113
24,2024-12-27,,,,,,,4,0.0,3.7555555555555555
24,2024-12-28,,,,,,,3,0.0,5.073611111111111
24,2024-12-29,,,,,,,3,0.0,2.4858333333333333
24,2024-12-30,,,,,,,3,0.0,3.425
24,2024-12-31,,,,,,,4,0.0,5.128055555555555
24,2025-01-01,,,,,,,3,0.0,3.2583333333333333
24,2025-01-02,,,,,,,3,0.0,3.2802777777777776
24,2025-01-03,,,,,,,4,0.0,3.74
24,2025-01-04,,,,,,,1,0.0,2.725
24,2025-01-05,,,,,,,3,0.0,2.672222222222222
24,2025-01-06,,,,,,,3,0.0,3.2583333333333333
24,2025-01-07,,,,,,,2,0.0,2.3169444444444443
24,2025-01-08,,,,,,,4,0.0,3.75
24,2025-01-09,,,,,,,3,0.0,2.508888888888889
24,2025-01-10,,,,,,,4,0.0,3.6666666666666665
24,2025-01-11,,,,,,,2,0.0,1.533611111111111
24,2025-01-12,,,,,,,3,0.0,2.5
24,2025-01-13,,,,,,,2,0.0,1.7583333333333333
24,2025-01-14,,,,,,,3,0.0,2.8891666666666667
24,2025-01-15,,,,,,,4,0.0,3.5680555555555555
24,2025-01-16,,,,,,,3,0.0,2.9252777777777776
24,2025-01-17,,,,,,,4,0.0,4.015555555555555
24,2025-01-18,,,,,,,2,0.0,2.3922222222222222
24,2025-01-19,,,,,,,3,0.0,2.4669444444444446
24,2025-01-20,,,,,,,3,0.0,3.925
24,2025-01-21,,,,,,,3,0.0,2.1875
24,2025-01-22,,,,,,,3,0.0,2.394722222222222
24,2025-01-23,,,,,,,2,0.0,3.0
24,2025-01-24,,,,,,,4,0.0,3.2822222222222224
24,2025-01-25,,,,,,,2,0.0,3.5055555555555555
24,2025-01-26,,,,,,,3,0.0,2.6858333333333335
24,2025-01-27,,,,,,,2,0.0,1.4916666666666667
24,2025-01-28,,,,,,,4,0.0,2.82
24,2025-01-29,,,,,,,4,0.0,3.4497222222222224
24,2025-01-30,,,,,,,3,0.0,2.8530555555555557
24,2025-01-31,,,,,,,4,0.0,3.0055555555555555
24,2025-02-01,,,,,,,2,0.0,3.497777777777778
24,2025-02-02,,,,,,,3,0.0,2.4586111111111113
24,2025-02-03,,,,,,,3,0.0,3.5055555555555555
24,2025-02-04,,,,,,,3,0.0,3.2430555555555554
24,2025-02-05,,,,,,,3,0.0,3.1102777777777777
24,2025-02-06,,,,,,,3,0.0,3.0258333333333334
24,2025-02-07,,,,,,,4,0.0,3.328333333333333
24,2025-02-08,,,,,,,2,0.0,2.9541666666666666
24,2025-02-09,,,,,,,3,0.0,2.4611111111111112
24,2025-02-10,,,,,,,3,0.0,3.425
24,2025-02-11,,,,,,,4,0.0,3.1158333333333332
24,2025-02-12,,,,,,,3,0.0,3.561111111111111
24,2025-02-13,,,,,,,1,0.0,0.0
24,2025-02-14,,,,,,,3,0.0,2.000277777777778
24,2025-02-15,,,,,,,3,0.0,0.8630555555555556
24,2025-02-16,,,,,,,1,0.0,0.4425
24,2025-02-17,,,,,,,1,0.0,0.37916666666666665
24,2025-02-18,,,,,,,3,0.0,3.3497222222222223
24,2025-02-19,,,,,,,4,0.0,3.151111111111111
24,2025-02-20,,,,,,,4,0.0,3.7247222222222223
24,2025-02-21,,,,,,,4,0.0,2.8044444444444445
24,2025-02-22,,,,,,,2,0.0,3.6333333333333333
24,2025-02-23,,,,,,,3,0.0,2.5077777777777777
24,2025-02-24,,,,,,,3,0.0,3.0597222222222222
24,2025-02-25,,,,,,,3,0.0,3.2044444444444444
24,2025-02-26,,,,,,,4,0.0,4.309166666666667
24,2025-02-27,,,,,,,3,0.0,3.766111111111111
24,2025-02-28,,,,,,,4,0.0,3.1891666666666665
24,2025-03-01,,,,,,,2,0.0,3.6480555555555556
24,2025-03-02,,,,,,,3,0.0,2.1258333333333335
24,2025-03-03,,,,,,,3,0.0,3.0055555555555555
24,2025-03-04,,,,,,,4,0.0,3.1797222222222223
24,2025-03-05,,,,,,,4,0.0,3.5394444444444444
24,2025-03-06,,,,,,,4,0.0,3.3044444444444445
24,2025-03-07,,,,,,,3,0.0,3.0083333333333333
24,2025-03-08,,,,,,,2,0.0,3.1572222222222224
24,2025-03-09,,,,,,,3,0.0,0.98
24,2025-03-10,,,,,,,3,0.0,2.7666666666666666
24,2025-03-11,,,,,,,4,0.0,3.6466666666666665
24,2025-03-12,,,,,,,4,0.0,3.5055555555555555
24,2025-03-13,,,,,,,3,0.0,3.3316666666666666
24,2025-03-14,,,,,,,4,0.0,2.993333333333333
24,2025-03-15,,,,,,,2,0.0,2.6838888888888888
24,2025-03-16,,,,,,,4,0.0,2.6055555555555556
24,2025-03-17,,,,,,,1,0.0,0.43333333333333335
24,2025-03-18,,,,,,,3,0.0,2.528888888888889
24,2025-03-19,,,,,,,2,0.0,1.6944444444444444
24,2025-03-20,,,,,,,3,0.0,2.7169444444444446
24,2025-03-21,,,,,,,2,0.0,1.5055555555555555
24,2025-03-22,,,,,,,3,0.0,2.8266666666666667
24,2025-03-23,,,,,,,2,0.0,2.3983333333333334
24,2025-03-24,,,,,,,4,0.0,2.3561111111111113
24,2025-03-25,,,,,,,2,0.0,1.6155555555555556
24,2025-03-26,,,,,,,2,0.0,0.7958333333333333
24,2025-03-27,,,,,,,3,0.0,1.0625
24,2025-03-28,,,,,,,1,0.0,0.10055555555555555
24,2025-03-29,,,,,,,1,0.0,0.010833333333333334
24,2025-03-30,,,,,,,3,0.0,2.2205555555555554
24,2025-03-31,,,,,,,3,0.0,3.0533333333333332
24,2025-04-01,,,,,,,3,0.0,2.9208333333333334
24,2025-04-02,,,,,,,3,0.0,2.5
24,2025-04-03,,,,,,,3,0.0,3.2905555555555557
24,2025-04-04,,,,,,,4,0.0,2.6775
24,2025-04-05,,,,,,,2,0.0,3.4908333333333332
24,2025-04-06,,,,,,,3,0.0,2.118888888888889
24,2025-04-07,,,,,,,2,0.0,2.5080555555555555
24,2025-04-08,,,,,,,4,0.0,2.9344444444444444
24,2025-04-09,,,,,,,5,0.0,4.023055555555556
24,2025-04-10,,,,,,,3,0.0,3.358611111111111
24,2025-04-11,,,,,,,4,0.0,2.5991666666666666
24,2025-04-12,,,,,,,3,0.0,3.5894444444444447
24,2025-04-13,,,,,,,3,0.0,2.4541666666666666
24,2025-04-14,,,,,,,2,0.0,2.7908333333333335
24,2025-04-15,,,,,,,4,0.0,3.5058333333333334
24,2025-04-16,,,,,,,4,0.0,3.879722222222222
24,2025-04-17,,,,,,,3,0.0,3.455277777777778
24,2025-04-18,,,,,,,4,0.0,3.4166666666666665
24,2025-04-19,,,,,,,3,0.0,3.180277777777778
24,2025-04-20,,,,,,,3,0.0,1.5
24,2025-04-21,,,,,,,2,0.0,2.5
24,2025-04-22,,,,,,,3,0.0,2.785833333333333
24,2025-04-23,,,,,,,4,0.0,3.527222222222222
24,2025-04-24,,,,,,,3,0.0,3.673611111111111
24,2025-04-25,,,,,,,4,0.0,3.5055555555555555
24,2025-04-26,,,,,,,2,0.0,3.9480555555555554
24,2025-04-27,,,,,,,2,0.0,2.479722222222222
24,2025-04-28,,,,,,,4,0.0,3.1469444444444443
24,2025-04-29,,,,,,,4,0.0,3.3030555555555554
24,2025-04-30,,,,,,,2,0.0,1.4705555555555556
24,2025-05-01,,,,,,,3,0.0,3.0819444444444444
24,2025-05-02,,,,,,,4,0.0,3.7555555555555555
24,2025-05-03,,,,,,,1,0.0,1.0508333333333333
24,2025-05-04,,,,,,,3,0.0,3.546666666666667
24,2025-05-05,,,,,,,3,0.0,2.991388888888889
24,2025-05-06,,,,,,,3,0.0,3.1575
24,2025-05-07,,,,,,,3,0.0,1.9713888888888889
24,2025-05-08,,,,,,,3,0.0,3.5775
24,2025-05-09,,,,,,,3,0.0,2.2583333333333333
24,2025-05-10,,,,,,,2,0.0,3.5055555555555555
24,2025-05-11,,,,,,,2,0.0,1.9986111111111111
24,2025-05-12,,,,,,,2,0.0,1.7583333333333333
24,2025-05-13,,,,,,,2,0.0,1.9377777777777778
24,2025-05-14,,,,,,,3,0.0,2.776666666666667
24,2025-05-15,,,,,,,3,0.0,3.7855555555555553
24,2025-05-16,,,,,,,3,0.0,2.7283333333333335
24,2025-05-17,,,,,,,2,0.0,3.4433333333333334
24,2025-05-18,,,,,,,2,0.0,2.2777777777777777
24,2025-05-19,,,,,,,3,0.0,3.560277777777778
24,2025-05-20,,,,,,,3,0.0,2.9058333333333333
24,2025-05-21,,,,,,,4,0.0,2.8002777777777776
24,2025-05-22,,,,,,,3,0.0,4.0
24,2025-05-23,,,,,,,3,0.0,2.700277777777778
24,2025-05-24,,,,,,,2,0.0,2.1669444444444443
24,2025-05-25,,,,,,,2,0.0,2.2888888888888888
24,2025-05-26,,,,,,,3,0.0,2.981388888888889
24,2025-05-27,,,,,,,3,0.0,2.838611111111111
24,2025-05-28,,,,,,,3,0.0,2.8205555555555555
24,2025-05-29,,,,,,,3,0.0,3.3575
24,2025-05-30,,,,,,,3,0.0,2.7119444444444443
24,2025-05-31,,,,,,,3,0.0,1.2175
24,2025-06-01,,,,,,,2,0.0,2.017777777777778
24,2025-06-02,,,,,,,4,0.0,4.038333333333333
24,2025-06-03,,,,,,,3,0.0,2.0280555555555555
24,2025-06-04,,,,,,,3,0.0,1.6722222222222223
24,2025-06-05,,,,,,,3,0.0,1.648611111111111
24,2025-06-06,,,,,,,3,0.0,1.1977777777777778
24,2025-06-07,,,,,,,2,0.0,1.4705555555555556
24,2025-06-09,,,,,,,2,0.0,1.3791666666666667
24,2025-06-10,,,,,,,3,0.0,2.5055555555555555
24,2025-06-11,,,,,,,4,0.0,4.114722222222222
24,2025-06-12,,,,,,,3,0.0,2.7555555555555555
24,2025-06-13,,,,,,,3,0.0,4.237777777777778
24,2025-06-14,,,,,,,2,0.0,2.9855555555555555
24,2025-06-15,,,,,,,2,0.0,1.7963888888888888
24,2025-06-16,,,,,,,3,0.0,2.569166666666667
24,2025-06-17,,,,,,,4,0.0,3.8761111111111113
24,2025-06-18,,,,,,,3,0.0,2.2719444444444443
24,2025-06-19,,,,,,,3,0.0,4.139444444444444
24,2025-06-20,,,,,,,3,0.0,2.5255555555555556
24,2025-06-21,,,,,,,2,0.0,3.0925
24,2025-06-22,,,,,,,2,0.0,2.1744444444444446
24,2025-06-23,,,,,,,3,0.0,3.5055555555555555
24,2025-06-24,,,,,,,4,0.0,4.230277777777777
24,2025-06-25,,,,,,,3,0.0,2.241111111111111
24,2025-06-26,,,,,,,3,0.0,4.139722222222222
24,2025-06-27,,,,,,,3,0.0,2.859166666666667
24,2025-06-28,,,,,,,2,0.0,3.2930555555555556
24,2025-06-29,,,,,,,2,0.0,2.2280555555555557
24,2025-06-30,,,,,,,3,0.0,2.879166666666667
24,2025-07-01,,,,,,,4,0.0,2.7083333333333335
24,2025-07-02,,,,,,,3,0.0,2.238888888888889
24,2025-07-03,,,,,,,3,0.0,3.4394444444444443
24,2025-07-04,,,,,,,3,0.0,2.485
24,2025-07-05,,,,,,,2,0.0,3.3961111111111113
24,2025-07-06,,,,,,,2,0.0,2.048888888888889
24,2025-07-07,,,,,,,3,0.0,2.432777777777778
24,2025-07-08,,,,,,,3,0.0,2.895
24,2025-07-09,,,,,,,1,0.0,0.0
24,2025-07-10,,,,,,,3,0.0,1.5372222222222223
24,2025-07-11,,,,,,,3,0.0,1.3722222222222222
24,2025-07-13,,,,,,,2,0.0,1.4277777777777778
24,2025-07-14,,,,,,,2,0.0,2.6666666666666665
24,2025-07-15,,,,,,,2,0.0,2.25
24,2025-07-16,,,,,,,2,0.0,1.1333333333333333
24,2025-07-17,,,,,,,2,0.0,1.1666666666666667
24,2025-07-18,,,,,,,2,0.0,0.8666666666666667
24,2025-07-20,,,,,,,1,0.0,0.0
24,2025-07-21,,,,,,,2,0.0,2.5
24,2025-07-22,,,,,,,2,0.0,3.316666666666667
24,2025-07-23,,,,,,,3,0.0,3.25
24,2025-07-24,,,,,,,2,0.0,3.1666666666666665
24,2025-07-25,,,,,,,3,0.0,3.0
24,2025-07-26,,,,,,,1,0.0,3.0
24,2025-07-27,,,,,,,1,0.0,1.0
24,2025-07-28,,,,,,,3,0.0,3.0
24,2025-07-29,,,,,,,3,0.0,4.25
24,2025-07-30,,,,,,,4,0.0,3.0830555555555557
24,2025-07-31,,,,,,,3,0.0,3.216666666666667
24,2025-08-01,,,,,,,4,0.0,3.25
24,2025-08-02,,,,,,,1,0.0,4.0
24,2025-08-03,,,,,,,2,0.0,2.35
24,2025-08-04,,,,,,,3,0.0,3.5458333333333334
24,2025-08-05,,,,,,,3,0.0,3.3330555555555557
24,2025-08-06,,,,,,,3,0.0,2.129166666666667
24,2025-08-07,,,,,,,3,0.0,3.65
24,2025-08-08,,,,,,,3,0.0,3.0083333333333333
24,2025-08-09,,,,,,,2,0.0,4.333055555555555
24,2025-08-10,,,,,,,2,0.0,2.35
24,2025-08-11,,,,,,,3,0.0,2.879166666666667
24,2025-08-12,,,,,,,3,0.0,4.536944444444444
24,2025-08-13,,,,,,,3,0.0,2.75
24,2025-08-14,,,,,,,3,0.0,3.785
24,2025-08-15,,,,,,,3,0.0,3.1666666666666665
24,2025-08-16,,,,,,,2,0.0,0.7997222222222222
24,2025-08-17,,,,,,,1,0.0,0.3638888888888889
24,2025-08-18,,,,,,,4,0.0,1.521388888888889
24,2025-08-19,,,,,,,5,0.0,1.2122222222222223
24,2025-08-20,,,,,,,1,0.0,0.32611111111111113
24,2025-08-21,,,,,,,5,0.0,1.0855555555555556
24,2025-08-22,,,,,,,1,0.0,0.17583333333333334
24,2025-08-23,,,,,,,2,0.0,0.5055555555555555
24,2025-08-24,,,,,,,1,0.0,0.3333333333333333
24,2025-08-25,,,,,,,3,0.0,3.3925
24,2025-08-26,,,,,,,3,0.0,2.5933333333333333
24,2025-08-27,,,,,,,2,0.0,1.1530555555555555
24,2025-08-28,,,,,,,1,0.0,1.0
24,2025-08-29,,,,,,,4,0.0,3.7872222222222223
24,2025-08-30,,,,,,,2,0.0,0.42194444444444446
24,2025-08-31,,,,,,,3,0.0,3.231388888888889
24,2025-09-01,,,,,,,3,0.0,4.0055555555555555
24,2025-09-02,,,,,,,3,0.0,2.957222222222222
24,2025-09-03,,,,,,,4,0.0,3.191666666666667
24,2025-09-04,,,,,,,3,0.0,4.782222222222222
24,2025-09-05,,,,,,,3,0.0,2.8716666666666666
24,2025-09-06,,,,,,,2,0.0,3.6580555555555554
24,2025-09-07,,,,,,,2,0.0,1.5216666666666667
24,2025-09-08,,,,,,,3,0.0,3.338611111111111
24,2025-09-09,,,,,,,3,0.0,3.168888888888889
24,2025-09-10,,,,,,,2,0.0,2.25
24,2025-09-11,,,,,,,3,0.0,4.264722222222222
24,2025-09-12,,,,,,,2,0.0,1.593611111111111
24,2025-09-13,,,,,,,2,0.0,4.763333333333334
24,2025-09-14,,,,,,,3,0.0,5.870555555555556
24,2025-09-15,,,,,,,3,0.0,3.2019444444444445
24,2025-09-16,,,,,,,3,0.0,2.716666666666667
24,2025-09-17,,,,,,,3,0.0,2.3930555555555557
24,2025-09-18,,,,,,,3,0.0,4.175
24,2025-09-19,,,,,,,4,0.0,3.6019444444444444
24,2025-09-20,,,,,,,2,0.0,3.5283333333333333
24,2025-09-21,,,,,,,2,0.0,1.9897222222222222
24,2025-09-22,,,,,,,2,0.0,2.923611111111111
24,2025-09-23,,,,,,,3,0.0,2.7483333333333335
24,2025-09-24,,,,,,,4,0.0,3.2158333333333333
24,2025-09-25,,,,,,,3,0.0,3.2444444444444445
24,2025-09-26,,,,,,,4,0.0,3.006666666666667
24,2025-09-27,,,,,,,2,0.0,3.6341666666666668
24,2025-09-28,,,,,,,3,0.0,2.7088888888888887
24,2025-09-29,,,,,,,3,0.0,3.4922222222222223
24,2025-09-30,,,,,,,3,0.0,2.8730555555555557
24,2025-10-01,,,,,,,3,0.0,3.4219444444444442
24,2025-10-02,,,,,,,2,0.0,1.5469444444444445
24,2025-10-03,,,,,,,3,0.0,1.2380555555555555
24,2025-10-04,,,,,,,3,0.0,1.228611111111111
24,2025-10-05,,,,,,,2,0.0,0.4891666666666667
24,2025-10-06,,,,,,,1,0.0,0.0
24,2025-10-07,,,,,,,2,0.0,0.5005555555555555
24,2025-10-08,,,,,,,3,0.0,2.5175
24,2025-10-09,,,,,,,3,0.0,2.9825
24,2025-10-10,,,,,,,3,0.0,2.8508333333333336
24,2025-10-11,,,,,,,3,0.0,3.2583333333333333
24,2025-10-12,,,,,,,3,0.0,3.3427777777777776
24,2025-10-13,,,,,,,3,0.0,2.2527777777777778
24,2025-10-14,,,,,,,3,0.0,1.306111111111111
24,2025-10-15,,,,,,,3,0.0,1.3502777777777777
24,2025-10-16,,,,,,,3,0.0,1.2458333333333333
24,2025-10-17,,,,,,,2,0.0,0.2602777777777778
24,2025-10-19,,,,,,,2,0.0,1.511111111111111
24,2025-10-20,,,,,,,1,0.0,0.0
24,2025-10-21,,,,,,,1,0.0,0.0
24,2025-10-22,,,,,,,1,0.0,0.0
24,2025-10-23,,,,,,,3,0.0,3.0838888888888887
24,2025-10-24,,,,,,,3,0.0,2.7555555555555555
24,2025-10-25,,,,,,,2,0.0,3.466111111111111
24,2025-10-26,,,,,,,2,0.0,1.0
24,2025-10-27,,,,,,,2,0.0,1.5055555555555555
24,2025-10-28,,,,,,,2,0.0,0.9222222222222223
24,2025-10-29,,,,,,,3,0.0,0.0
24,2025-10-30,,,,,,,3,0.0,2.716666666666667
24,2025-10-31,,,,,,,3,0.0,1.3388888888888888
24,2025-11-01,,,,,,,3,0.0,1.9125
24,2025-11-03,,,,,,,1,0.0,0.0
24,2025-11-04,,,,,,,1,0.0,0.0
24,2025-11-05,,,,,,,1,0.0,0.0
24,2025-11-06,,,,,,,1,0.0,0.0
24,2025-11-07,,,,,,,1,0.0,0.0
24,2025-11-08,,,,,,,1,0.0,0.0
24,2025-11-09,,,,,,,1,0.0,0.0
24,2025-11-10,,,,,,,2,0.0,1.5055555555555555
24,2025-11-11,,,,,,,2,0.0,3.0
24,2025-11-12,,,,,,,2,0.0,1.5055555555555555
24,2025-11-13,,,,,,,2,0.0,2.25
24,2025-11-14,,,,,,,2,0.0,1.7986111111111112
24,2025-11-15,,,,,,,2,0.0,2.5055555555555555
24,2025-11-16,,,,,,,2,0.0,3.144722222222222
24,2025-11-17,,,,,,,1,0.0,0.5
24,2025-11-18,,,,,,,3,0.0,3.0055555555555555
24,2025-11-19,,,,,,,4,0.0,3.7583333333333333
24,2025-11-20,,,,,,,3,0.0,0.0
24,2025-11-21,,,,,,,4,0.0,0.0
24,2025-11-22,,,,,,,2,0.0,3.5055555555555555
24,2025-11-23,,,,,,,3,0.0,2.2583333333333333
24,2025-11-24,,,,,,,3,0.0,3.0055555555555555
24,2025-11-25,,,,,,,3,0.0,1.8791666666666667
24,2025-11-26,,,,,,,3,0.0,3.0055555555555555
24,2025-11-27,,,,,,,2,0.0,1.3791666666666667
24,2025-11-28,,,,,,,4,0.0,3.7555555555555555
24,2025-11-29,,,,,,,2,0.0,3.5055555555555555
24,2025-11-30,,,,,,,3,0.0,2.511111111111111
24,2025-12-01,,,,,,,3,0.0,3.0055555555555555
24,2025-12-02,,,,,,,3,0.0,2.5055555555555555
24,2025-12-03,,,,,,,4,0.0,3.5055555555555555
24,2025-12-04,,,,,,,3,0.0,2.5055555555555555
24,2025-12-05,,,,,,,4,0.0,3.629166666666667
24,2025-12-06,,,,,,,2,0.0,3.5055555555555555
24,2025-12-07,,,,,,,3,0.0,2.763888888888889
24,2025-12-08,,,,,,,3,0.0,3.0055555555555555
24,2025-12-09,,,,,,,3,0.0,3.6319444444444446
24,2025-12-10,,,,,,,4,0.0,4.5055555555555555
24,2025-12-11,,,,,,,3,0.0,4.5055555555555555
24,2025-12-12,,,,,,,4,0.0,3.8819444444444446
24,2025-12-13,,,,,,,2,0.0,3.5055555555555555
24,2025-12-14,,,,,,,3,0.0,2.763888888888889
24,2025-12-15,,,,,,,3,0.0,3.2583333333333333
24,2025-12-16,,,,,,,3,0.0,2.5055555555555555
24,2025-12-17,,,,,,,4,0.0,4.631944444444445
24,2025-12-18,,,,,,,3,0.0,3.5055555555555555
24,2025-12-19,,,,,,,4,0.0,4.008333333333334
24,2025-12-20,,,,,,,2,0.0,3.5055555555555555
24,2025-12-21,,,,,,,3,0.0,2.763888888888889
24,2025-12-22,,,,,,,3,0.0,3.2583333333333333
24,2025-12-23,,,,,,,3,0.0,4.0055555555555555
24,2025-12-24,,,,,,,4,0.0,3.7583333333333333
24,2025-12-25,,,,,,,2,0.0,1.7583333333333333
24,2025-12-26,,,,,,,4,0.0,3.7555555555555555
24,2025-12-27,,,,,,,3,0.0,0.0
24,2025-12-28,,,,,,,3,0.0,0.0
24,2025-12-29,,,,,,,3,0.0,0.0
24,2025-12-30,,,,,,,3,0.0,0.0
24,2025-12-31,,,,,,,3,0.0,0.0
24,2026-01-01,,,,,,,3,0.0,0.0
24,2026-01-02,,,,,,,4,0.0,0.0
24,2026-01-03,,,,,,,2,0.0,0.0
24,2026-01-04,,,,,,,3,0.0,0.0
24,2026-01-05,,,,,,,3,0.0,2.879166666666667
24,2026-01-06,,,,,,,5,0.0,5.3052777777777775
24,2026-01-07,,,,,,,5,0.0,5.472222222222222
24,2026-01-08,,,,,,,3,0.0,3.5083333333333333
24,2026-01-09,,,,,,,5,0.0,5.270277777777777
24,2026-01-10,,,,,,,2,0.0,3.5008333333333335
24,2026-01-11,,,,,,,2,0.0,0.0
24,2026-01-12,,,,,,,3,0.0,0.0
24,2026-01-13,,,,,,,3,0.0,0.0
24,2026-01-14,,,,,,,4,0.0,2.0055555555555555
24,2026-01-15,,,,,,,3,0.0,3.8427777777777776
24,2026-01-16,,,,,,,4,0.0,2.9966666666666666
24,2026-01-17,,,,,,,2,0.0,3.0180555555555557
24,2026-01-18,,,,,,,3,0.0,1.9594444444444445
24,2026-01-19,,,,,,,3,0.0,3.0055555555555555
24,2026-01-20,,,,,,,3,0.0,2.9491666666666667
24,2026-01-21,,,,,,,5,0.0,4.059722222222222
24,2026-01-22,,,,,,,4,0.0,4.530833333333334
24,2026-01-23,,,,,,,4,0.0,3.332777777777778
24,2026-01-24,,,,,,,3,0.0,3.484722222222222
24,2026-01-25,,,,,,,3,0.0,2.263611111111111
24,2026-01-26,,,,,,,2,0.0,2.5
24,2026-01-27,,,,,,,3,0.0,2.9652777777777777
24,2026-01-28,,,,,,,4,0.0,5.0175
24,2026-01-29,,,,,,,3,0.0,4.536388888888889
24,2026-01-30,,,,,,,4,0.0,4.008333333333334
24,2026-01-31,,,,,,,2,0.0,4.150833333333333
24,2026-02-01,,,,,,,3,0.0,0.9827777777777778
24,2026-02-02,,,,,,,3,0.0,2.511388888888889
24,2026-02-03,,,,,,,4,73.6,3.0030555555555556
24,2026-02-04,,,,,,,4,57.86,3.4983333333333335
24,2026-02-05,,,,,,,3,169.09,3.8694444444444445
24,2026-02-06,,,,,,,4,47.26,3.7552777777777777
24,2026-02-07,,,,,,,2,348.7,3.4855555555555555
24,2026-02-08,,,,,,,3,92.99,2.7119444444444443
24,2026-02-09,,,,,,,2,2.99,2.5
24,2026-02-10,,,,,,,4,135.58,3.1191666666666666
24,2026-02-11,,,,,,,3,58.14,2.9697222222222224
24,2026-02-12,,,,,,,3,134.58,3.38
24,2026-02-13,,,,,,,4,37.57,3.7555555555555555
24,2026-02-14,,,,,,,2,376.01,3.515
24,2026-02-15,,,,,,,3,113.05,2.7819444444444446
24,2026-02-16,,,,,,,2,60.46,2.0147222222222223
24,2026-02-17,,,,,,,3,189.23,2.9316666666666666
24,2026-02-18,,,,,,,4,116.83,3.2394444444444446
24,2026-02-19,,,,,,,3,83.81,2.675
24,2026-02-20,,,,,,,4,105.23,3.2802777777777776
24,2026-02-21,,,,,,,2,305.41,3.5055555555555555
24,2026-02-22,,,,,,,4,61.46,2.7866666666666666
24,2026-02-23,,,,,,,3,37.72,3.0055555555555555
24,2026-02-24,,,,,,,3,131.53,3.4558333333333335
24,2026-02-25,,,,,,,3,83.69,3.017777777777778
24,2026-02-26,,,,,,,2,47.79,2.2830555555555554
24,2026-02-27,,,,,,,3,102.78,3.131111111111111
24,2026-02-28,,,,,,,1,107.11,2.602222222222222
24,2026-03-01,,,,,,,2,1.21,2.5
24,2026-03-02,,,,,,,3,65.1,3.0458333333333334
24,2026-03-03,,,,,,,3,97.14,3.5025
24,2026-03-04,,,,,,,3,70.25,2.8833333333333333
24,2026-03-05,,,,,,,3,57.29,2.75
24,2026-03-06,,,,,,,3,23.13,2.3330555555555557
24,2026-03-07,,,,,,,2,0.0,5.35
24,2026-03-08,,,,,,,2,25.5,1.5
24,2026-03-09,,,,,,,3,1.85,3.0
24,2026-03-10,,,,,,,4,119.52,4.070277777777778
24,2026-03-11,,,,,,,3,109.71,3.5830555555555557
24,2026-03-12,,,,,,,3,25.5,3.3330555555555557
24,2026-03-13,,,,,,,4,23.13,3.2830555555555554
24,2026-03-14,,,,,,,2,25.5,2.15
24,2026-03-15,,,,,,,1,0.0,0.0
24,2026-03-16,,,,,,,1,26.2,0.37916666666666665
24,2026-03-17,,,,,,,2,38.9,2.1666666666666665
24,2026-03-18,,,,,,,3,77.05,2.6333333333333333
24,2026-03-19,,,,,,,3,27.07,1.5458333333333334
24,2026-03-20,,,,,,,3,45.4,1.2458333333333333
24,2026-03-22,,,,,,,1,0.0,0.75
24,2026-03-23,,,,,,,2,55.36,1.7583333333333333
25,2025-02-13,,,,,,,1,0.0,0.6183333333333333
25,2025-02-15,,,,,,,1,0.0,0.13972222222222222
25,2025-02-24,,,,,,,2,0.0,1.4402777777777778
25,2025-02-25,,,,,,,1,0.0,0.7233333333333334
25,2025-02-26,,,,,,,2,0.0,1.3294444444444444
25,2025-02-27,,,,,,,2,0.0,2.0
25,2025-02-28,,,,,,,2,0.0,1.9602777777777778
25,2025-03-01,,,,,,,3,0.0,4.182777777777778
25,2025-03-02,,,,,,,2,0.0,1.001111111111111
25,2025-03-03,,,,,,,3,0.0,2.8675
25,2025-03-04,,,,,,,3,0.0,1.8597222222222223
25,2025-03-05,,,,,,,3,0.0,2.9644444444444447
25,2025-03-06,,,,,,,2,0.0,2.0
25,2025-03-07,,,,,,,3,0.0,2.2327777777777778
25,2025-03-08,,,,,,,3,0.0,3.9169444444444443
25,2025-03-09,,,,,,,2,0.0,1.1191666666666666
25,2025-03-10,,,,,,,3,0.0,3.6108333333333333
25,2025-03-11,,,,,,,3,0.0,2.3525
25,2025-03-12,,,,,,,3,0.0,2.6261111111111113
25,2025-03-13,,,,,,,2,0.0,2.316666666666667
25,2025-03-14,,,,,,,3,0.0,3.0975
25,2025-03-15,,,,,,,2,0.0,3.003888888888889
25,2025-03-16,,,,,,,3,0.0,2.02
25,2025-03-17,,,,,,,4,0.0,3.6397222222222223
25,2025-03-18,,,,,,,3,0.0,2.5
25,2025-03-19,,,,,,,3,0.0,2.7544444444444443
25,2025-03-20,,,,,,,2,0.0,2.276388888888889
25,2025-03-21,,,,,,,3,0.0,2.661111111111111
25,2025-03-22,,,,,,,2,0.0,2.4347222222222222
25,2025-03-23,,,,,,,3,0.0,1.5830555555555557
25,2025-03-24,,,,,,,4,0.0,3.446388888888889
25,2025-03-25,,,,,,,3,0.0,2.216388888888889
25,2025-03-26,,,,,,,3,0.0,2.8408333333333333
25,2025-03-27,,,,,,,1,0.0,1.011388888888889
25,2025-03-28,,,,,,,3,0.0,2.6905555555555556
25,2025-03-29,,,,,,,2,0.0,2.52
25,2025-03-30,,,,,,,2,0.0,1.3675
25,2025-03-31,,,,,,,2,0.0,1.5147222222222223
25,2025-04-01,,,,,,,2,0.0,1.8858333333333333
25,2025-04-02,,,,,,,2,0.0,1.4994444444444444
25,2025-04-03,,,,,,,2,0.0,1.7844444444444445
25,2025-04-04,,,,,,,2,0.0,2.0372222222222223
25,2025-04-05,,,,,,,2,0.0,3.2275
25,2025-04-06,,,,,,,2,0.0,1.6827777777777777
25,2025-04-07,,,,,,,4,0.0,3.8094444444444444
25,2025-04-08,,,,,,,3,0.0,2.2
25,2025-04-09,,,,,,,3,0.0,2.587222222222222
25,2025-04-10,,,,,,,1,0.0,1.0
25,2025-04-11,,,,,,,3,0.0,2.4386111111111113
25,2025-04-12,,,,,,,2,0.0,2.3805555555555555
25,2025-04-13,,,,,,,2,0.0,1.7625
25,2025-04-14,,,,,,,4,0.0,3.6222222222222222
25,2025-04-15,,,,,,,3,0.0,1.9088888888888889
25,2025-04-16,,,,,,,3,0.0,3.011388888888889
25,2025-04-17,,,,,,,2,0.0,2.0094444444444446
25,2025-04-18,,,,,,,2,0.0,1.25
25,2025-04-19,,,,,,,2,0.0,1.1916666666666667
25,2025-04-20,,,,,,,3,0.0,2.1725
25,2025-04-21,,,,,,,3,0.0,2.3333333333333335
25,2025-04-22,,,,,,,1,0.0,0.8333333333333334
25,2025-04-23,,,,,,,4,0.0,2.403611111111111
25,2025-04-24,,,,,,,1,0.0,0.9666666666666667
25,2025-04-25,,,,,,,1,0.0,1.0
25,2025-04-26,,,,,,,1,0.0,1.0177777777777777
25,2025-04-27,,,,,,,1,0.0,0.8666666666666667
25,2025-04-28,,,,,,,2,0.0,1.926388888888889
25,2025-04-29,,,,,,,3,0.0,2.2605555555555554
25,2025-04-30,,,,,,,2,0.0,2.1166666666666667
25,2025-05-01,,,,,,,1,0.0,1.0830555555555557
25,2025-05-02,,,,,,,2,0.0,1.9247222222222222
25,2025-05-03,,,,,,,1,0.0,2.0122222222222224
25,2025-05-04,,,,,,,1,0.0,0.0
25,2025-05-05,,,,,,,2,0.0,2.0855555555555556
25,2025-05-06,,,,,,,1,0.0,1.0830555555555557
25,2025-05-07,,,,,,,1,0.0,0.7441666666666666
25,2025-05-08,,,,,,,2,0.0,2.75
25,2025-05-09,,,,,,,2,0.0,2.0
25,2025-05-10,,,,,,,1,0.0,0.7516666666666667
25,2025-05-11,,,,,,,1,0.0,1.25
25,2025-05-12,,,,,,,2,0.0,1.7547222222222223
25,2025-05-13,,,,,,,2,0.0,1.498888888888889
25,2025-05-14,,,,,,,1,0.0,1.25
25,2025-05-15,,,,,,,2,0.0,3.25
25,2025-05-16,,,,,,,1,0.0,1.0
25,2025-05-17,,,,,,,1,0.0,2.0
25,2025-05-18,,,,,,,1,0.0,1.0
25,2025-05-19,,,,,,,3,0.0,2.8594444444444442
25,2025-05-20,,,,,,,3,0.0,3.12
25,2025-05-21,,,,,,,2,0.0,1.8880555555555556
25,2025-05-22,,,,,,,2,0.0,2.5005555555555556
25,2025-05-23,,,,,,,2,0.0,1.393888888888889
25,2025-05-24,,,,,,,2,0.0,2.4744444444444444
25,2025-05-25,,,,,,,2,0.0,2.4730555555555553
25,2025-05-26,,,,,,,2,0.0,1.4172222222222222
25,2025-05-27,,,,,,,3,0.0,3.7494444444444444
25,2025-05-28,,,,,,,3,0.0,3.245277777777778
25,2025-05-29,,,,,,,2,0.0,2.3341666666666665
25,2025-05-30,,,,,,,2,0.0,2.4166666666666665
25,2025-05-31,,,,,,,2,0.0,2.578333333333333
25,2025-06-01,,,,,,,2,0.0,2.660277777777778
25,2025-06-02,,,,,,,2,0.0,0.5
25,2025-06-03,,,,,,,3,0.0,2.3333333333333335
25,2025-06-04,,,,,,,3,0.0,2.932777777777778
25,2025-06-05,,,,,,,3,0.0,2.107222222222222
25,2025-06-06,,,,,,,2,0.0,1.2544444444444445
25,2025-06-07,,,,,,,2,0.0,1.6622222222222223
25,2025-06-08,,,,,,,2,0.0,3.3480555555555553
25,2025-06-09,,,,,,,3,0.0,3.047222222222222
25,2025-06-10,,,,,,,3,0.0,3.283611111111111
25,2025-06-11,,,,,,,1,0.0,0.6525
25,2025-06-12,,,,,,,3,0.0,4.162222222222222
25,2025-06-13,,,,,,,3,0.0,3.2463888888888888
25,2025-06-14,,,,,,,2,0.0,1.9602777777777778
25,2025-06-15,,,,,,,2,0.0,3.4077777777777776
25,2025-06-16,,,,,,,3,0.0,2.8866666666666667
25,2025-06-17,,,,,,,3,0.0,3.688888888888889
25,2025-06-18,,,,,,,2,0.0,2.522222222222222
25,2025-06-19,,,,,,,2,0.0,2.084722222222222
25,2025-06-20,,,,,,,3,0.0,2.9616666666666664
25,2025-06-21,,,,,,,2,0.0,2.4283333333333332
25,2025-06-22,,,,,,,2,0.0,3.2769444444444447
25,2025-06-23,,,,,,,2,0.0,2.081111111111111
25,2025-06-24,,,,,,,4,0.0,2.948611111111111
25,2025-06-25,,,,,,,2,0.0,1.9388888888888889
25,2025-06-26,,,,,,,2,0.0,2.7555555555555555
25,2025-06-27,,,,,,,2,0.0,1.7291666666666667
25,2025-06-28,,,,,,,2,0.0,2.4852777777777777
25,2025-06-29,,,,,,,2,0.0,3.5997222222222223
25,2025-06-30,,,,,,,3,0.0,3.321111111111111
25,2025-07-01,,,,,,,4,0.0,2.6466666666666665
25,2025-07-02,,,,,,,2,0.0,2.102777777777778
25,2025-07-03,,,,,,,3,0.0,3.057777777777778
25,2025-07-04,,,,,,,2,0.0,1.7494444444444444
25,2025-07-05,,,,,,,1,0.0,0.5
25,2025-07-06,,,,,,,3,0.0,4.414722222222222
25,2025-07-07,,,,,,,3,0.0,2.7783333333333333
25,2025-07-08,,,,,,,3,0.0,2.466388888888889
25,2025-07-09,,,,,,,1,0.0,0.0
25,2025-07-10,,,,,,,3,0.0,1.1552777777777778
25,2025-07-11,,,,,,,3,0.0,1.3416666666666666
25,2025-07-12,,,,,,,1,0.0,0.3327777777777778
25,2025-07-13,,,,,,,3,0.0,2.247777777777778
25,2025-07-14,,,,,,,3,0.0,2.3802777777777777
25,2025-07-15,,,,,,,3,0.0,3.2741666666666664
25,2025-07-16,,,,,,,3,0.0,1.8
25,2025-07-17,,,,,,,3,0.0,1.8494444444444444
25,2025-07-18,,,,,,,3,0.0,1.3788888888888888
25,2025-07-20,,,,,,,1,0.0,0.0
25,2025-07-21,,,,,,,1,0.0,0.6827777777777778
25,2025-07-22,,,,,,,3,0.0,3.292777777777778
25,2025-07-23,,,,,,,3,0.0,2.17
25,2025-07-24,,,,,,,3,0.0,4.166666666666667
25,2025-07-25,,,,,,,3,0.0,2.6577777777777776
25,2025-07-26,,,,,,,3,0.0,4.814166666666667
25,2025-07-27,,,,,,,1,0.0,1.3163888888888888
25,2025-08-07,,,,,,,1,0.0,0.5
25,2025-08-08,,,,,,,1,0.0,0.4216666666666667
25,2025-08-09,,,,,,,1,0.0,0.0
25,2025-08-10,,,,,,,1,0.0,0.5
25,2025-08-11,,,,,,,1,0.0,0.4166666666666667
25,2025-08-12,,,,,,,1,0.0,0.0
25,2025-08-13,,,,,,,2,0.0,0.8983333333333333
25,2025-08-14,,,,,,,2,0.0,0.4166666666666667
25,2025-08-15,,,,,,,2,0.0,1.0333333333333334
25,2025-08-16,,,,,,,2,0.0,1.1666666666666667
25,2025-08-17,,,,,,,2,0.0,1.9327777777777777
25,2025-08-18,,,,,,,4,0.0,1.385
25,2025-08-19,,,,,,,5,0.0,1.5305555555555554
25,2025-08-21,,,,,,,1,0.0,0.0
25,2025-08-22,,,,,,,1,0.0,0.0
25,2025-08-23,,,,,,,1,0.0,0.0
25,2025-08-24,,,,,,,1,0.0,0.0
25,2025-08-25,,,,,,,1,0.0,0.4191666666666667
25,2025-08-26,,,,,,,1,0.0,0.525
25,2025-08-29,,,,,,,2,0.0,1.7413888888888889
25,2025-08-30,,,,,,,1,0.0,1.5005555555555556
25,2025-08-31,,,,,,,1,0.0,1.1197222222222223
25,2025-09-01,,,,,,,2,0.0,0.5394444444444444
25,2025-09-02,,,,,,,1,0.0,0.4936111111111111
25,2025-09-03,,,,,,,2,0.0,1.3877777777777778
25,2025-09-04,,,,,,,2,0.0,1.1527777777777777
25,2025-09-05,,,,,,,2,0.0,1.3466666666666667
25,2025-09-06,,,,,,,1,0.0,1.346111111111111
25,2025-09-08,,,,,,,2,0.0,1.3002777777777779
25,2025-09-09,,,,,,,2,0.0,0.7863888888888889
25,2025-09-11,,,,,,,1,0.0,0.8436111111111111
25,2025-09-12,,,,,,,3,0.0,2.582777777777778
25,2025-09-13,,,,,,,1,0.0,1.2344444444444445
25,2025-09-15,,,,,,,2,0.0,1.1616666666666666
25,2025-09-16,,,,,,,2,0.0,1.1944444444444444
25,2025-09-17,,,,,,,3,0.0,2.7733333333333334
25,2025-09-19,,,,,,,1,0.0,0.8697222222222222
25,2025-09-20,,,,,,,2,0.0,2.081111111111111
25,2025-09-21,,,,,,,1,0.0,0.54
25,2025-09-22,,,,,,,2,0.0,1.1788888888888889
25,2025-09-23,,,,,,,1,0.0,0.8611111111111112
25,2025-09-26,,,,,,,2,0.0,0.7416666666666667
25,2025-09-29,,,,,,,2,0.0,1.3033333333333332
25,2025-10-03,,,,,,,1,0.0,0.03111111111111111
25,2025-10-04,,,,,,,1,0.0,0.5561111111111111
25,2025-10-06,,,,,,,2,0.0,1.2591666666666668
25,2025-10-07,,,,,,,2,0.0,1.1825
25,2025-10-08,,,,,,,2,0.0,1.6872222222222222
25,2025-10-09,,,,,,,1,0.0,0.4086111111111111
25,2025-10-10,,,,,,,1,0.0,0.9127777777777778
25,2025-10-11,,,,,,,1,0.0,0.9558333333333333
25,2025-10-13,,,,,,,1,0.0,0.6530555555555555
25,2025-10-14,,,,,,,1,0.0,0.5902777777777778
25,2025-10-15,,,,,,,2,0.0,1.6091666666666666
25,2025-10-16,,,,,,,1,0.0,0.8072222222222222
25,2025-10-17,,,,,,,1,0.0,0.8694444444444445
25,2025-10-18,,,,,,,1,0.0,1.0552777777777778
25,2025-10-20,,,,,,,3,0.0,0.5552777777777778
25,2025-10-21,,,,,,,2,0.0,1.1880555555555556
25,2025-10-22,,,,,,,2,0.0,1.2986111111111112
25,2025-10-23,,,,,,,1,0.0,0.4288888888888889
25,2025-10-24,,,,,,,3,0.0,0.8283333333333334
25,2025-10-25,,,,,,,1,0.0,0.5013888888888889
25,2025-10-27,,,,,,,1,0.0,0.9594444444444444
25,2025-10-28,,,,,,,1,0.0,0.6983333333333334
25,2025-12-26,,,,,,,1,0.0,0.7666666666666667
27,2026-01-08,,,,,,,2,121.98,3.118888888888889
27,2026-01-09,,,,,,,1,139.91,3.17
27,2026-01-10,,,,,,,1,140.2,3.7066666666666666
27,2026-01-11,,,,,,,2,35.21,1.5355555555555556
27,2026-01-12,,,,,,,1,228.96,4.0075
27,2026-01-13,,,,,,,1,139.21,3.4077777777777776
27,2026-01-14,,,,,,,1,186.69,3.6663888888888887
27,2026-01-25,,,,,,,4,227.14,4.3025
27,2026-01-26,,,,,,,3,130.26,3.0655555555555556
27,2026-01-27,,,,,,,1,0.0,0.0
27,2026-01-28,,,,,,,1,232.76,4.264166666666667
27,2026-01-29,,,,,,,2,177.2,3.1766666666666667
27,2026-01-30,,,,,,,1,192.0,3.6675
27,2026-01-31,,,,,,,2,375.0,5.505277777777778
27,2026-02-01,,,,,,,1,169.58,3.3808333333333334
34,2026-01-08,7.1109166,56.0,57.393845,,,,2,106.54,1.2663888888888888
34,2026-01-09,6.950839,56.0,63.23884,,,,2,153.62,1.8425
34,2026-01-10,7.298661,55.0,68.34378,,,,2,26.43,0.75
34,2026-01-11,8.314055,53.0,63.589737,,,,1,83.16,1.5438888888888889
34,2026-01-12,5.6938667,55.0,59.714916,,,,3,342.77,1.6780555555555556
34,2026-01-13,6.5766973,54.0,64.23645,,,,2,824.83,1.8811111111111112
34,2026-01-14,9.861,56.0,59.833885,,,,3,166.73,2.4786111111111113
34,2026-01-25,7.9020276,54.0,58.650936,,,,3,123.8,2.7202777777777776
34,2026-01-26,7.1927204,55.0,54.95669,,,,4,159.48,3.6075
34,2026-01-27,8.293725,55.0,55.47857,,,,2,7705.49,1.5013888888888889
34,2026-01-28,7.158375,57.0,55.34317,,,,3,141.11,3.1075
34,2026-01-29,7.6829,56.0,59.18431,,,,2,84.2,2.3733333333333335
34,2026-01-30,8.50262,56.0,54.644558,,,,3,121.45,3.506666666666667
34,2026-01-31,7.3909054,56.0,55.405895,,,,3,171.49,3.8855555555555554
34,2026-02-01,9.383146,57.0,57.148,,,,2,80.7,1.5825
35,2024-12-29,,,,,,,1,269.15,1.0016666666666667
35,2024-12-30,,,,,,,1,0.0,1.9052777777777778
35,2025-01-01,,,,,,,1,237.52,0.8322222222222222
35,2025-01-04,,,,,,,1,221.04,2.5194444444444444
35,2025-01-08,,,,,,,1,262.13,0.8788888888888889
35,2025-01-09,,,,,,,1,276.8,1.116111111111111
35,2025-01-10,,,,,,,1,112.37,2.0225
35,2025-01-11,,,,,,,1,25.24,0.5644444444444444
35,2025-01-12,,,,,,,1,242.44,0.8344444444444444
35,2025-01-13,,,,,,,1,337.61,0.8911111111111111
35,2025-01-14,,,,,,,1,0.0,1.893888888888889
35,2025-01-15,,,,,,,1,265.5,0.8008333333333333
35,2025-01-16,,,,,,,1,484.49,1.3366666666666667
35,2025-01-17,,,,,,,1,126.99,1.93
35,2025-01-18,,,,,,,1,234.98,2.6972222222222224
35,2025-01-19,,,,,,,1,218.0,0.8033333333333333
35,2025-01-24,,,,,,,1,358.49,0.9930555555555556
35,2025-01-25,,,,,,,2,188.06,2.777222222222222
35,2025-01-26,,,,,,,1,213.03,0.8344444444444444
35,2025-01-27,,,,,,,1,440.49,1.0591666666666666
35,2025-01-28,,,,,,,1,60.05,1.5013888888888889
35,2025-01-29,,,,,,,1,264.93,0.6591666666666667
35,2025-01-31,,,,,,,1,388.95,1.0680555555555555
35,2025-02-01,,,,,,,3,339.43,2.1725
35,2025-02-02,,,,,,,2,390.43,3.318888888888889
35,2025-02-03,,,,,,,3,119.21,3.4408333333333334
35,2025-02-04,,,,,,,3,190.06,3.7544444444444443
35,2025-02-05,,,,,,,3,116.63,3.375277777777778
35,2025-02-06,,,,,,,4,254.05,4.548055555555556
35,2025-02-07,,,,,,,3,109.98,2.9530555555555558
35,2025-02-08,,,,,,,3,284.43,4.8805555555555555
35,2025-02-09,,,,,,,3,219.1,3.4883333333333333
35,2025-02-10,,,,,,,3,109.58,3.4697222222222224
35,2025-02-11,,,,,,,3,168.82,3.571388888888889
35,2025-02-12,,,,,,,3,152.71,3.3669444444444445
35,2025-02-13,,,,,,,4,238.1,4.482222222222222
35,2025-02-14,,,,,,,4,125.78,3.076388888888889
35,2025-02-15,,,,,,,3,243.14,3.577777777777778
35,2025-02-16,,,,,,,5,163.47,4.3661111111111115
35,2025-02-17,,,,,,,4,219.91,2.9283333333333332
35,2025-02-18,,,,,,,4,247.39,3.616388888888889
35,2025-02-19,,,,,,,5,228.74,3.6883333333333335
35,2025-02-20,,,,,,,5,214.96,4.715277777777778
35,2025-02-21,,,,,,,4,135.31,3.0816666666666666
35,2025-02-22,,,,,,,3,384.11,4.245555555555556
35,2025-02-23,,,,,,,4,283.31,2.946388888888889
35,2025-02-24,,,,,,,4,217.61,2.950277777777778
35,2025-02-25,,,,,,,4,211.48,3.3897222222222223
35,2025-02-26,,,,,,,4,238.43,2.8741666666666665
35,2025-02-27,,,,,,,3,145.99,1.8227777777777778
35,2025-02-28,,,,,,,5,422.37,2.3827777777777777
35,2025-03-01,,,,,,,4,295.16,4.8525
35,2025-03-02,,,,,,,3,25.5,1.6666666666666667
35,2025-03-03,,,,,,,4,255.37,2.8383333333333334
35,2025-03-04,,,,,,,3,192.88,2.3513888888888888
35,2025-03-05,,,,,,,4,336.93,3.542777777777778
35,2025-03-06,,,,,,,4,182.52,2.3794444444444443
35,2025-03-07,,,,,,,4,369.86,4.455277777777778
35,2025-03-08,,,,,,,6,226.86,2.0866666666666664
35,2025-03-09,,,,,,,3,268.73,2.2933333333333334
35,2025-03-10,,,,,,,4,264.65,3.3305555555555557
35,2025-03-11,,,,,,,5,258.55,3.631388888888889
35,2025-03-12,,,,,,,4,284.94,3.1841666666666666
35,2025-03-13,,,,,,,4,214.37,3.2797222222222224
35,2025-03-14,,,,,,,4,185.07,2.8766666666666665
35,2025-03-15,,,,,,,3,299.33,3.5294444444444446
35,2025-03-16,,,,,,,3,252.36,2.2733333333333334
35,2025-03-17,,,,,,,4,285.81,3.303611111111111
35,2025-03-18,,,,,,,5,246.99,3.3194444444444446
35,2025-03-19,,,,,,,4,257.18,2.8558333333333334
35,2025-03-20,,,,,,,2,136.27,0.8063888888888889
35,2025-03-21,,,,,,,6,248.96,2.7327777777777778
35,2025-03-22,,,,,,,4,190.17,3.790277777777778
35,2025-03-23,,,,,,,3,163.23,1.8355555555555556
35,2025-03-24,,,,,,,3,232.28,3.2819444444444446
35,2025-03-25,,,,,,,2,180.39,2.0655555555555556
35,2025-03-26,,,,,,,3,234.83,2.5419444444444443
35,2025-03-27,,,,,,,3,142.23,1.6702777777777778
35,2025-03-28,,,,,,,1,45.41,0.5361111111111111
35,2025-03-29,,,,,,,1,62.29,0.8811111111111111
35,2025-03-30,,,,,,,3,25.5,1.5
35,2025-03-31,,,,,,,3,71.38,2.6663888888888887
35,2025-04-01,,,,,,,3,67.32,2.4169444444444443
35,2025-04-02,,,,,,,1,30.6,0.44055555555555553
35,2025-04-03,,,,,,,3,56.18,1.5030555555555556
35,2025-04-04,,,,,,,3,69.03,1.0283333333333333
35,2025-04-05,,,,,,,1,54.54,1.5502777777777779
35,2025-04-06,,,,,,,1,69.94,1.878611111111111
35,2025-04-07,,,,,,,2,142.85,1.6788888888888889
35,2025-04-08,,,,,,,2,155.92,0.6666666666666666
35,2025-04-09,,,,,,,2,195.87,2.9105555555555553
35,2025-04-10,,,,,,,2,129.42,1.4341666666666666
35,2025-04-11,,,,,,,2,130.09,1.5522222222222222
35,2025-04-12,,,,,,,1,177.84,2.548611111111111
35,2025-04-13,,,,,,,2,160.17,1.84
35,2025-04-14,,,,,,,3,196.93,3.0027777777777778
35,2025-04-15,,,,,,,3,202.35,3.5327777777777776
35,2025-04-16,,,,,,,4,145.03,3.2552777777777777
35,2025-04-17,,,,,,,1,0.0,0.0
35,2025-04-18,,,,,,,1,0.0,0.0
35,2025-04-19,,,,,,,2,150.88,2.8152777777777778
35,2025-04-20,,,,,,,3,261.7,2.2919444444444443
35,2025-04-21,,,,,,,3,92.27,3.1863888888888887
35,2025-04-22,,,,,,,3,179.92,3.665
35,2025-04-23,,,,,,,3,94.41,3.2713888888888887
35,2025-04-24,,,,,,,3,43.22,3.5505555555555555
35,2025-04-25,,,,,,,4,150.07,0.9097222222222222
35,2025-04-26,,,,,,,3,201.8,4.870277777777778
35,2025-04-27,,,,,,,3,219.2,3.5308333333333333
35,2025-04-28,,,,,,,3,158.08,2.9358333333333335
35,2025-04-29,,,,,,,3,232.22,3.4091666666666667
35,2025-04-30,,,,,,,2,60.34,2.441666666666667
35,2025-05-01,,,,,,,3,244.09,2.6508333333333334
35,2025-05-02,,,,,,,2,57.34,1.9794444444444443
35,2025-05-03,,,,,,,2,276.5,4.511111111111111
35,2025-05-04,,,,,,,2,320.7,2.4875
35,2025-05-05,,,,,,,3,202.4,2.8744444444444444
35,2025-05-06,,,,,,,3,259.4,3.7194444444444446
35,2025-05-07,,,,,,,3,228.8,2.7830555555555554
35,2025-05-08,,,,,,,3,210.14,3.155
35,2025-05-09,,,,,,,2,63.66,2.1191666666666666
35,2025-05-10,,,,,,,2,199.39,3.5269444444444447
35,2025-05-11,,,,,,,2,311.73,2.686111111111111
35,2025-05-12,,,,,,,3,153.82,2.573888888888889
35,2025-05-13,,,,,,,3,224.66,3.129722222222222
35,2025-05-14,,,,,,,2,152.54,3.1166666666666667
35,2025-05-15,,,,,,,4,266.86,3.068888888888889
35,2025-05-16,,,,,,,2,140.54,1.7502777777777778
35,2025-05-17,,,,,,,2,233.95,3.517777777777778
35,2025-05-18,,,,,,,2,330.03,2.6458333333333335
35,2025-05-19,,,,,,,3,126.97,2.5708333333333333
35,2025-05-20,,,,,,,3,208.49,3.5702777777777777
35,2025-05-21,,,,,,,4,159.79,2.8313888888888887
35,2025-05-22,,,,,,,5,286.33,3.8202777777777777
35,2025-05-23,,,,,,,4,103.4,3.1302777777777777
35,2025-05-24,,,,,,,2,223.76,2.5094444444444446
35,2025-05-25,,,,,,,2,211.72,2.0633333333333335
35,2025-05-26,,,,,,,3,82.8,2.3180555555555555
35,2025-05-27,,,,,,,1,87.68,0.5391666666666667
35,2025-05-28,,,,,,,3,186.3,2.2983333333333333
35,2025-05-29,,,,,,,3,86.51,2.0508333333333333
35,2025-05-30,,,,,,,2,129.07,1.1558333333333333
35,2025-05-31,,,,,,,3,113.87,0.9927777777777778
35,2025-06-01,,,,,,,2,83.59,0.7391666666666666
35,2025-06-02,,,,,,,1,0.0,0.3333333333333333
35,2025-06-03,,,,,,,3,185.23,2.7191666666666667
35,2025-06-04,,,,,,,2,159.45,1.8058333333333334
35,2025-06-05,,,,,,,3,190.78,3.5375
35,2025-06-06,,,,,,,2,75.4,1.3991666666666667
35,2025-06-07,,,,,,,2,256.07,3.4697222222222224
35,2025-06-08,,,,,,,2,276.59,2.3175
35,2025-06-09,,,,,,,2,81.12,1.3905555555555555
35,2025-06-10,,,,,,,1,52.26,0.33805555555555555
35,2025-06-11,,,,,,,3,321.74,2.7622222222222224
35,2025-06-12,,,,,,,3,195.46,3.6519444444444447
35,2025-06-13,,,,,,,3,250.09,4.4366666666666665
35,2025-06-14,,,,,,,3,56.99,4.5875
35,2025-06-15,,,,,,,1,105.1,1.468611111111111
35,2025-06-16,,,,,,,3,150.75,3.5875
35,2025-06-17,,,,,,,3,161.18,3.5838888888888887
35,2025-06-18,,,,,,,2,46.69,1.1488888888888888
35,2025-06-19,,,,,,,3,205.51,4.209722222222222
35,2025-06-20,,,,,,,2,82.52,2.5
35,2025-06-21,,,,,,,2,99.24,3.9658333333333333
35,2025-06-22,,,,,,,2,252.25,2.246111111111111
35,2025-06-23,,,,,,,4,59.46,2.8027777777777776
35,2025-06-24,,,,,,,5,52.74,1.8616666666666666
35,2025-06-25,,,,,,,3,97.07,1.5727777777777778
35,2025-06-26,,,,,,,5,172.03,2.223611111111111
35,2025-06-27,,,,,,,3,78.81,1.6747222222222222
35,2025-06-28,,,,,,,3,243.19,4.110555555555556
35,2025-06-29,,,,,,,3,327.34,2.38
35,2025-06-30,,,,,,,4,185.93,4.331944444444445
35,2025-07-01,,,,,,,5,164.03,2.564722222222222
35,2025-07-02,,,,,,,5,201.71,2.395
35,2025-07-03,,,,,,,6,309.77,3.8072222222222223
35,2025-07-04,,,,,,,3,112.67,1.573888888888889
35,2025-07-05,,,,,,,3,200.15,3.491111111111111
35,2025-07-06,,,,,,,3,429.1,2.2494444444444444
35,2025-07-07,,,,,,,3,327.56,2.908611111111111
35,2025-07-08,,,,,,,3,110.92,3.4563888888888887
35,2025-07-09,,,,,,,3,580.6,2.897222222222222
35,2025-07-10,,,,,,,3,171.44,2.777222222222222
35,2025-07-11,,,,,,,3,137.34,2.1555555555555554
35,2025-07-12,,,,,,,2,238.81,3.5769444444444445
35,2025-07-13,,,,,,,2,250.66,2.3169444444444443
35,2025-07-14,,,,,,,3,380.46,3.046388888888889
35,2025-07-15,,,,,,,3,174.26,2.977777777777778
35,2025-07-16,,,,,,,2,347.57,2.0741666666666667
35,2025-07-17,,,,,,,3,293.01,3.7916666666666665
35,2025-07-18,,,,,,,2,268.36,1.9577777777777778
35,2025-07-19,,,,,,,2,256.08,3.7175
35,2025-07-20,,,,,,,2,628.56,2.452777777777778
35,2025-07-21,,,,,,,3,183.17,2.7869444444444444
35,2025-07-22,,,,,,,3,167.14,4.0536111111111115
35,2025-07-23,,,,,,,3,252.43,2.263333333333333
35,2025-07-24,,,,,,,3,263.74,3.7641666666666667
35,2025-07-25,,,,,,,3,181.11,2.5005555555555556
35,2025-07-26,,,,,,,2,220.94,3.7494444444444444
35,2025-07-27,,,,,,,2,347.42,2.7758333333333334
35,2025-07-28,,,,,,,4,237.23,4.5969444444444445
35,2025-07-29,,,,,,,3,143.66,3.5436111111111113
35,2025-07-30,,,,,,,4,246.76,3.8802777777777777
35,2025-07-31,,,,,,,5,178.67,4.286388888888889
35,2025-08-01,,,,,,,4,167.14,3.486666666666667
35,2025-08-02,,,,,,,2,246.07,3.6658333333333335
35,2025-08-03,,,,,,,2,352.37,2.700277777777778
35,2025-08-04,,,,,,,3,180.23,3.6663888888888887
35,2025-08-05,,,,,,,3,208.36,3.443611111111111
35,2025-08-06,,,,,,,3,179.9,3.881111111111111
35,2025-08-07,,,,,,,3,81.31,3.8725
35,2025-08-08,,,,,,,3,164.88,2.3925
35,2025-08-09,,,,,,,2,41.1,4.5875
35,2025-08-10,,,,,,,2,378.48,2.908333333333333
35,2025-08-11,,,,,,,3,263.44,3.801388888888889
35,2025-08-12,,,,,,,3,292.98,2.7794444444444446
35,2025-08-13,,,,,,,3,123.06,2.3105555555555557
35,2025-08-14,,,,,,,3,331.75,3.4947222222222223
35,2025-08-15,,,,,,,3,198.61,2.5616666666666665
35,2025-08-16,,,,,,,2,295.0,4.3213888888888885
35,2025-08-17,,,,,,,2,390.13,3.084722222222222
35,2025-08-18,,,,,,,3,293.08,3.703888888888889
35,2025-08-19,,,,,,,3,261.16,2.8108333333333335
35,2025-08-20,,,,,,,3,222.83,2.651666666666667
35,2025-08-21,,,,,,,3,291.59,3.5613888888888887
35,2025-08-22,,,,,,,3,234.25,2.7441666666666666
35,2025-08-23,,,,,,,2,279.35,4.512777777777778
35,2025-08-24,,,,,,,2,423.08,2.93
35,2025-08-25,,,,,,,3,223.64,3.5652777777777778
35,2025-08-26,,,,,,,3,249.8,2.6505555555555556
35,2025-08-27,,,,,,,3,215.61,2.531111111111111
35,2025-08-28,,,,,,,3,122.5,3.741388888888889
35,2025-08-29,,,,,,,3,188.35,2.354722222222222
35,2025-08-30,,,,,,,2,294.08,4.2575
35,2025-08-31,,,,,,,2,420.84,2.8672222222222223
35,2025-09-01,,,,,,,3,237.33,4.108888888888889
35,2025-09-02,,,,,,,3,185.55,3.1566666666666667
35,2025-09-03,,,,,,,3,326.05,2.7247222222222223
35,2025-09-04,,,,,,,3,124.44,4.705277777777778
35,2025-09-05,,,,,,,3,298.29,2.7247222222222223
35,2025-09-06,,,,,,,3,205.26,2.424722222222222
35,2025-09-07,,,,,,,2,470.46,3.0344444444444445
35,2025-09-08,,,,,,,3,245.84,3.2944444444444443
35,2025-09-09,,,,,,,3,167.73,2.8577777777777778
35,2025-09-10,,,,,,,3,254.93,3.089722222222222
35,2025-09-11,,,,,,,3,249.05,4.6258333333333335
35,2025-09-12,,,,,,,3,277.18,2.336388888888889
35,2025-09-13,,,,,,,2,225.92,3.5533333333333332
35,2025-09-14,,,,,,,2,297.15,2.116388888888889
35,2025-09-15,,,,,,,4,210.11,4.850555555555555
35,2025-09-16,,,,,,,2,107.8,2.5875
35,2025-09-17,,,,,,,2,117.22,1.7177777777777778
35,2025-09-18,,,,,,,3,220.62,1.8547222222222222
35,2025-09-19,,,,,,,3,95.37,1.5975
35,2025-09-20,,,,,,,2,90.07,1.2505555555555556
35,2025-09-21,,,,,,,1,108.98,1.4155555555555555
35,2025-09-22,,,,,,,3,230.61,3.811111111111111
35,2025-09-23,,,,,,,2,148.88,2.460277777777778
35,2025-09-24,,,,,,,3,223.25,2.0994444444444444
35,2025-09-25,,,,,,,3,145.61,1.3475
35,2025-09-26,,,,,,,1,62.44,0.45472222222222225
35,2025-09-27,,,,,,,1,108.98,1.4155555555555555
35,2025-09-28,,,,,,,1,0.0,0.0
35,2025-09-29,,,,,,,3,104.48,3.381111111111111
35,2025-09-30,,,,,,,3,162.44,3.566666666666667
35,2025-10-01,,,,,,,4,141.12,3.071111111111111
35,2025-10-02,,,,,,,1,0.0,0.0
35,2025-10-03,,,,,,,3,162.17,2.749722222222222
35,2025-10-04,,,,,,,2,194.0,3.2416666666666667
35,2025-10-05,,,,,,,2,382.03,2.9097222222222223
35,2025-10-06,,,,,,,3,162.31,2.5480555555555555
35,2025-10-07,,,,,,,3,246.97,3.921388888888889
35,2025-10-08,,,,,,,4,237.36,5.131111111111111
35,2025-10-09,,,,,,,4,368.15,4.406666666666666
35,2025-10-10,,,,,,,3,144.44,2.7230555555555553
35,2025-10-11,,,,,,,3,225.76,2.9163888888888887
35,2025-10-12,,,,,,,2,376.1,2.352222222222222
35,2025-10-13,,,,,,,3,169.03,2.4880555555555555
35,2025-10-14,,,,,,,3,249.62,4.271388888888889
35,2025-10-15,,,,,,,4,165.73,4.881111111111111
35,2025-10-16,,,,,,,3,248.23,3.4844444444444442
35,2025-10-17,,,,,,,3,81.79,2.881111111111111
35,2025-10-18,,,,,,,2,204.64,2.345833333333333
35,2025-10-19,,,,,,,2,239.18,2.3525
35,2025-10-20,,,,,,,3,136.1,2.463888888888889
35,2025-10-21,,,,,,,1,0.0,0.0
35,2025-10-22,,,,,,,3,57.9,1.7944444444444445
35,2025-10-23,,,,,,,3,157.73,1.4111111111111112
35,2025-10-24,,,,,,,3,76.85,0.8816666666666667
35,2025-10-25,,,,,,,3,80.4,1.0755555555555556
35,2025-10-26,,,,,,,2,82.11,0.6719444444444445
35,2025-10-27,,,,,,,2,115.68,0.9038888888888889
35,2025-10-28,,,,,,,3,82.44,2.412777777777778
35,2025-10-29,,,,,,,3,106.46,2.3216666666666668
35,2025-10-30,,,,,,,3,51.94,2.716666666666667
35,2025-10-31,,,,,,,3,102.94,1.9425
35,2025-11-01,,,,,,,3,107.93,1.25
35,2025-11-02,,,,,,,2,128.21,0.53
35,2025-11-03,,,,,,,1,0.0,0.0
35,2025-11-04,,,,,,,1,0.0,0.0
35,2025-11-05,,,,,,,1,0.0,0.0
35,2025-11-06,,,,,,,1,0.0,0.0
35,2025-11-07,,,,,,,1,0.0,0.0
35,2025-11-08,,,,,,,1,0.0,0.0
35,2025-11-09,,,,,,,1,0.0,0.0
35,2025-11-10,,,,,,,2,111.79,1.458888888888889
35,2025-11-11,,,,,,,3,223.68,4.671388888888889
35,2025-11-12,,,,,,,2,60.6,1.5875
35,2025-11-13,,,,,,,3,153.01,3.8158333333333334
35,2025-11-14,,,,,,,2,90.56,1.9011111111111112
35,2025-11-15,,,,,,,2,71.52,3.415277777777778
35,2025-11-16,,,,,,,2,254.28,3.182777777777778
35,2025-11-17,,,,,,,3,236.66,3.276388888888889
35,2025-11-18,,,,,,,3,184.34,3.875277777777778
35,2025-11-19,,,,,,,4,151.69,3.881111111111111
35,2025-11-20,,,,,,,3,71.16,2.7344444444444442
35,2025-11-21,,,,,,,4,125.26,3.8375
35,2025-11-22,,,,,,,2,41.1,3.5875
35,2025-11-23,,,,,,,3,95.87,3.7169444444444446
35,2025-11-24,,,,,,,3,32.04,2.4405555555555556
35,2025-11-25,,,,,,,3,117.68,2.8430555555555554
35,2025-11-26,,,,,,,2,66.6,1.5875
35,2025-11-27,,,,,,,3,62.33,3.5275
35,2025-11-28,,,,,,,2,31.75,1.6905555555555556
35,2025-11-29,,,,,,,2,41.1,3.5875
35,2025-11-30,,,,,,,2,291.58,2.4522222222222223
35,2025-12-01,,,,,,,3,32.04,2.4405555555555556
35,2025-12-02,,,,,,,3,117.68,2.8430555555555554
35,2025-12-03,,,,,,,2,66.6,1.5875
35,2025-12-04,,,,,,,3,62.33,3.5275
35,2025-12-05,,,,,,,2,31.75,1.6905555555555556
35,2025-12-06,,,,,,,2,41.1,3.5875
35,2025-12-07,,,,,,,2,163.1,2.9094444444444445
35,2025-12-08,,,,,,,3,134.14,2.9058333333333333
35,2025-12-09,,,,,,,3,157.59,3.1366666666666667
35,2025-12-10,,,,,,,3,54.96,4.0875
35,2025-12-11,,,,,,,3,62.33,3.5275
35,2025-12-12,,,,,,,2,31.75,1.6905555555555556
35,2025-12-13,,,,,,,2,41.1,3.5875
35,2025-12-14,,,,,,,2,130.6,2.468611111111111
35,2025-12-15,,,,,,,3,110.35,3.0875
35,2025-12-16,,,,,,,3,197.34,3.3375
35,2025-12-17,,,,,,,4,52.4,4.5875
35,2025-12-18,,,,,,,3,136.11,4.370833333333334
35,2025-12-19,,,,,,,4,179.89,3.78
35,2025-12-20,,,,,,,2,41.1,3.5875
35,2025-12-21,,,,,,,3,204.87,2.5508333333333333
35,2025-12-22,,,,,,,2,128.43,1.4419444444444445
35,2025-12-23,,,,,,,3,212.54,3.8375
35,2025-12-24,,,,,,,3,102.87,3.381111111111111
35,2025-12-25,,,,,,,1,36.63,1.0
35,2025-12-26,,,,,,,3,135.8,3.631111111111111
35,2025-12-27,,,,,,,3,0.0,0.0
35,2025-12-28,,,,,,,2,0.0,0.0
35,2026-01-09,,,,,,,1,225.3,1.106111111111111
35,2026-01-27,,,,,,,1,17.73,2.3694444444444445
35,2026-01-28,,,,,,,1,9.22,3.3925
35,2026-01-31,,,,,,,1,35.79,0.2922222222222222
35,2026-02-04,,,,,,,1,49.22,0.49972222222222223
35,2026-03-01,,,,,,,1,127.48,0.9861111111111112
35,2026-03-22,,,,,,,1,129.92,0.7783333333333333
36,2024-12-26,,,,,,,5,183.48,3.436111111111111
36,2024-12-27,,,,,,,4,151.31,2.418888888888889
36,2024-12-28,,,,,,,3,76.85,1.518888888888889
36,2024-12-29,,,,,,,4,103.56,2.1366666666666667
36,2024-12-30,,,,,,,5,77.96,1.6747222222222222
36,2024-12-31,,,,,,,4,116.17,1.6697222222222223
36,2025-01-01,,,,,,,5,119.04,2.6863888888888887
36,2025-01-02,,,,,,,4,103.55,2.486111111111111
36,2025-01-03,,,,,,,3,91.0,1.1175
36,2025-01-04,,,,,,,5,132.22,2.6041666666666665
36,2025-01-05,,,,,,,4,140.97,2.4366666666666665
36,2025-01-06,,,,,,,7,138.51,3.0077777777777777
36,2025-01-07,,,,,,,8,156.47,3.209722222222222
36,2025-01-08,,,,,,,6,177.81,3.8075
36,2025-01-09,,,,,,,6,155.2,3.0636111111111113
36,2025-01-10,,,,,,,6,130.97,2.709722222222222
36,2025-01-11,,,,,,,3,36.0,0.8011111111111111
36,2025-01-12,,,,,,,1,0.0,0.050277777777777775
36,2025-01-13,,,,,,,7,168.31,2.9830555555555556
36,2025-01-14,,,,,,,7,139.78,3.0008333333333335
36,2025-01-15,,,,,,,7,144.42,3.0052777777777777
36,2025-01-16,,,,,,,5,169.85,2.7416666666666667
36,2025-01-17,,,,,,,6,158.83,3.1911111111111112
36,2025-01-18,,,,,,,5,128.14,2.6530555555555555
36,2025-01-19,,,,,,,4,104.58,2.0680555555555555
36,2025-01-20,,,,,,,8,139.68,3.113888888888889
36,2025-01-21,,,,,,,8,149.65,3.111666666666667
36,2025-01-22,,,,,,,8,129.18,3.113611111111111
36,2025-01-23,,,,,,,8,153.75,3.0675
36,2025-01-24,,,,,,,7,156.46,3.22
36,2025-01-25,,,,,,,5,132.73,2.536388888888889
36,2025-01-26,,,,,,,4,109.58,2.319722222222222
36,2025-01-27,,,,,,,7,150.2,2.9380555555555556
36,2025-01-28,,,,,,,8,156.38,3.0505555555555555
36,2025-01-29,,,,,,,7,138.1,2.7055555555555557
36,2025-01-30,,,,,,,9,155.79,3.4094444444444445
36,2025-01-31,,,,,,,7,171.98,3.2280555555555557
36,2025-02-01,,,,,,,5,134.94,2.535833333333333
36,2025-02-02,,,,,,,3,95.15,1.4730555555555556
36,2025-02-03,,,,,,,8,133.28,3.062777777777778
36,2025-02-04,,,,,,,8,158.27,3.0502777777777776
36,2025-02-05,,,,,,,8,138.19,3.029166666666667
36,2025-02-06,,,,,,,8,150.31,3.06
36,2025-02-07,,,,,,,7,176.66,3.2283333333333335
36,2025-02-08,,,,,,,5,139.66,2.5388888888888888
36,2025-02-09,,,,,,,2,97.32,1.1675
36,2025-02-10,,,,,,,9,143.61,3.2380555555555555
36,2025-02-11,,,,,,,9,157.21,3.221111111111111
36,2025-02-12,,,,,,,9,133.57,3.2177777777777776
36,2025-02-13,,,,,,,8,169.07,2.839166666666667
36,2025-02-14,,,,,,,7,167.73,3.1880555555555556
36,2025-02-15,,,,,,,5,147.18,2.5355555555555553
36,2025-02-16,,,,,,,3,92.77,1.531111111111111
36,2025-02-17,,,,,,,9,145.55,3.2055555555555557
36,2025-02-18,,,,,,,9,165.96,3.2416666666666667
36,2025-02-19,,,,,,,9,139.18,3.216388888888889
36,2025-02-20,,,,,,,9,177.42,3.201111111111111
36,2025-02-21,,,,,,,7,169.93,3.189722222222222
36,2025-02-22,,,,,,,5,161.04,2.540277777777778
36,2025-02-23,,,,,,,2,90.22,1.2177777777777778
36,2025-02-24,,,,,,,8,135.42,2.8555555555555556
36,2025-02-25,,,,,,,8,138.61,2.828333333333333
36,2025-02-26,,,,,,,8,144.5,2.84
36,2025-02-27,,,,,,,7,176.55,3.305
36,2025-02-28,,,,,,,7,242.09,3.5555555555555554
36,2025-03-01,,,,,,,3,26.87,0.7044444444444444
36,2025-03-02,,,,,,,3,88.23,1.0675
36,2025-03-03,,,,,,,8,135.5,2.8725
36,2025-03-04,,,,,,,8,165.52,2.8694444444444445
36,2025-03-05,,,,,,,8,130.81,2.888888888888889
36,2025-03-06,,,,,,,8,134.14,2.9072222222222224
36,2025-03-07,,,,,,,6,186.9,3.152222222222222
36,2025-03-08,,,,,,,6,170.47,2.7083333333333335
36,2025-03-09,,,,,,,3,92.54,1.5247222222222223
36,2025-03-10,,,,,,,9,162.38,3.772222222222222
36,2025-03-11,,,,,,,8,162.07,3.6422222222222222
36,2025-03-12,,,,,,,9,162.64,3.288611111111111
36,2025-03-13,,,,,,,8,120.84,2.6991666666666667
36,2025-03-14,,,,,,,6,202.94,3.3841666666666668
36,2025-03-15,,,,,,,7,224.3,3.6216666666666666
36,2025-03-16,,,,,,,1,0.0,0.050833333333333335
36,2025-03-17,,,,,,,9,146.62,3.292222222222222
36,2025-03-18,,,,,,,9,177.07,3.2266666666666666
36,2025-03-19,,,,,,,5,141.47,3.465
36,2025-03-20,,,,,,,8,138.69,2.8722222222222222
36,2025-03-21,,,,,,,6,125.78,3.3366666666666664
36,2025-03-22,,,,,,,3,167.13,2.602222222222222
36,2025-03-23,,,,,,,5,112.7,2.1691666666666665
36,2025-03-24,,,,,,,8,180.2,3.761111111111111
36,2025-03-25,,,,,,,8,186.73,3.6972222222222224
36,2025-03-26,,,,,,,8,179.94,3.707777777777778
36,2025-03-27,,,,,,,8,194.25,3.7680555555555557
36,2025-03-28,,,,,,,6,172.47,3.738888888888889
36,2025-03-29,,,,,,,4,102.11,2.2525
36,2025-03-30,,,,,,,3,70.06,1.0683333333333334
36,2025-03-31,,,,,,,6,184.14,2.236388888888889
36,2025-04-01,,,,,,,7,188.95,3.2258333333333336
36,2025-04-02,,,,,,,8,156.16,2.5905555555555555
36,2025-04-03,,,,,,,6,185.17,3.8055555555555554
36,2025-04-04,,,,,,,4,39.27,1.2361111111111112
36,2025-04-05,,,,,,,3,72.66,1.7683333333333333
36,2025-04-06,,,,,,,3,48.33,1.3044444444444445
36,2025-04-07,,,,,,,8,208.85,3.7883333333333336
36,2025-04-08,,,,,,,6,119.02,2.6708333333333334
36,2025-04-09,,,,,,,7,168.18,3.6558333333333333
36,2025-04-10,,,,,,,6,170.37,2.766111111111111
36,2025-04-11,,,,,,,7,156.38,2.772222222222222
36,2025-04-12,,,,,,,3,151.85,2.0855555555555556
36,2025-04-13,,,,,,,2,178.32,3.3002777777777776
36,2025-04-14,,,,,,,6,126.19,2.5547222222222223
36,2025-04-15,,,,,,,6,163.13,2.7875
36,2025-04-16,,,,,,,4,180.41,2.551388888888889
36,2025-04-17,,,,,,,5,195.21,3.7913888888888887
36,2025-04-18,,,,,,,6,150.19,2.718888888888889
36,2025-04-19,,,,,,,4,166.49,2.3875
36,2025-04-20,,,,,,,5,154.67,2.453333333333333
36,2025-04-21,,,,,,,9,140.73,3.2088888888888887
36,2025-04-22,,,,,,,5,143.27,2.700277777777778
36,2025-04-23,,,,,,,8,171.48,3.053888888888889
36,2025-04-24,,,,,,,5,158.75,3.471111111111111
36,2025-04-25,,,,,,,5,152.17,2.4930555555555554
36,2025-04-26,,,,,,,8,244.28,4.365
36,2025-04-27,,,,,,,5,126.72,2.3544444444444443
36,2025-04-28,,,,,,,7,161.17,3.6875
36,2025-04-29,,,,,,,8,134.66,2.8847222222222224
36,2025-04-30,,,,,,,5,161.91,2.580277777777778
36,2025-05-01,,,,,,,8,128.37,2.834722222222222
36,2025-05-02,,,,,,,5,145.05,2.5008333333333335
36,2025-05-03,,,,,,,6,162.73,3.1038888888888887
36,2025-05-04,,,,,,,6,142.01,2.687777777777778
36,2025-05-05,,,,,,,7,151.52,3.188888888888889
36,2025-05-06,,,,,,,6,160.34,2.9227777777777777
36,2025-05-07,,,,,,,7,151.17,2.8113888888888887
36,2025-05-08,,,,,,,3,79.73,1.37
36,2025-05-09,,,,,,,2,7.6,0.3413888888888889
36,2025-05-10,,,,,,,7,312.95,4.605
36,2025-05-11,,,,,,,1,0.0,0.050555555555555555
36,2025-05-12,,,,,,,4,77.19,1.8247222222222221
36,2025-05-13,,,,,,,4,88.29,1.626111111111111
36,2025-05-14,,,,,,,4,83.66,1.7780555555555555
36,2025-05-15,,,,,,,5,144.94,2.5052777777777777
36,2025-05-16,,,,,,,6,150.08,3.2197222222222224
36,2025-05-17,,,,,,,5,147.97,3.272222222222222
36,2025-05-18,,,,,,,4,108.44,2.4769444444444444
36,2025-05-19,,,,,,,6,197.95,3.548611111111111
36,2025-05-20,,,,,,,7,127.54,2.985
36,2025-05-21,,,,,,,7,163.44,3.1772222222222224
36,2025-05-22,,,,,,,7,141.39,2.855277777777778
36,2025-05-23,,,,,,,7,192.27,3.338888888888889
36,2025-05-24,,,,,,,4,133.31,3.0097222222222224
36,2025-05-25,,,,,,,7,151.05,3.047222222222222
36,2025-05-26,,,,,,,9,205.1,4.187222222222222
36,2025-05-27,,,,,,,8,137.27,3.525
36,2025-05-28,,,,,,,8,151.51,3.2880555555555557
36,2025-05-29,,,,,,,7,230.13,4.5536111111111115
36,2025-05-30,,,,,,,7,138.41,3.1075
36,2025-05-31,,,,,,,5,87.38,2.319166666666667
36,2025-06-01,,,,,,,5,102.72,2.1625
36,2025-06-02,,,,,,,9,223.68,3.908333333333333
36,2025-06-03,,,,,,,7,139.92,3.3872222222222224
36,2025-06-04,,,,,,,9,183.76,3.7177777777777776
36,2025-06-05,,,,,,,6,197.53,3.7719444444444443
36,2025-06-06,,,,,,,9,143.66,3.832222222222222
36,2025-06-07,,,,,,,7,161.19,3.220833333333333
36,2025-06-08,,,,,,,4,43.22,1.386111111111111
36,2025-06-09,,,,,,,5,106.45,3.0033333333333334
36,2025-06-10,,,,,,,6,63.33,3.9183333333333334
36,2025-06-11,,,,,,,6,170.46,3.4694444444444446
36,2025-06-12,,,,,,,5,55.14,2.1683333333333334
36,2025-06-13,,,,,,,8,165.97,3.3869444444444445
36,2025-06-14,,,,,,,5,92.81,2.1708333333333334
36,2025-06-15,,,,,,,6,276.15,4.340833333333333
36,2025-06-16,,,,,,,9,217.47,5.241388888888889
36,2025-06-17,,,,,,,9,240.84,5.229166666666667
36,2025-06-18,,,,,,,9,197.21,4.1722222222222225
36,2025-06-19,,,,,,,8,245.1,5.370833333333334
36,2025-06-20,,,,,,,5,174.75,4.2525
36,2025-06-21,,,,,,,6,114.2,2.1686111111111113
36,2025-06-22,,,,,,,6,287.83,4.8694444444444445
36,2025-06-23,,,,,,,10,379.38,5.538888888888889
36,2025-06-24,,,,,,,8,199.18,4.441111111111111
36,2025-06-25,,,,,,,9,140.94,3.2369444444444446
36,2025-06-26,,,,,,,8,424.9,5.204722222222222
36,2025-06-27,,,,,,,9,184.13,4.289166666666667
36,2025-06-28,,,,,,,6,179.54,3.5855555555555556
36,2025-06-29,,,,,,,6,264.66,5.532222222222222
36,2025-06-30,,,,,,,10,301.9,5.958055555555555
36,2025-07-01,,,,,,,9,319.34,4.292222222222223
36,2025-07-02,,,,,,,9,251.54,4.971111111111111
36,2025-07-03,,,,,,,9,330.64,5.086388888888889
36,2025-07-04,,,,,,,5,183.74,3.636388888888889
36,2025-07-05,,,,,,,7,149.66,2.919722222222222
36,2025-07-06,,,,,,,5,165.55,3.108611111111111
36,2025-07-07,,,,,,,9,310.23,4.8075
36,2025-07-08,,,,,,,10,211.88,4.362777777777778
36,2025-07-09,,,,,,,2,0.0,0.050833333333333335
36,2025-07-10,,,,,,,5,121.82,2.2855555555555553
36,2025-07-11,,,,,,,4,57.63,1.3175
36,2025-07-12,,,,,,,9,118.17,2.0080555555555555
36,2025-07-13,,,,,,,6,113.26,2.7258333333333336
36,2025-07-14,,,,,,,6,187.73,3.620833333333333
36,2025-07-15,,,,,,,6,185.61,3.2527777777777778
36,2025-07-16,,,,,,,6,128.56,2.5236111111111112
36,2025-07-17,,,,,,,4,123.51,1.968888888888889
36,2025-07-18,,,,,,,4,49.36,1.5205555555555557
36,2025-07-19,,,,,,,12,130.86,2.6644444444444444
36,2025-07-20,,,,,,,6,79.91,2.1930555555555555
36,2025-07-21,,,,,,,7,193.61,5.335555555555556
36,2025-07-22,,,,,,,10,231.62,6.56
36,2025-07-23,,,,,,,7,248.17,4.836666666666667
36,2025-07-24,,,,,,,9,185.94,4.6625
36,2025-07-25,,,,,,,9,212.71,5.260555555555555
36,2025-07-26,,,,,,,4,149.07,3.3680555555555554
36,2025-07-27,,,,,,,7,166.87,4.1930555555555555
36,2025-07-28,,,,,,,11,332.7,5.876388888888889
36,2025-07-29,,,,,,,10,247.27,5.910555555555556
36,2025-07-30,,,,,,,11,224.74,5.975
36,2025-07-31,,,,,,,10,204.65,5.441111111111111
36,2025-08-01,,,,,,,9,266.6,6.553333333333334
36,2025-08-02,,,,,,,6,95.74,2.370277777777778
36,2025-08-03,,,,,,,7,187.03,4.105833333333333
36,2025-08-04,,,,,,,11,246.62,5.465833333333333
36,2025-08-05,,,,,,,9,236.33,5.940833333333333
36,2025-08-06,,,,,,,11,306.54,5.033055555555555
36,2025-08-07,,,,,,,4,119.68,3.258888888888889
36,2025-08-08,,,,,,,5,94.6,3.001388888888889
36,2025-08-09,,,,,,,4,58.57,1.2402777777777778
36,2025-08-10,,,,,,,4,73.08,1.5183333333333333
36,2025-08-11,,,,,,,9,211.55,4.871666666666667
36,2025-08-12,,,,,,,9,301.69,5.972222222222222
36,2025-08-13,,,,,,,10,201.55,5.578611111111111
36,2025-08-14,,,,,,,9,230.39,4.703055555555555
36,2025-08-15,,,,,,,8,285.97,7.004166666666666
36,2025-08-16,,,,,,,5,109.71,2.7777777777777777
36,2025-08-17,,,,,,,7,250.43,4.913611111111111
36,2025-08-18,,,,,,,11,307.81,5.9125
36,2025-08-19,,,,,,,10,263.07,6.743888888888889
36,2025-08-20,,,,,,,10,218.3,4.846111111111111
36,2025-08-21,,,,,,,10,208.2,4.788611111111111
36,2025-08-22,,,,,,,5,259.63,6.702222222222222
36,2025-08-23,,,,,,,5,115.72,2.556111111111111
36,2025-08-24,,,,,,,7,180.44,4.463611111111111
36,2025-08-25,,,,,,,11,237.96,5.8005555555555555
36,2025-08-26,,,,,,,10,261.55,6.328333333333333
36,2025-08-27,,,,,,,11,238.11,6.166666666666667
36,2025-08-28,,,,,,,10,224.94,5.572222222222222
36,2025-08-29,,,,,,,8,311.54,8.171388888888888
36,2025-08-30,,,,,,,6,115.53,2.775
36,2025-08-31,,,,,,,9,226.46,5.385555555555555
36,2025-09-01,,,,,,,10,318.31,5.743611111111111
36,2025-09-02,,,,,,,10,312.02,6.015833333333333
36,2025-09-03,,,,,,,11,255.08,5.808055555555556
36,2025-09-04,,,,,,,10,232.8,5.708888888888889
36,2025-09-05,,,,,,,5,453.64,7.286666666666667
36,2025-09-06,,,,,,,8,115.95,3.0725
36,2025-09-07,,,,,,,8,416.2,5.962777777777778
36,2025-09-08,,,,,,,12,353.66,5.880277777777778
36,2025-09-09,,,,,,,10,332.28,6.438055555555556
36,2025-09-10,,,,,,,12,307.91,5.9175
36,2025-09-11,,,,,,,9,241.46,5.74
36,2025-09-12,,,,,,,5,490.35,7.4375
36,2025-09-13,,,,,,,9,135.65,3.3758333333333335
36,2025-09-14,,,,,,,4,224.22,2.7669444444444444
36,2025-09-15,,,,,,,8,132.89,5.509722222222222
36,2025-09-16,,,,,,,7,292.47,4.521388888888889
36,2025-09-17,,,,,,,12,299.95,6.92
36,2025-09-18,,,,,,,9,282.68,6.189722222222223
36,2025-09-19,,,,,,,8,343.11,7.9863888888888885
36,2025-09-20,,,,,,,6,176.04,3.527222222222222
36,2025-09-21,,,,,,,8,209.99,5.351388888888889
36,2025-09-22,,,,,,,10,296.05,5.5377777777777775
36,2025-09-23,,,,,,,9,202.47,5.279166666666667
36,2025-09-24,,,,,,,11,251.42,6.341388888888889
36,2025-09-25,,,,,,,9,193.51,4.755833333333333
36,2025-09-26,,,,,,,7,371.51,9.578611111111112
36,2025-09-27,,,,,,,7,123.49,2.993888888888889
36,2025-09-28,,,,,,,8,410.2,5.487777777777778
36,2025-09-29,,,,,,,11,374.45,5.529722222222222
36,2025-09-30,,,,,,,9,202.83,6.709722222222222
36,2025-10-01,,,,,,,11,405.95,5.501666666666667
36,2025-10-02,,,,,,,8,157.81,4.725
36,2025-10-03,,,,,,,6,256.2,6.171944444444445
36,2025-10-04,,,,,,,8,246.88,5.220833333333333
36,2025-10-05,,,,,,,9,304.31,5.892777777777778
36,2025-10-06,,,,,,,11,271.68,5.800277777777778
36,2025-10-07,,,,,,,11,313.72,6.751666666666667
36,2025-10-08,,,,,,,10,262.29,5.909166666666667
36,2025-10-09,,,,,,,8,233.88,5.1561111111111115
36,2025-10-10,,,,,,,1,46.05,0.6561111111111111
36,2025-10-11,,,,,,,5,143.57,3.2869444444444444
36,2025-10-12,,,,,,,6,143.43,3.1277777777777778
36,2025-10-13,,,,,,,6,198.02,3.1911111111111112
36,2025-10-14,,,,,,,5,213.2,3.2730555555555556
36,2025-10-15,,,,,,,6,154.73,2.8333333333333335
36,2025-10-16,,,,,,,7,136.58,3.006666666666667
36,2025-10-17,,,,,,,5,54.4,1.2616666666666667
36,2025-10-18,,,,,,,11,128.06,1.7413888888888889
36,2025-10-19,,,,,,,10,96.44,1.9313888888888888
36,2025-10-20,,,,,,,8,28.85,2.252222222222222
36,2025-10-21,,,,,,,7,168.82,4.256944444444445
36,2025-10-22,,,,,,,9,179.14,4.376666666666667
36,2025-10-23,,,,,,,5,270.71,6.269722222222223
36,2025-10-24,,,,,,,10,142.23,3.5005555555555556
36,2025-10-25,,,,,,,8,185.1,3.7755555555555556
36,2025-10-26,,,,,,,5,195.03,3.0033333333333334
36,2025-10-27,,,,,,,3,33.19,0.7708333333333334
36,2025-10-28,,,,,,,3,92.89,1.9247222222222222
36,2025-10-29,,,,,,,3,31.44,0.8055555555555556
36,2025-10-30,,,,,,,3,31.87,0.8025
36,2025-10-31,,,,,,,4,92.56,2.1555555555555554
36,2025-11-01,,,,,,,4,172.75,3.395277777777778
36,2025-11-02,,,,,,,5,308.49,5.789166666666667
36,2025-11-03,,,,,,,9,198.17,4.556388888888889
36,2025-11-04,,,,,,,6,202.74,4.174444444444444
36,2025-11-05,,78.0,,,,,8,221.95,3.8833333333333333
36,2025-11-06,,,,,,,7,185.44,4.143611111111111
36,2025-11-07,,,,,,,8,195.13,4.064166666666667
36,2025-11-08,,,,,,,5,204.95,4.235277777777778
36,2025-11-09,,,,,,,3,204.65,2.7183333333333333
36,2025-11-10,,,,,,,6,142.69,2.8958333333333335
36,2025-11-11,,,,,,,7,204.64,3.644722222222222
36,2025-11-12,,,,,,,7,157.91,3.1213888888888888
36,2025-11-13,,,,,,,5,137.24,2.6597222222222223
36,2025-11-14,,,,,,,4,114.18,2.0861111111111112
36,2025-11-15,,61.0,,,,,4,63.65,1.1016666666666666
36,2025-11-16,,72.0,,,,,6,541.46,8.861666666666666
36,2025-11-17,,,,,,,3,0.0,0.39611111111111114
36,2025-11-18,,,,,,,3,0.0,0.13527777777777777
36,2025-11-19,,,,,,,3,44.44,1.5505555555555555
36,2025-11-20,,,,,,,6,83.59,2.7355555555555555
36,2025-11-21,,,,,,,6,94.46,2.352777777777778
36,2025-11-22,,,,,,,9,161.96,3.96
36,2025-11-23,,,,,,,7,226.29,5.574722222222222
36,2025-11-24,,,,,,,9,155.82,4.04
36,2025-11-25,,,,,,,11,199.4,4.780555555555556
36,2025-11-26,,,,,,,9,187.17,4.168888888888889
36,2025-11-27,,,,,,,5,201.6,3.723888888888889
36,2025-11-28,,,,,,,9,192.04,4.923611111111111
36,2025-11-29,,,,,,,5,114.01,5.499444444444444
36,2025-11-30,,,,,,,6,213.94,4.158055555555555
36,2025-12-01,,,,,,,8,165.54,3.6266666666666665
36,2025-12-02,,,,,,,5,133.77,2.8594444444444442
36,2025-12-03,,,,,,,4,116.17,2.7391666666666667
36,2025-12-04,,,,,,,4,109.72,1.9180555555555556
36,2025-12-05,,62.0,,,,,5,102.47,1.8541666666666667
36,2025-12-06,,,,,,,4,55.02,1.8355555555555556
36,2025-12-07,,,,,,,6,322.22,4.206666666666667
36,2025-12-08,,,,,,,2,0.0,0.05138888888888889
36,2025-12-09,,,,,,,3,0.0,0.4761111111111111
36,2025-12-10,,,,,,,3,0.0,0.47694444444444445
36,2025-12-11,,,,,,,2,0.0,0.050555555555555555
36,2025-12-12,,,,,,,2,0.0,0.050833333333333335
36,2025-12-13,,,,,,,2,0.0,0.050833333333333335
36,2025-12-14,,,,,,,2,0.0,0.051111111111111114
36,2025-12-15,,,,,,,8,90.73,2.7625
36,2025-12-16,,,,,,,7,95.94,2.6127777777777776
36,2025-12-17,,,,,,,8,93.87,2.700833333333333
36,2025-12-18,,,,,,,7,102.14,2.483888888888889
36,2025-12-19,,,,,,,8,91.05,2.6191666666666666
36,2025-12-20,,,,,,,8,119.28,3.2180555555555554
36,2025-12-21,,,,,,,6,20.52,0.7397222222222222
36,2025-12-22,,,,,,,9,119.65,2.9425
36,2025-12-23,,,,,,,9,120.54,2.9341666666666666
36,2025-12-24,,,,,,,9,117.04,2.9930555555555554
36,2025-12-25,,,,,,,7,53.12,1.7466666666666666
36,2025-12-26,,,,,,,7,54.12,1.71
36,2025-12-27,,,,,,,8,124.47,2.5408333333333335
36,2025-12-28,,,,,,,9,118.46,3.020277777777778
36,2025-12-29,,,,,,,8,127.48,2.725
36,2025-12-30,,,,,,,8,125.2,2.7219444444444445
36,2025-12-31,,,,,,,8,131.1,2.7069444444444444
36,2026-01-01,,,,,,,8,122.06,2.7425
36,2026-01-02,,,,,,,8,118.23,2.6405555555555558
36,2026-01-03,,,,,,,8,116.07,2.5730555555555554
36,2026-01-04,,,,,,,6,26.67,0.8736111111111111
36,2026-01-05,,,,,,,9,119.32,3.1977777777777776
36,2026-01-06,,,,,,,10,122.04,3.221111111111111
36,2026-01-07,,,,,,,9,129.48,3.241388888888889
36,2026-01-08,,,,,,,10,128.35,3.143611111111111
36,2026-01-09,,,,,,,9,125.8,3.0797222222222222
36,2026-01-10,,,,,,,10,128.39,3.2536111111111112
36,2026-01-11,,,,,,,3,95.68,2.42
36,2026-01-12,,,,,,,10,140.59,3.4458333333333333
36,2026-01-13,,,,,,,9,134.48,3.2594444444444446
36,2026-01-14,,,,,,,10,130.35,3.32
36,2026-01-15,,,,,,,9,134.29,3.1158333333333332
36,2026-01-16,,,,,,,10,177.57,4.3741666666666665
36,2026-01-17,,,,,,,7,47.95,1.8730555555555555
36,2026-01-18,,,,,,,7,127.63,2.7866666666666666
36,2026-01-19,,,,,,,10,131.57,3.255
36,2026-01-20,,,,,,,9,149.08,3.2872222222222223
36,2026-01-21,,,,,,,6,20.1,0.8605555555555555
36,2026-01-22,,,,,,,2,0.0,0.185
36,2026-01-23,,,,,,,10,142.24,3.2958333333333334
36,2026-01-24,,,,,,,9,162.01,3.750277777777778
36,2026-01-25,,86.0,,,,,9,184.62,4.568333333333333
36,2026-01-26,,,,,,,10,142.62,3.395
36,2026-01-27,,,,,,,9,139.48,3.053888888888889
36,2026-01-28,,,,,,,11,132.63,3.620277777777778
36,2026-01-29,,,,,,,9,132.98,3.0727777777777776
36,2026-01-30,,,,,,,10,199.63,4.876111111111111
36,2026-01-31,,,,,,,7,63.15,1.928611111111111
36,2026-02-01,,,,,,,6,119.88,2.4344444444444444
36,2026-02-02,,,,,,,10,141.29,3.3272222222222223
36,2026-02-03,,,,,,,10,143.89,3.261111111111111
36,2026-02-04,,,,,,,10,139.65,3.303888888888889
36,2026-02-05,,,,,,,10,144.89,3.2533333333333334
36,2026-02-06,,,,,,,10,222.75,5.286666666666667
36,2026-02-07,,,,,,,8,68.62,2.2530555555555556
36,2026-02-08,,,,,,,6,123.96,2.464166666666667
36,2026-02-09,,,,,,,10,182.6,3.663611111111111
36,2026-02-10,,,,,,,10,166.97,3.620833333333333
36,2026-02-11,,,,,,,10,232.3,5.584444444444444
36,2026-02-12,,,,,,,7,147.62,2.8113888888888887
36,2026-02-13,,,,,,,7,158.78,2.765277777777778
36,2026-02-14,,,,,,,9,59.19,2.012777777777778
36,2026-02-15,,,,,,,8,141.1,2.8369444444444443
36,2026-02-16,,,,,,,11,176.43,4.178888888888889
36,2026-02-17,,,,,,,11,172.03,4.025833333333333
36,2026-02-18,,,,,,,10,239.73,5.899444444444445
36,2026-02-19,,,,,,,10,161.47,3.5169444444444444
36,2026-02-20,,,,,,,11,172.99,3.9366666666666665
36,2026-02-21,,,,,,,10,154.11,3.4394444444444443
36,2026-02-22,,,,,,,4,170.27,3.971388888888889
36,2026-02-23,,,,,,,11,183.68,4.5008333333333335
36,2026-02-24,,,,,,,11,192.1,4.112777777777778
36,2026-02-25,,,,,,,10,160.5,3.741111111111111
36,2026-02-26,,,,,,,7,249.55,5.441666666666666
36,2026-02-27,,,,,,,9,72.24,2.4619444444444443
36,2026-02-28,,,,,,,9,152.46,3.3780555555555556
36,2026-03-01,,,,,,,4,133.71,2.202777777777778
36,2026-03-02,,,,,,,10,183.4,3.905
36,2026-03-03,,,,,,,10,177.8,3.9677777777777776
36,2026-03-04,,,,,,,6,256.22,5.376666666666667
36,2026-03-05,,,,,,,5,140.73,2.553611111111111
36,2026-03-06,,,,,,,5,75.97,1.5205555555555557
36,2026-03-07,,,,,,,5,100.51,1.9716666666666667
36,2026-03-08,,,,,,,7,127.61,2.591666666666667
36,2026-03-10,,,,,,,4,12.32,0.5652777777777778
36,2026-03-11,,,,,,,5,122.96,2.156111111111111
36,2026-03-12,,,,,,,4,38.05,0.7536111111111111
36,2026-03-13,,,,,,,11,143.78,2.3041666666666667
36,2026-03-14,,,,,,,1,0.0,0.05138888888888889
36,2026-03-15,,,,,,,5,0.0,0.4725
36,2026-03-16,,,,,,,10,102.74,3.0308333333333333
36,2026-03-17,,,,,,,9,113.25,2.8741666666666665
36,2026-03-18,,,,,,,11,138.11,3.167222222222222
36,2026-03-19,,,,,,,9,138.03,2.9530555555555558
36,2026-03-20,,,,,,,11,144.23,3.2
36,2026-03-21,,,,,,,8,84.77,2.4186111111111113
36,2026-03-22,,,,,,,9,157.18,4.061111111111111
36,2026-03-23,,,,,,,9,176.02,3.3466666666666667
37,2026-01-08,7.61666666666667,50.0,85.0,,,,2,167.66,2.156388888888889
37,2026-01-09,7.1,55.0,69.0,,,,1,0.0,0.0
37,2026-01-10,7.95,49.0,69.0,,,,3,146.0,0.6269444444444444
37,2026-01-11,8.7,50.0,78.0,,,,2,190.05,3.4805555555555556
37,2026-01-12,7.61666666666667,49.0,91.0,,,,4,153.97,2.348611111111111
37,2026-01-13,7.35,52.0,95.0,,,,2,211.6,1.9594444444444445
37,2026-01-14,6.96666666666667,50.0,83.0,,,,2,68.49,1.563611111111111
37,2026-01-25,,,,,,,1,0.0,2.0236111111111112
37,2026-01-26,9.4,48.0,71.0,,,,3,0.0,0.0
37,2026-01-27,,,,,,,2,0.0,2.673611111111111
37,2026-01-28,,,,,,,3,0.0,2.0030555555555556
37,2026-01-29,,,,,,,2,0.0,1.566111111111111
37,2026-01-30,,,,,,,1,0.0,0.0
37,2026-01-31,,,,,,,2,0.0,2.3452777777777776
37,2026-02-01,,,,,,,3,0.0,2.147222222222222
40,2026-01-10,,,,,,,1,0.0,0.6069444444444444
40,2026-01-12,,,,,,,1,0.0,0.49083333333333334
40,2026-01-13,,,,,,,1,0.0,0.37305555555555553
40,2026-01-27,,,,,,,1,0.0,0.5055555555555555
40,2026-01-28,,,,,,,1,0.0,0.9638888888888889
42,2026-01-08,8.72155,31.0,112.70948,,,,2,137.02,2.058333333333333
42,2026-01-09,8.309347,31.0,128.1724,,,,2,58.91,1.7355555555555555
42,2026-01-10,8.381281,30.0,108.2156,,,,4,124.07,2.257222222222222
42,2026-01-11,8.441839,32.0,119.18376,,,,2,214.7,5.286666666666667
42,2026-01-12,7.665397,33.0,96.640396,,,,3,52.82,1.3483333333333334
42,2026-01-13,8.711506,31.0,89.01525,,,,2,157.54,2.3475
42,2026-01-14,8.650411,31.0,97.0599,,,,2,129.93,2.0102777777777776
42,2026-01-25,9.640223,29.0,81.00257,,,,3,181.32,3.2516666666666665
42,2026-01-26,7.940117,29.0,93.838326,,,,3,71.21,2.091111111111111
42,2026-01-27,8.606261,29.0,92.83304,,,,2,79.4,2.0075
42,2026-01-28,9.415742,29.0,104.33143,,,,7,86.26,1.715
42,2026-01-29,7.6164417,30.0,83.67133,,,,3,109.72,2.441666666666667
42,2026-01-30,8.93295,30.0,77.31063,,,,2,117.11,2.5991666666666666
42,2026-01-31,8.365983,30.0,83.44505,,,,2,251.98,5.017222222222222
42,2026-02-01,8.475147,31.0,75.5116,,,,2,138.39,3.272777777777778
44,2024-12-26,,52.0,,,,,4,281.04,5.112222222222222
44,2024-12-27,0.200000002980232,49.0,,,,,3,92.59,2.839166666666667
44,2024-12-28,,46.0,,,,,3,125.48,3.61
44,2024-12-29,,46.0,,,,,3,78.52,2.6908333333333334
44,2024-12-30,6.83333349227905,51.0,71.0,,,,4,139.26,4.6875
44,2024-12-31,7.69999980926514,49.0,83.0,,,,3,340.11,8.623888888888889
44,2025-01-01,8.25,49.0,87.0,,,,2,169.49,5.398333333333333
44,2025-01-02,6.69999980926514,51.0,95.0,,,,3,226.99,5.718333333333334
44,2025-01-03,5.30000019073486,49.0,99.0,,,,2,110.49,3.8275
44,2025-01-04,1.71666669845581,44.0,109.0,,,,2,35.4,0.49972222222222223
44,2025-01-05,,44.0,,,,,2,81.1,1.7894444444444444
44,2025-01-06,5.94999980926514,40.0,123.0,,,,3,195.24,3.4675
44,2025-01-07,,50.0,,,,,3,82.52,3.1666666666666665
44,2025-01-08,,50.0,,,,,2,56.07,1.5825
44,2025-01-09,,50.0,,,,,3,81.39,4.045555555555556
44,2025-01-10,,50.0,,,,,3,70.0,3.4816666666666665
44,2025-01-11,,51.0,,,,,4,277.27,4.601111111111111
44,2025-01-12,,47.0,,,,,2,150.37,2.0458333333333334
44,2025-01-13,,52.0,,,,,3,130.95,3.19
44,2025-01-14,,50.0,,,,,5,168.74,3.28
44,2025-01-15,,54.0,,,,,4,162.21,4.0777777777777775
44,2025-01-16,,55.0,,,,,4,38.09,2.1261111111111113
44,2025-01-17,,54.0,,,,,4,185.1,3.295
44,2025-01-18,,45.0,,,,,3,275.81,4.181666666666667
44,2025-01-19,,51.0,,,,,2,79.76,1.3608333333333333
44,2025-01-20,,51.0,,,,,3,204.9,3.691666666666667
44,2025-01-21,7.7,41.0,,,,,6,195.51,4.605555555555555
44,2025-01-22,,55.0,,,,,4,123.62,3.6519444444444447
44,2025-01-23,,55.0,,,,,4,25.48,3.6158333333333332
44,2025-01-24,,54.0,,,,,4,92.33,2.8202777777777777
44,2025-01-25,,53.0,,,,,5,241.27,9.399444444444445
44,2025-01-26,,53.0,,,,,5,322.16,3.831111111111111
44,2025-01-27,,50.0,,,,,4,36.65,2.8208333333333333
44,2025-01-28,,53.0,,,,,5,232.43,5.179722222222222
44,2025-01-29,,50.0,,,,,5,62.22,3.6930555555555555
44,2025-01-30,,53.0,,,,,4,41.9,2.7194444444444446
44,2025-01-31,,50.0,,,,,6,101.38,4.448888888888889
44,2025-02-01,,56.0,,,,,5,134.6,5.013333333333334
44,2025-02-02,,50.0,,,,,6,304.87,4.851111111111111
44,2025-02-03,,56.0,,,,,5,126.54,3.8161111111111112
44,2025-02-04,,52.0,,,,,5,90.82,3.2269444444444444
44,2025-02-05,,45.0,,,,,5,168.5,4.373333333333333
44,2025-02-06,,51.0,,,,,6,101.29,5.293055555555555
44,2025-02-07,,49.0,,,,,5,92.86,3.233611111111111
44,2025-02-08,,46.0,,,,,4,43.23,2.665
44,2025-02-09,,53.0,,,,,6,196.36,5.344166666666666
44,2025-02-10,,53.0,,,,,6,179.09,5.910555555555556
44,2025-02-11,,52.0,,,,,6,153.57,4.102222222222222
44,2025-02-12,,44.0,,,,,4,142.41,3.486666666666667
44,2025-02-13,,54.0,,,,,5,1.74,4.171388888888889
44,2025-02-14,,,,,,,3,39.39,1.7763888888888888
44,2025-02-15,,,,,,,2,36.72,0.5263888888888889
44,2025-02-16,,54.0,,,,,7,259.43,5.903611111111111
44,2025-02-17,,47.0,,,,,5,61.79,3.305
44,2025-02-18,,51.0,,,,,5,240.72,4.341111111111111
44,2025-02-19,,49.0,,,,,5,77.57,3.328333333333333
44,2025-02-20,,54.0,,,,,6,194.62,4.8180555555555555
44,2025-02-21,,54.0,,,,,5,83.0,4.289444444444444
44,2025-02-22,,53.0,,,,,3,307.41,3.816388888888889
44,2025-02-23,,49.0,,,,,4,158.07,3.0505555555555555
44,2025-02-24,,50.0,,,,,6,195.14,4.849166666666667
44,2025-02-25,,50.0,,,,,6,257.15,5.615555555555556
44,2025-02-26,,44.0,,,,,5,182.38,4.247777777777777
44,2025-02-27,,54.0,,,,,7,127.45,3.8219444444444446
44,2025-02-28,,53.0,,,,,5,112.31,4.738333333333333
44,2025-03-01,,50.0,,,,,5,161.52,5.251111111111111
44,2025-03-02,,54.0,,,,,6,204.89,2.4525
44,2025-03-03,,47.0,,,,,5,134.14,4.012777777777778
44,2025-03-04,,44.0,,,,,5,282.61,5.9752777777777775
44,2025-03-05,,53.0,,,,,5,123.6,3.29
44,2025-03-06,,49.0,,,,,6,59.97,3.6233333333333335
44,2025-03-07,,45.0,,,,,5,118.93,4.006111111111111
44,2025-03-08,,49.0,,,,,6,50.82,1.7427777777777778
44,2025-03-09,,58.0,,,,,6,389.34,7.8741666666666665
44,2025-03-10,,46.0,,,,,5,90.46,3.5244444444444443
44,2025-03-11,,49.0,,,,,5,151.15,4.710833333333333
44,2025-03-12,,50.0,,,,,6,72.33,2.2955555555555556
44,2025-03-13,,50.0,,,,,8,155.97,6.406944444444444
44,2025-03-14,,48.0,,,,,6,48.1,1.8477777777777777
44,2025-03-15,,52.0,,,,,6,161.34,3.0772222222222223
44,2025-03-16,,44.0,,,,,8,367.18,7.705277777777778
44,2025-03-17,,47.0,,,,,5,134.93,3.7241666666666666
44,2025-03-18,,49.0,,,,,4,742.18,2.984722222222222
44,2025-03-19,,50.0,,,,,6,119.87,6.630277777777778
44,2025-03-20,,43.0,,,,,6,88.04,4.594166666666666
44,2025-03-21,6.94999980926514,43.0,112.0,,,,7,207.15,4.551388888888889
44,2025-03-22,,48.0,,,,,5,31.92,1.3302777777777777
44,2025-03-23,,46.0,,,,,6,392.88,5.806111111111111
44,2025-03-24,,46.0,,,,,4,132.7,3.877222222222222
44,2025-03-25,,47.0,,,,,3,143.39,3.7519444444444443
44,2025-03-26,,50.0,,,,,3,119.67,2.3783333333333334
44,2025-03-27,,41.0,,,,,4,96.05,4.081111111111111
44,2025-03-28,,57.0,,,,,5,260.59,3.9947222222222223
44,2025-03-29,,53.0,,,,,3,37.89,3.816388888888889
44,2025-03-30,,54.0,,,,,5,279.78,5.0633333333333335
44,2025-03-31,,59.0,,,,,4,115.9,3.1911111111111112
44,2025-04-01,,59.0,,,,,4,112.47,3.2888888888888888
44,2025-04-02,,65.0,,,,,6,340.69,4.950555555555556
44,2025-04-03,,53.0,,,,,9,276.43,6.381111111111111
44,2025-04-04,,41.0,,,,,6,119.57,3.6352777777777776
44,2025-04-05,,57.0,,,,,5,71.8,1.3966666666666667
44,2025-04-06,,,,,,,4,36.72,4.1930555555555555
44,2025-04-07,,51.0,,,,,2,47.09,1.9166666666666667
44,2025-04-08,,52.0,,,,,3,128.12,3.227222222222222
44,2025-04-09,,51.0,,,,,4,78.45,4.288888888888889
44,2025-04-10,,44.0,,,,,2,104.05,1.3333333333333333
44,2025-04-11,,47.0,,,,,4,62.32,2.4077777777777776
44,2025-04-12,,47.0,,,,,3,56.02,1.3930555555555555
44,2025-04-13,,50.0,,,,,2,28.84,1.4802777777777778
44,2025-04-14,,51.0,,,,,3,26.15,2.390833333333333
44,2025-04-15,,48.0,,,,,2,224.21,3.2030555555555558
44,2025-04-16,,49.0,,,,,1,0.0,0.0
44,2025-04-17,,46.0,,,,,3,160.97,2.0252777777777777
44,2025-04-18,,48.0,,,,,1,0.0,0.0
44,2025-04-19,,50.0,,,,,1,0.0,0.0
44,2025-04-20,,57.0,,,,,2,30.58,2.5
44,2025-04-21,,,,,,,1,66.67,2.0
44,2025-04-22,,42.0,,,,,1,44.18,1.4
44,2025-04-23,,39.0,,,,,2,233.96,3.1225
44,2025-04-24,,54.0,,,,,1,19.14,2.2555555555555555
44,2025-04-25,,71.0,,,,,1,66.67,2.0
44,2025-04-26,,54.0,,,,,2,350.42,3.387777777777778
44,2025-04-27,,72.0,,,,,2,134.42,2.0108333333333333
44,2025-04-28,,46.0,,,,,1,126.67,1.5833333333333333
44,2025-04-29,,45.0,,,,,2,50.88,1.5633333333333332
44,2025-04-30,,,,,,,1,0.0,0.0
44,2025-05-01,,55.0,,,,,2,185.53,2.623611111111111
44,2025-05-02,,,,,,,1,66.67,2.0
44,2025-05-03,,71.0,,,,,2,171.7,2.0469444444444442
44,2025-05-04,,57.0,,,,,1,136.4,2.5
44,2025-05-05,,,,,,,2,145.93,4.483333333333333
44,2025-05-06,,67.0,,,,,2,179.31,2.674722222222222
44,2025-05-07,,,,,,,1,44.18,1.4
44,2025-05-08,,,,,,,1,128.14,1.6666666666666667
44,2025-05-09,,52.0,,,,,3,115.83,2.605
44,2025-05-10,,58.0,,,,,2,121.08,2.4158333333333335
44,2025-05-11,,,,,,,2,469.34,5.650555555555556
44,2025-05-12,,,,,,,1,83.41,2.5
44,2025-05-13,,69.0,,,,,1,130.51,1.306111111111111
44,2025-05-14,,62.0,,,,,3,199.08,3.2380555555555555
44,2025-05-15,,90.0,,,,,2,258.99,3.2483333333333335
44,2025-05-16,,67.0,,,,,2,141.48,2.9955555555555557
44,2025-05-17,,71.0,,,,,2,165.12,2.778888888888889
44,2025-05-18,,84.0,,,,,4,821.29,9.388055555555555
44,2025-05-19,,69.0,,,,,2,126.05,3.7822222222222224
44,2025-05-20,,68.0,,,,,1,118.37,1.3055555555555556
44,2025-05-21,,61.0,,,,,3,65.05,1.6405555555555555
44,2025-05-22,,,,,,,1,136.74,1.75
44,2025-05-23,,56.0,,,,,3,133.22,1.2947222222222223
44,2025-05-24,,,,,,,2,465.51,5.451388888888889
44,2025-05-25,,,,,,,1,154.07,3.0
44,2025-05-26,,,,,,,2,108.81,2.8480555555555553
44,2025-05-27,,63.0,,,,,2,260.81,3.3041666666666667
44,2025-05-28,,74.0,,,,,1,167.15,2.0619444444444444
44,2025-05-29,,68.0,,,,,4,293.01,3.7091666666666665
44,2025-05-30,,70.0,,,,,2,179.65,2.319166666666667
44,2025-05-31,,80.0,,,,,1,366.06,5.070277777777778
44,2025-06-01,,59.0,,,,,2,100.7,2.5591666666666666
44,2025-06-02,,,,,,,2,112.58,2.9166666666666665
44,2025-06-03,,69.0,,,,,2,128.55,2.3144444444444443
44,2025-06-04,,45.0,,,,,5,221.14,3.9625
44,2025-06-05,,52.0,,,,,3,182.92,2.8316666666666666
44,2025-06-06,,52.0,,,,,4,140.74,2.9930555555555554
44,2025-06-07,,49.0,,,,,2,166.84,2.0369444444444444
44,2025-06-08,,53.0,,,,,7,581.07,7.999722222222222
44,2025-06-09,,46.0,,,,,4,150.8,3.3994444444444443
44,2025-06-10,,47.0,,,,,5,277.84,4.245277777777778
44,2025-06-11,,50.0,,,,,3,159.59,3.4394444444444443
44,2025-06-12,,54.0,,,,,3,74.57,2.386388888888889
44,2025-06-13,,58.0,,,,,3,226.27,3.295
44,2025-06-14,,,,,,,1,11.84,0.13166666666666665
44,2025-06-15,,74.0,,,,,5,386.42,4.467222222222222
44,2025-06-16,,56.0,,,,,3,150.84,3.214166666666667
44,2025-06-17,,48.0,,,,,3,153.64,3.7708333333333335
44,2025-06-18,,,,,,,3,159.77,3.6930555555555555
44,2025-06-19,,58.0,,,,,2,99.48,1.0158333333333334
44,2025-06-20,,,,,,,3,118.1,2.753888888888889
44,2025-06-21,,,,,,,4,100.76,2.8369444444444443
44,2025-06-22,,61.0,,,,,2,189.88,1.9561111111111111
44,2025-06-23,,54.0,,,,,3,79.02,1.2197222222222222
44,2025-06-24,,51.0,,,,,4,134.39,2.805833333333333
44,2025-06-25,,53.0,,,,,4,167.78,3.3202777777777777
44,2025-06-26,,48.0,,,,,5,124.27,4.642222222222222
44,2025-06-27,,43.0,,,,,4,123.91,2.3133333333333335
44,2025-06-28,,47.0,,,,,5,80.74,1.7908333333333333
44,2025-06-29,,46.0,,,,,3,92.32,0.7958333333333333
44,2025-06-30,2.93333333333333,41.0,66.0,,,,5,184.79,4.3966666666666665
44,2025-07-01,,50.0,,,,,4,93.44,1.5219444444444445
44,2025-07-02,,48.0,,,,,6,100.44,3.0027777777777778
44,2025-07-03,,50.0,,,,,4,263.34,4.491944444444444
44,2025-07-04,,50.0,,,,,4,75.01,1.0677777777777777
44,2025-07-05,,50.0,,,,,3,186.27,2.6969444444444446
44,2025-07-06,,47.0,,,,,3,77.96,0.6475
44,2025-07-07,4.35,43.0,115.0,,,,4,130.31,3.34
44,2025-07-08,,52.0,,,,,4,199.85,4.247222222222222
44,2025-07-09,,,,,,,3,31.02,2.3833333333333333
44,2025-07-10,,,,,,,2,37.4,1.5263888888888888
44,2025-07-11,,43.0,,,,,3,37.71,1.6930555555555555
44,2025-07-12,,39.0,,,,,3,56.02,1.3930555555555555
44,2025-07-13,,43.0,,,,,3,147.05,1.2338888888888888
44,2025-07-14,6.03333333333333,39.0,110.0,,,,4,294.88,3.102222222222222
44,2025-07-15,7.06666666666667,39.0,96.0,,,,5,292.4,5.182222222222222
44,2025-07-16,8.28333333333333,41.0,111.0,,,,2,216.86,1.6447222222222222
44,2025-07-17,,45.0,,,,,5,376.52,6.332222222222223
44,2025-07-18,5.48333333333333,43.0,109.0,,,,2,298.95,3.25
44,2025-07-19,,44.0,,,,,2,170.26,2.256388888888889
44,2025-07-20,6.38333333333333,41.0,116.0,,,,4,258.63,4.194444444444445
44,2025-07-21,8.7,39.0,123.0,,,,5,230.69,3.7094444444444443
44,2025-07-22,,44.0,,,,,3,142.08,3.8180555555555555
44,2025-07-23,7.9,40.0,119.0,,,,4,137.87,2.4330555555555557
44,2025-07-24,6.43333333333333,40.0,84.0,,,,4,226.53,3.7044444444444444
44,2025-07-25,,45.0,,,,,3,106.82,2.4563888888888887
44,2025-07-26,6.43333333333333,40.0,99.0,,,,2,269.89,4.04
44,2025-07-27,7.48333333333333,40.0,100.0,,,,3,215.77,4.071111111111111
44,2025-07-28,8.6,44.0,116.0,,,,2,100.0,2.5
44,2025-07-29,6.06666666666667,41.0,58.0,,,,4,183.56,4.111666666666666
44,2025-07-30,8.86666666666667,38.0,118.0,,,,5,185.76,5.519722222222223
44,2025-07-31,3.75,45.0,93.0,,,,3,67.96,3.2844444444444445
44,2025-08-01,,45.0,,,,,5,215.33,5.556666666666667
44,2025-08-02,,43.0,,,,,3,252.85,4.301666666666667
44,2025-08-03,9.06666666666667,38.0,116.0,,,,3,137.57,3.6375
44,2025-08-04,6.98333333333333,41.0,79.0,,,,5,115.63,5.437777777777778
44,2025-08-05,7.68333333333333,39.0,133.0,,,,4,228.0,3.7311111111111113
44,2025-08-06,7.83333333333333,41.0,86.0,,,,4,160.72,4.6375
44,2025-08-07,5.9,41.0,106.0,,,,3,137.67,4.0183333333333335
44,2025-08-08,8.28333333333333,40.0,104.0,,,,3,170.85,2.721111111111111
44,2025-08-09,6.45,43.0,69.0,,,,3,158.57,6.264166666666667
44,2025-08-10,,44.0,,,,,2,109.62,1.5863888888888888
44,2025-08-11,7.86666666666667,40.0,121.0,,,,4,111.62,3.686111111111111
44,2025-08-12,8.25,41.0,108.0,,,,4,232.82,4.655277777777778
44,2025-08-13,6.95,43.0,110.0,,,,5,98.88,1.7177777777777778
44,2025-08-14,,46.0,,,,,4,98.55,4.8869444444444445
44,2025-08-15,4.08333333333333,49.0,51.0,,,,3,109.1,2.547222222222222
44,2025-08-16,,62.0,,,,,2,0.0,4.0
44,2025-08-17,,48.0,,,,,2,78.08,2.0147222222222223
44,2025-08-18,,48.0,,,,,3,380.83,3.526388888888889
44,2025-08-19,,47.0,,,,,3,183.3,3.727777777777778
44,2025-08-20,,49.0,,,,,2,58.65,0.9638888888888889
44,2025-08-21,,,,,,,3,167.94,2.276388888888889
44,2025-08-22,,59.0,,,,,4,62.27,1.8380555555555556
44,2025-08-23,,49.0,,,,,1,65.49,0.4938888888888889
44,2025-08-24,,54.0,,,,,4,62.43,1.0116666666666667
44,2025-08-25,1.88333333333333,45.0,76.0,,,,3,140.39,3.7894444444444444
44,2025-08-26,,45.0,,,,,4,191.72,3.8794444444444443
44,2025-08-27,,50.0,,,,,2,97.56,1.7894444444444444
44,2025-08-28,,53.0,,,,,3,150.85,5.0
44,2025-08-29,,51.0,,,,,2,80.8,2.1666666666666665
44,2025-08-30,,51.0,,,,,2,0.0,4.0
44,2025-08-31,,51.0,,,,,1,97.4,1.2683333333333333
44,2025-09-01,,54.0,,,,,2,85.27,3.5
44,2025-09-02,,55.0,,,,,3,105.81,3.172222222222222
44,2025-09-03,,54.0,,,,,2,80.8,2.1666666666666665
44,2025-09-04,,49.0,,,,,3,150.85,5.0
44,2025-09-05,,56.0,,,,,3,91.46,2.6341666666666668
44,2025-09-06,,55.0,,,,,3,90.59,5.403611111111111
44,2025-09-07,,51.0,,,,,2,79.45,2.0147222222222223
44,2025-09-08,,57.0,,,,,3,122.22,3.526388888888889
44,2025-09-09,,56.0,,,,,3,118.53,3.4133333333333336
44,2025-09-10,,58.0,,,,,3,108.44,2.6575
44,2025-09-11,,64.0,,,,,3,150.85,5.0
44,2025-09-12,,54.0,,,,,2,44.42,2.0
44,2025-09-13,,61.0,,,,,2,207.2,4.181666666666667
44,2025-09-14,,53.0,,,,,2,78.11,2.4408333333333334
44,2025-09-15,,48.0,,,,,4,315.58,5.399444444444445
44,2025-09-16,,56.0,,,,,4,230.84,3.956111111111111
44,2025-09-17,,52.0,,,,,4,125.27,3.108888888888889
44,2025-09-18,,51.0,,,,,3,150.85,5.0
44,2025-09-19,,58.0,,,,,3,99.71,2.1127777777777776
44,2025-09-20,,57.0,,,,,2,73.71,1.7141666666666666
44,2025-09-21,,52.0,,,,,2,326.64,4.401666666666666
44,2025-09-22,,52.0,,,,,3,37.34,3.276388888888889
44,2025-09-23,,52.0,,,,,3,139.12,2.6905555555555556
44,2025-09-24,,52.0,,,,,4,102.57,3.7511111111111113
44,2025-09-25,,53.0,,,,,3,89.88,2.9725
44,2025-09-26,,57.0,,,,,5,227.33,5.249722222222222
44,2025-09-27,,53.0,,,,,2,36.72,3.526388888888889
44,2025-09-28,,55.0,,,,,6,92.28,3.8469444444444445
44,2025-09-29,,52.0,,,,,3,97.85,4.306111111111111
44,2025-09-30,,49.0,,,,,2,16.4,3.0
44,2025-10-01,,48.0,,,,,4,365.34,4.5375
44,2025-10-02,,50.0,,,,,4,77.48,4.2219444444444445
44,2025-10-03,,55.0,,,,,3,164.17,2.658333333333333
44,2025-10-04,,50.0,,,,,3,257.38,3.334722222222222
44,2025-10-05,,94.0,,,,,2,253.66,3.5525
44,2025-10-06,,55.0,,,,,3,111.8,3.4047222222222224
44,2025-10-07,,49.0,,,,,4,172.44,4.394722222222223
44,2025-10-08,,55.0,,,,,4,367.63,6.570555555555556
44,2025-10-09,,47.0,,,,,2,138.56,2.3169444444444443
44,2025-10-10,,53.0,,,,,3,162.39,3.8027777777777776
44,2025-10-11,,49.0,,,,,2,36.72,4.526388888888889
44,2025-10-12,,55.0,,,,,3,275.41,4.314444444444445
44,2025-10-13,,54.0,,,,,3,166.22,3.2525
44,2025-10-14,,50.0,,,,,4,222.05,5.409722222222222
44,2025-10-15,,50.0,,,,,4,225.9,3.0794444444444444
44,2025-10-16,,52.0,,,,,2,119.7,2.233611111111111
44,2025-10-17,,53.0,,,,,3,103.65,5.083333333333333
44,2025-10-18,,,,,,,2,170.59,2.0527777777777776
44,2025-10-19,,51.0,,,,,2,248.22,4.008333333333334
44,2025-10-20,,49.0,,,,,6,249.95,5.530555555555556
44,2025-10-21,,43.0,,,,,3,213.39,3.8605555555555555
44,2025-10-22,,47.0,,,,,3,88.24,4.595
44,2025-10-23,,44.0,,,,,3,143.63,3.6102777777777777
44,2025-10-24,,48.0,,,,,3,319.82,3.5925
44,2025-10-25,,45.0,,,,,2,36.72,4.026388888888889
44,2025-10-26,,50.0,,,,,6,669.24,8.2075
44,2025-10-27,,48.0,,,,,2,58.05,2.526388888888889
44,2025-10-28,,46.0,,,,,3,37.3,2.526388888888889
44,2025-10-29,,51.0,,,,,2,47.09,2.0
44,2025-10-30,,57.0,,,,,3,107.95,2.066388888888889
44,2025-10-31,,53.0,,,,,3,37.0,1.535
44,2025-11-01,,49.0,,,,,3,73.25,1.3930555555555555
44,2025-11-02,,50.0,,,,,4,163.53,1.8705555555555555
44,2025-11-03,,51.0,,,,,2,37.3,1.7763888888888888
44,2025-11-04,,50.0,,,,,3,80.13,1.846111111111111
44,2025-11-05,,49.0,,,,,2,157.01,2.575
44,2025-11-06,,54.0,,,,,3,44.19,4.25
44,2025-11-07,,52.0,,,,,2,134.04,1.9466666666666668
44,2025-11-08,,52.0,,,,,2,262.58,3.6838888888888888
44,2025-11-09,,57.0,,,,,3,235.83,5.940555555555555
44,2025-11-10,,49.0,,,,,2,62.22,1.5263888888888888
44,2025-11-11,,46.0,,,,,1,66.7,2.0
44,2025-11-12,,49.0,,,,,3,282.5,3.9047222222222224
44,2025-11-13,,51.0,,,,,4,144.19,6.25
44,2025-11-14,,72.0,,,,,3,227.44,4.696666666666666
44,2025-11-15,,49.0,,,,,2,36.72,3.526388888888889
44,2025-11-16,,53.0,,,,,2,103.8,4.159722222222222
44,2025-11-17,,55.0,,,,,2,116.72,2.526388888888889
44,2025-11-18,,49.0,,,,,2,79.82,2.5180555555555557
44,2025-11-19,,52.0,,,,,3,186.87,3.012777777777778
44,2025-11-20,,54.0,,,,,3,90.35,4.908055555555555
44,2025-11-21,,53.0,,,,,3,220.56,4.033888888888889
44,2025-11-22,,55.0,,,,,2,36.72,3.526388888888889
44,2025-11-23,,53.0,,,,,2,193.96,3.0280555555555555
44,2025-11-24,,48.0,,,,,3,28.78,3.394722222222222
44,2025-11-25,,50.0,,,,,3,75.12,2.082777777777778
44,2025-11-26,,50.0,,,,,2,62.22,1.5263888888888888
44,2025-11-27,,46.0,,,,,3,148.71,3.6475
44,2025-11-28,,55.0,,,,,1,1.14,1.25
44,2025-11-29,,49.0,,,,,2,265.22,3.9202777777777778
44,2025-11-30,,48.0,,,,,3,133.88,2.8080555555555557
44,2025-12-01,,50.0,,,,,3,50.93,3.008888888888889
44,2025-12-02,,52.0,,,,,4,225.3,4.575555555555556
44,2025-12-03,,54.0,,,,,2,1.48,2.5
44,2025-12-04,,54.0,,,,,4,83.55,3.5966666666666667
44,2025-12-05,,77.0,,,,,3,76.24,2.6458333333333335
44,2025-12-06,,53.0,,,,,1,86.63,1.403888888888889
44,2025-12-07,,54.0,,,,,4,234.13,3.305
44,2025-12-08,,46.0,,,,,3,29.87,2.144722222222222
44,2025-12-09,,49.0,,,,,2,0.0,1.5
44,2025-12-10,,44.0,,,,,2,0.0,1.5
44,2025-12-11,,46.0,,,,,2,0.0,1.5
44,2025-12-12,,44.0,,,,,2,30.02,1.6447222222222222
44,2025-12-13,,46.0,,,,,1,0.0,2.0
44,2025-12-14,,50.0,,,,,2,141.3,1.9269444444444443
44,2025-12-15,,45.0,,,,,3,197.7,3.6327777777777777
44,2025-12-16,,48.0,,,,,2,171.39,2.0008333333333335
44,2025-12-17,,51.0,,,,,2,162.19,3.79
44,2025-12-18,,50.0,,,,,3,165.9,4.338888888888889
44,2025-12-19,,47.0,,,,,2,27.35,1.8947222222222222
44,2025-12-20,,45.0,,,,,1,123.21,1.493611111111111
44,2025-12-21,4.36666666666667,45.0,106.0,,,,2,80.68,1.9166666666666667
44,2025-12-22,,49.0,,,,,3,29.57,2.894722222222222
44,2025-12-23,,,,,,,2,86.16,2.533333333333333
44,2025-12-24,,49.0,,,,,3,46.95,2.9875
44,2025-12-25,,47.0,,,,,2,36.9,1.271111111111111
44,2025-12-26,,49.0,,,,,3,30.02,3.144722222222222
44,2025-12-27,,50.0,,,,,3,239.74,3.692222222222222
44,2025-12-28,,43.0,,,,,2,25.5,1.0
44,2025-12-29,,45.0,,,,,3,236.01,3.026388888888889
44,2025-12-30,,51.0,,,,,2,27.28,1.2127777777777777
44,2025-12-31,,50.0,,,,,4,124.52,5.026388888888889
44,2026-01-01,,49.0,,,,,3,229.42,3.0413888888888887
44,2026-01-02,,48.0,,,,,4,277.84,4.504444444444444
44,2026-01-03,,49.0,,,,,2,36.72,3.526388888888889
44,2026-01-04,,52.0,,,,,4,281.45,4.278888888888889
44,2026-01-05,,,,,,,4,107.55,2.186111111111111
44,2026-01-06,,,,,,,2,56.04,2.6366666666666667
44,2026-01-07,,,,,,,3,206.0,3.19
44,2026-01-08,,54.0,,,,,3,3588.36,2.1880555555555556
44,2026-01-09,,54.0,,,,,3,178.01,3.0094444444444446
44,2026-01-10,,49.0,,,,,3,158.41,2.658611111111111
44,2026-01-11,,50.0,,,,,4,471.46,3.4697222222222224
44,2026-01-12,,51.0,,,,,3,136.45,2.8786111111111112
44,2026-01-13,,51.0,,,,,2,527.86,0.37222222222222223
44,2026-01-14,,49.0,,,,,2,0.0,0.0
44,2026-01-15,,,,,,,1,27.35,0.3947222222222222
44,2026-01-16,,,,,,,2,201.65,0.3363888888888889
44,2026-01-17,,,,,,,1,118.31,1.8025
44,2026-01-18,,,,,,,3,142.66,2.8325
44,2026-01-19,,,,,,,2,271.92,2.5508333333333333
44,2026-01-20,,,,,,,4,157.66,3.283888888888889
44,2026-01-21,,,,,,,3,126.65,3.0
44,2026-01-22,,,,,,,4,381.86,6.306111111111111
44,2026-01-23,,,,,,,3,204.93,2.662777777777778
44,2026-01-24,,,,,,,2,25.5,1.0
44,2026-01-25,,,,,,,3,475.06,4.864722222222222
44,2026-01-26,,,,,,,3,0.0,2.5
44,2026-01-27,,,,,,,4,91.32,3.297222222222222
44,2026-01-28,,,,,,,3,108.51,3.4719444444444445
44,2026-01-29,,,,,,,3,416.72,3.4563888888888887
44,2026-01-30,,,,,,,3,75.61,2.31
44,2026-01-31,,,,,,,2,293.84,3.5875
44,2026-02-01,,,,,,,2,76.08,2.071388888888889
44,2026-02-02,,,,,,,3,38.78,3.026388888888889
44,2026-02-03,,,,,,,4,856.67,3.3291666666666666
44,2026-02-04,,,,,,,3,205.37,3.6225
44,2026-02-05,,,,,,,3,131.64,2.805277777777778
44,2026-02-06,,,,,,,4,37.63,3.526388888888889
44,2026-02-07,,,,,,,3,1114.99,4.818611111111111
44,2026-02-08,,,,,,,4,158.27,3.678611111111111
44,2026-02-09,,,,,,,3,204.89,3.386388888888889
44,2026-02-10,,,,,,,3,958.25,3.5861111111111112
44,2026-02-11,,,,,,,2,205.44,5.027222222222222
44,2026-02-12,,,,,,,3,185.97,4.0536111111111115
44,2026-02-13,,,,,,,3,47.32,3.276388888888889
44,2026-02-14,,,,,,,2,119.4,2.3158333333333334
44,2026-02-15,,,,,,,3,337.6,5.016666666666667
44,2026-02-16,,,,,,,4,224.76,3.548888888888889
44,2026-02-17,,,,,,,4,541.9,3.945
44,2026-02-18,,,,,,,4,105.5,3.295
44,2026-02-19,,,,,,,3,60.89,3.391111111111111
44,2026-02-20,,,,,,,4,2622.72,5.722777777777778
44,2026-02-21,,,,,,,2,2538.17,3.8758333333333335
44,2026-02-22,,,,,,,4,149.21,2.2511111111111113
44,2026-02-23,,,,,,,3,30.14,3.894722222222222
44,2026-02-24,,,,,,,4,1784.69,3.723611111111111
44,2026-02-25,,,,,,,4,725.2,3.375
44,2026-02-26,,,,,,,4,113.39,3.6155555555555554
44,2026-02-27,,,,,,,4,4781.89,3.754722222222222
44,2026-02-28,,,,,,,3,193.35,2.318611111111111
44,2026-03-01,,,,,,,6,286.92,4.641111111111111
44,2026-03-02,,,,,,,4,56.52,3.5305555555555554
44,2026-03-03,,,,,,,3,92.32,4.054166666666666
44,2026-03-04,,,,,,,2,146.59,2.3291666666666666
44,2026-03-05,,,,,,,8,1335.64,4.480555555555555
44,2026-03-06,,,,,,,4,115.47,3.540277777777778
44,2026-03-07,,,,,,,2,36.72,4.526388888888889
44,2026-03-08,,,,,,,5,133.81,3.3266666666666667
44,2026-03-09,,,,,,,3,190.24,2.8894444444444445
44,2026-03-10,,,,,,,4,238.46,3.597777777777778
44,2026-03-11,,,,,,,6,2969.11,3.471388888888889
44,2026-03-12,,,,,,,4,88.58,3.2016666666666667
44,2026-03-13,,,,,,,5,1226.79,3.2925
44,2026-03-14,,,,,,,3,202.69,3.0019444444444443
44,2026-03-15,,,,,,,4,242.42,3.372777777777778
44,2026-03-16,,,,,,,3,161.9,3.6705555555555556
44,2026-03-17,,,,,,,5,146.38,3.1527777777777777
44,2026-03-18,,,,,,,3,28.78,2.894722222222222
44,2026-03-19,,,,,,,3,532.37,3.544722222222222
44,2026-03-20,,,,,,,4,202.47,4.275277777777778
44,2026-03-21,,,,,,,3,1760.47,1.613888888888889
44,2026-03-22,,,,,,,2,100.2,2.0527777777777776
44,2026-03-23,,,,,,,3,57.74,3.2894444444444444
46,2024-12-26,,,,,,,2,0.0,2.0
46,2024-12-27,,,,,,,3,0.0,3.25
46,2024-12-28,,,,,,,2,0.0,4.0
46,2024-12-29,,,,,,,3,0.0,2.0208333333333335
46,2024-12-30,,,,,,,3,0.0,2.9791666666666665
46,2024-12-31,,,,,,,4,0.0,5.416666666666667
46,2025-01-01,,,,,,,3,0.0,2.9166666666666665
46,2025-01-02,,,,,,,3,0.0,3.2916666666666665
46,2025-01-03,,,,,,,4,0.0,3.625
46,2025-01-04,,,,,,,1,0.0,3.0
46,2025-01-05,,,,,,,3,0.0,2.5416666666666665
46,2025-01-06,,,,,,,3,0.0,2.9166666666666665
46,2025-01-07,,,,,,,3,0.0,3.2291666666666665
46,2025-01-08,,,,,,,4,0.0,3.4166666666666665
46,2025-01-09,,,,,,,3,0.0,3.25
46,2025-01-10,,,,,,,4,0.0,3.4166666666666665
46,2025-01-11,,,,,,,1,0.0,3.0
46,2025-01-12,,,,,,,3,0.0,2.5416666666666665
46,2025-01-13,,,,,,,2,0.0,1.625
46,2025-01-14,,,,,,,3,0.0,3.2291666666666665
46,2025-01-15,,,,,,,4,0.0,3.4166666666666665
46,2025-01-16,,,,,,,3,0.0,3.25
46,2025-01-17,,,,,,,4,0.0,3.5208333333333335
46,2025-01-18,,,,,,,1,0.0,3.0
46,2025-01-19,,,,,,,3,0.0,2.325
46,2025-01-20,,,,,,,3,0.0,2.5833333333333335
46,2025-01-21,,,,,,,3,0.0,3.5905555555555555
46,2025-01-22,,,,,,,4,0.0,3.125
46,2025-01-23,,,,,,,3,0.0,4.0
46,2025-01-24,,,,,,,4,0.0,3.375
46,2025-01-25,,,,,,,2,0.0,3.4166666666666665
46,2025-01-26,,,,,,,3,0.0,2.5416666666666665
46,2025-01-27,,,,,,,3,0.0,2.625
46,2025-01-28,,,,,,,3,0.0,3.075
46,2025-01-29,,,,,,,4,0.0,3.5208333333333335
46,2025-01-30,,,,,,,1,0.0,0.6666666666666666
46,2025-01-31,,,,,,,3,0.0,1.4166666666666667
46,2025-02-01,,,,,,,1,0.0,0.3125
46,2025-02-03,,,,,,,3,0.0,3.625
46,2025-02-04,,,,,,,3,0.0,3.5905555555555555
46,2025-02-05,,,,,,,4,0.0,3.7708333333333335
46,2025-02-06,,,,,,,3,0.0,3.0
46,2025-02-07,,,,,,,4,0.0,3.1666666666666665
46,2025-02-08,,,,,,,2,0.0,3.4166666666666665
46,2025-02-09,,,,,,,3,0.0,1.5
46,2025-02-10,,,,,,,3,0.0,3.2916666666666665
46,2025-02-11,,,,,,,4,0.0,3.4905555555555554
46,2025-02-12,,,,,,,3,0.0,3.1666666666666665
46,2025-02-13,,,,,,,1,0.0,0.0
46,2025-02-14,,,,,,,3,0.0,2.1666666666666665
46,2025-02-15,,,,,,,3,0.0,1.2833333333333334
46,2025-02-17,,,,,,,1,0.0,0.4166666666666667
46,2025-02-18,,,,,,,3,0.0,2.457222222222222
46,2025-02-19,,,,,,,4,0.0,3.5208333333333335
46,2025-02-20,,,,,,,3,0.0,3.1666666666666665
46,2025-02-21,,,,,,,4,0.0,2.9166666666666665
46,2025-02-22,,,,,,,1,0.0,1.0
46,2025-02-23,,,,,,,3,0.0,3.9166666666666665
46,2025-02-24,,,,,,,3,0.0,2.9166666666666665
46,2025-02-25,,,,,,,3,0.0,3.2355555555555555
46,2025-02-26,,,,,,,4,0.0,3.5166666666666666
46,2025-02-27,,,,,,,3,0.0,3.5
46,2025-02-28,,,,,,,4,0.0,3.1666666666666665
46,2025-03-01,,,,,,,2,0.0,3.4166666666666665
46,2025-03-02,,,,,,,3,0.0,1.0
46,2025-03-03,,,,,,,3,0.0,3.125
46,2025-03-04,,,,,,,4,0.0,4.002222222222223
46,2025-03-05,,,,,,,4,0.0,3.4166666666666665
46,2025-03-06,,,,,,,3,0.0,3.125
46,2025-03-07,,,,,,,3,0.0,2.875
46,2025-03-08,,,,,,,2,0.0,2.0
46,2025-03-09,,,,,,,3,0.0,3.9166666666666665
46,2025-03-10,,,,,,,3,0.0,3.125
46,2025-03-11,,,,,,,4,0.0,3.5905555555555555
46,2025-03-12,,,,,,,4,0.0,3.625
46,2025-03-13,,,,,,,3,0.0,3.0
46,2025-03-14,,,,,,,4,0.0,3.125
46,2025-03-15,,,,,,,2,0.0,2.4166666666666665
46,2025-03-16,,,,,,,3,0.0,1.5
46,2025-03-17,,,,,,,3,0.0,2.8333333333333335
46,2025-03-18,,,,,,,3,0.0,3.45
46,2025-03-19,,,,,,,3,0.0,3.375
46,2025-03-20,,,,,,,3,0.0,0.5833333333333334
46,2025-03-21,,,,,,,3,0.0,1.2833333333333334
46,2025-03-23,,,,,,,1,0.0,0.8333333333333334
46,2025-03-24,,,,,,,3,0.0,2.7916666666666665
46,2025-03-25,,,,,,,2,0.0,1.875
46,2025-03-26,,,,,,,3,0.0,2.6166666666666667
46,2025-03-27,,,,,,,3,0.0,1.1791666666666667
46,2025-03-29,,,,,,,1,0.0,0.625
46,2025-03-30,,,,,,,3,0.0,1.5
46,2025-03-31,,,,,,,3,0.0,2.9166666666666665
46,2025-04-01,,,,,,,3,0.0,3.138888888888889
46,2025-04-02,,,,,,,4,0.0,3.9166666666666665
46,2025-04-03,,,,,,,3,0.0,3.25
46,2025-04-04,,,,,,,4,0.0,2.9166666666666665
46,2025-04-05,,,,,,,2,0.0,3.4166666666666665
46,2025-04-06,,,,,,,3,0.0,1.5
46,2025-04-07,,,,,,,3,0.0,2.9166666666666665
46,2025-04-08,,,,,,,3,0.0,2.9363888888888887
46,2025-04-09,,,,,,,4,0.0,3.9166666666666665
46,2025-04-10,,,,,,,3,0.0,4.0
46,2025-04-11,,,,,,,4,0.0,3.0208333333333335
46,2025-04-12,,,,,,,2,0.0,3.9166666666666665
46,2025-04-13,,,,,,,3,0.0,1.5
46,2025-04-14,,,,,,,3,0.0,3.0625
46,2025-04-15,,,,,,,3,0.0,3.536388888888889
46,2025-04-16,,,,,,,4,0.0,3.9166666666666665
46,2025-04-17,,,,,,,3,0.0,3.0
46,2025-04-18,,,,,,,4,0.0,3.0833333333333335
46,2025-04-19,,,,,,,2,0.0,2.9166666666666665
46,2025-04-20,,,,,,,3,0.0,1.5
46,2025-04-21,,,,,,,3,0.0,2.8125
46,2025-04-22,,,,,,,3,0.0,3.1666666666666665
46,2025-04-23,,,,,,,4,0.0,3.904166666666667
46,2025-04-24,,,,,,,3,0.0,2.851111111111111
46,2025-04-25,,,,,,,4,0.0,3.4166666666666665
46,2025-04-26,,,,,,,2,0.0,4.416666666666667
46,2025-04-27,,,,,,,2,0.0,0.8333333333333334
46,2025-04-28,,,,,,,3,0.0,3.0208333333333335
46,2025-04-29,,,,,,,3,0.0,3.5555555555555554
46,2025-04-30,,,,,,,2,0.0,1.5208333333333333
46,2025-05-01,,,,,,,3,0.0,3.0
46,2025-05-02,,,,,,,4,0.0,3.6666666666666665
46,2025-05-03,,,,,,,2,0.0,4.416666666666667
46,2025-05-04,,,,,,,2,0.0,1.0
46,2025-05-05,,,,,,,3,0.0,3.125
46,2025-05-06,,,,,,,3,0.0,3.536388888888889
46,2025-05-07,,,,,,,4,0.0,3.625
46,2025-05-08,,,,,,,3,0.0,3.75
46,2025-05-09,,,,,,,4,0.0,3.125
46,2025-05-10,,,,,,,2,0.0,3.4166666666666665
46,2025-05-11,,,,,,,2,0.0,1.0
46,2025-05-12,,,,,,,1,0.0,0.4166666666666667
46,2025-05-13,,,,,,,1,0.0,0.0
46,2025-05-14,,,,,,,3,0.0,2.375
46,2025-05-15,,,,,,,3,0.0,3.0
46,2025-05-16,,,,,,,3,0.0,1.7083333333333333
46,2025-05-17,,,,,,,2,0.0,2.9166666666666665
46,2025-05-18,,,,,,,2,0.0,2.0416666666666665
46,2025-05-19,,,,,,,3,0.0,2.4166666666666665
46,2025-05-20,,,,,,,2,0.0,1.9166666666666667
46,2025-05-21,,,,,,,3,0.0,2.1666666666666665
46,2025-05-22,,,,,,,3,0.0,2.4166666666666665
46,2025-05-23,,,,,,,3,0.0,1.2833333333333334
46,2025-05-25,,,,,,,1,0.0,0.0
46,2025-05-26,,,,,,,2,0.0,1.3125
46,2025-05-27,,,,,,,3,0.0,3.4166666666666665
46,2025-05-28,,,,,,,3,0.0,2.602222222222222
46,2025-05-29,,,,,,,3,0.0,2.4166666666666665
46,2025-05-30,,,,,,,3,0.0,3.25
46,2025-05-31,,,,,,,2,0.0,2.4166666666666665
46,2025-06-01,,,,,,,2,0.0,1.0
46,2025-06-02,,,,,,,4,0.0,3.9583333333333335
46,2025-06-03,,,,,,,3,0.0,1.9166666666666667
46,2025-06-04,,,,,,,3,0.0,1.8666666666666667
46,2025-06-05,,,,,,,3,0.0,1.5833333333333333
46,2025-06-06,,,,,,,3,0.0,1.2833333333333334
46,2025-06-09,,,,,,,2,0.0,0.9166666666666666
46,2025-06-10,,,,,,,3,0.0,2.55
46,2025-06-11,,,,,,,3,0.0,3.6666666666666665
46,2025-06-12,,,,,,,3,0.0,2.6666666666666665
46,2025-06-13,,,,,,,3,0.0,3.2
46,2025-06-14,,,,,,,2,0.0,3.4166666666666665
46,2025-06-15,,,,,,,2,0.0,2.0416666666666665
46,2025-06-16,,,,,,,3,0.0,3.4166666666666665
46,2025-06-17,,,,,,,3,0.0,3.826388888888889
46,2025-06-18,,,,,,,3,0.0,2.1666666666666665
46,2025-06-19,,,,,,,3,0.0,3.9066666666666667
46,2025-06-20,,,,,,,3,0.0,2.5019444444444443
46,2025-06-21,,,,,,,2,0.0,4.0
46,2025-06-22,,,,,,,2,0.0,2.003888888888889
46,2025-06-23,,,,,,,2,0.0,1.3125
46,2025-06-24,,,,,,,4,0.0,3.0
46,2025-06-25,,,,,,,3,0.0,2.375
46,2025-06-26,,,,,,,3,0.0,3.6569444444444446
46,2025-06-27,,,,,,,3,0.0,2.7519444444444443
46,2025-06-28,,,,,,,2,0.0,4.0
46,2025-06-29,,,,,,,2,0.0,2.2047222222222222
46,2025-06-30,,,,,,,3,0.0,4.125
46,2025-07-01,,,,,,,4,0.0,2.5
46,2025-07-02,,,,,,,3,0.0,2.375
46,2025-07-03,,,,,,,4,0.0,5.0
46,2025-07-04,,,,,,,3,0.0,2.5019444444444443
46,2025-07-05,,,,,,,2,0.0,3.5
46,2025-07-06,,,,,,,2,0.0,2.003888888888889
46,2025-07-07,,,,,,,3,0.0,2.908333333333333
46,2025-07-08,,,,,,,3,0.0,2.6333333333333333
46,2025-07-09,,,,,,,1,0.0,0.0
46,2025-07-10,,,,,,,3,0.0,1.5833333333333333
46,2025-07-11,,,,,,,3,0.0,1.2833333333333334
46,2025-07-13,,,,,,,2,0.0,1.25
46,2025-07-14,,,,,,,3,0.0,3.2916666666666665
46,2025-07-15,,,,,,,3,0.0,2.875
46,2025-07-16,,,,,,,3,0.0,1.8
46,2025-07-17,,,,,,,3,0.0,1.5833333333333333
46,2025-07-18,,,,,,,3,0.0,1.1791666666666667
46,2025-07-20,,,,,,,1,0.0,0.0
46,2025-07-21,,,,,,,3,0.0,3.625
46,2025-07-22,,,,,,,3,0.0,3.523888888888889
46,2025-07-23,,,,,,,4,0.0,3.375
46,2025-07-24,,,,,,,3,0.0,4.166666666666667
46,2025-07-25,,,,,,,4,0.0,3.5019444444444443
46,2025-07-26,,,,,,,2,0.0,4.0
46,2025-07-27,,,,,,,2,0.0,2.2047222222222222
46,2025-07-28,,,,,,,3,0.0,3.125
46,2025-07-29,,,,,,,3,0.0,3.5405555555555557
46,2025-07-30,,,,,,,4,0.0,3.375
46,2025-07-31,,,,,,,3,0.0,3.5
46,2025-08-01,,,,,,,4,0.0,3.375
46,2025-08-02,,,,,,,2,0.0,4.416666666666667
46,2025-08-03,,,,,,,2,0.0,1.0
46,2025-08-04,,,,,,,3,0.0,2.4166666666666665
46,2025-08-05,,,,,,,3,0.0,2.4166666666666665
46,2025-08-06,,,,,,,2,0.0,1.4166666666666667
46,2025-08-07,,,,,,,3,0.0,1.9166666666666667
46,2025-08-08,,,,,,,3,0.0,1.2833333333333334
46,2025-08-10,,,,,,,1,0.0,0.8333333333333334
46,2025-08-11,,,,,,,3,0.0,3.625
46,2025-08-12,,,,,,,3,0.0,4.457222222222223
46,2025-08-13,,,,,,,4,0.0,3.375
46,2025-08-14,,,,,,,3,0.0,4.0
46,2025-08-15,,,,,,,4,0.0,3.6686111111111113
46,2025-08-16,,,,,,,2,0.0,0.625
46,2025-08-17,,,,,,,1,0.0,0.4166666666666667
46,2025-08-18,,,,,,,4,0.0,1.4166666666666667
46,2025-08-19,,,,,,,5,0.0,1.2833333333333334
46,2025-08-21,,,,,,,5,0.0,1.3333333333333333
46,2025-08-23,,,,,,,2,0.0,0.4166666666666667
46,2025-08-24,,,,,,,1,0.0,0.3333333333333333
46,2025-08-25,,,,,,,3,0.0,3.4166666666666665
46,2025-08-26,,,,,,,3,0.0,2.6666666666666665
46,2025-08-27,,,,,,,3,0.0,2.3405555555555555
46,2025-08-28,,,,,,,3,0.0,3.6686111111111113
46,2025-08-29,,,,,,,3,0.0,4.0
46,2025-08-30,,,,,,,2,0.0,4.0
46,2025-08-31,,,,,,,2,0.0,2.003888888888889
46,2025-09-01,,,,,,,3,0.0,3.9166666666666665
46,2025-09-02,,,,,,,3,0.0,3.073888888888889
46,2025-09-03,,,,,,,4,0.0,3.1666666666666665
46,2025-09-04,,,,,,,4,0.0,1.6816666666666666
46,2025-09-05,,,,,,,2,0.0,1.99
46,2025-09-06,,,,,,,2,0.0,4.538611111111111
46,2025-09-07,,,,,,,2,0.0,1.7130555555555556
46,2025-09-08,,,,,,,3,0.0,2.191388888888889
46,2025-09-09,,,,,,,3,0.0,2.754722222222222
46,2025-09-10,,,,,,,3,0.0,2.715
46,2025-09-11,,,,,,,3,0.0,4.081944444444445
46,2025-09-12,,,,,,,3,0.0,3.1708333333333334
46,2025-09-13,,,,,,,3,0.0,5.5475
46,2025-09-14,,,,,,,3,0.0,5.763888888888889
46,2025-09-15,,,,,,,3,0.0,3.366388888888889
46,2025-09-16,,,,,,,4,0.0,2.910833333333333
46,2025-09-17,,,,,,,4,0.0,2.5325
46,2025-09-18,,,,,,,5,0.0,3.1638888888888888
46,2025-09-19,,,,,,,4,0.0,3.4619444444444443
46,2025-09-20,,,,,,,2,0.0,4.223888888888889
46,2025-09-21,,,,,,,3,0.0,1.9119444444444444
46,2025-09-22,,,,,,,3,0.0,2.894722222222222
46,2025-09-23,,,,,,,3,0.0,2.897222222222222
46,2025-09-24,,,,,,,4,0.0,3.2716666666666665
46,2025-09-25,,,,,,,6,0.0,2.778888888888889
46,2025-09-26,,,,,,,4,0.0,2.84
46,2025-09-27,,,,,,,2,0.0,5.594166666666666
46,2025-09-28,,,,,,,3,0.0,3.109722222222222
46,2025-09-29,,,,,,,3,0.0,3.0572222222222223
46,2025-09-30,,,,,,,3,0.0,2.3466666666666667
46,2025-10-01,,,,,,,3,0.0,3.109166666666667
46,2025-10-02,,,,,,,5,0.0,2.8030555555555554
46,2025-10-03,,,,,,,3,0.0,2.8022222222222224
46,2025-10-04,,,,,,,2,0.0,4.472777777777778
46,2025-10-05,,,,,,,2,0.0,2.636111111111111
46,2025-10-06,,,,,,,2,0.0,0.9413888888888889
46,2025-10-07,,,,,,,3,0.0,1.4294444444444445
46,2025-10-08,,,,,,,3,0.0,3.533333333333333
46,2025-10-09,,,,,,,4,0.0,2.96
46,2025-10-10,,,,,,,4,0.0,3.6238888888888887
46,2025-10-11,,,,,,,3,0.0,4.473611111111111
46,2025-10-12,,,,,,,6,0.0,4.073333333333333
46,2025-10-13,,,,,,,3,0.0,1.6247222222222222
46,2025-10-14,,,,,,,3,0.0,1.2741666666666667
46,2025-10-15,,,,,,,4,0.0,1.5066666666666666
46,2025-10-16,,,,,,,6,0.0,1.9122222222222223
46,2025-10-17,,,,,,,3,0.0,1.0455555555555556
46,2025-10-18,,,,,,,1,0.0,0.13055555555555556
46,2025-10-19,,,,,,,2,0.0,1.3333333333333333
46,2025-10-20,,,,,,,1,0.0,0.6052777777777778
46,2025-10-21,,,,,,,3,0.0,2.422222222222222
46,2025-10-22,,,,,,,4,0.0,3.6433333333333335
46,2025-10-23,,,,,,,5,0.0,2.792777777777778
46,2025-10-24,,,,,,,4,0.0,3.4091666666666667
46,2025-10-25,,,,,,,2,0.0,3.698888888888889
46,2025-10-26,,,,,,,2,0.0,1.9077777777777778
46,2025-10-27,,,,,,,2,0.0,1.0944444444444446
46,2025-10-28,,,,,,,2,0.0,0.8972222222222223
46,2025-10-29,,,,,,,3,0.0,1.978611111111111
46,2025-10-30,,,,,,,5,0.0,2.0966666666666667
46,2025-10-31,,,,,,,3,0.0,1.4497222222222221
46,2025-11-01,,,,,,,3,0.0,1.4116666666666666
46,2025-11-02,,,,,,,3,0.0,0.8372222222222222
46,2025-11-03,,,,,,,1,0.0,0.47583333333333333
46,2025-11-04,,,,,,,3,0.0,2.386111111111111
46,2025-11-05,,,,,,,5,0.0,3.0455555555555556
46,2025-11-06,,,,,,,3,0.0,1.8666666666666667
46,2025-11-07,,,,,,,3,0.0,1.6427777777777777
46,2025-11-08,,,,,,,3,0.0,1.1969444444444444
46,2025-11-09,,,,,,,3,0.0,1.0747222222222221
46,2025-11-10,,,,,,,1,0.0,0.0
46,2025-11-11,,,,,,,1,0.0,0.0
46,2025-11-12,,,,,,,1,0.0,0.0
46,2025-11-13,,,,,,,1,0.0,0.0
46,2025-11-14,,,,,,,1,0.0,0.0
46,2025-11-15,,,,,,,1,0.0,0.0
46,2025-11-16,,,,,,,1,0.0,0.0
46,2025-11-17,,,,,,,3,0.0,2.9294444444444445
46,2025-11-18,,,,,,,3,0.0,2.218888888888889
46,2025-11-19,,,,,,,3,0.0,2.3433333333333333
46,2025-11-20,,,,,,,3,0.0,0.7222222222222222
46,2025-11-21,,,,,,,4,0.0,1.2486111111111111
46,2025-11-22,,,,,,,2,0.0,2.941666666666667
46,2025-11-23,,,,,,,3,0.0,2.3922222222222222
46,2025-11-24,,,,,,,3,0.0,2.7472222222222222
46,2025-11-25,,,,,,,5,0.0,5.365555555555556
46,2025-11-26,,,,,,,3,0.0,2.9055555555555554
46,2025-11-27,,,,,,,4,0.0,4.722777777777778
46,2025-11-28,,,,,,,4,0.0,3.4166666666666665
46,2025-11-29,,,,,,,3,0.0,5.444444444444445
46,2025-11-30,,,,,,,3,0.0,2.036111111111111
46,2025-12-01,,,,,,,3,0.0,2.8669444444444445
46,2025-12-02,,,,,,,3,0.0,3.82
46,2025-12-03,,,,,,,4,0.0,3.4394444444444443
46,2025-12-04,,,,,,,3,0.0,3.555
46,2025-12-05,,,,,,,4,0.0,3.375
46,2025-12-06,,,,,,,2,0.0,4.774166666666667
46,2025-12-07,,,,,,,3,0.0,2.6080555555555556
46,2025-12-08,,,,,,,3,0.0,2.9419444444444443
46,2025-12-09,,,,,,,3,0.0,3.625
46,2025-12-10,,,,,,,4,0.0,4.552777777777778
46,2025-12-11,,,,,,,3,0.0,4.625
46,2025-12-12,,,,,,,4,0.0,3.808333333333333
46,2025-12-13,,,,,,,2,0.0,3.4202777777777778
46,2025-12-14,,,,,,,3,0.0,2.9122222222222223
46,2025-12-15,,,,,,,3,0.0,3.125
46,2025-12-16,,,,,,,3,0.0,3.361666666666667
46,2025-12-17,,,,,,,4,0.0,4.650833333333333
46,2025-12-18,,,,,,,3,0.0,4.625
46,2025-12-19,,,,,,,4,0.0,3.6344444444444446
46,2025-12-20,,,,,,,2,0.0,4.454722222222222
46,2025-12-21,,,,,,,3,0.0,2.911111111111111
46,2025-12-22,,,,,,,3,0.0,3.1780555555555554
46,2025-12-23,,,,,,,3,0.0,4.0725
46,2025-12-24,,,,,,,4,0.0,3.859722222222222
46,2025-12-25,,,,,,,2,0.0,1.5658333333333334
46,2025-12-26,,,,,,,4,0.0,4.357222222222222
46,2025-12-27,,,,,,,3,0.0,0.9497222222222222
46,2025-12-28,,,,,,,3,0.0,2.6616666666666666
46,2025-12-29,,,,,,,3,0.0,1.67
46,2025-12-30,,,,,,,3,0.0,4.737777777777778
46,2025-12-31,,,,,,,3,0.0,2.7591666666666668
46,2026-01-01,,,,,,,3,0.0,0.8188888888888889
46,2026-01-02,,,,,,,4,0.0,0.625
46,2026-01-03,,,,,,,3,0.0,3.6108333333333333
46,2026-01-04,,,,,,,3,0.0,2.2711111111111113
46,2026-01-05,,,,,,,3,0.0,3.341111111111111
46,2026-01-06,,,,,,,3,0.0,2.8627777777777776
46,2026-01-07,,,,,,,4,0.0,4.363888888888889
46,2026-01-08,,,,,,,5,0.0,3.111666666666667
46,2026-01-09,,,,,,,4,0.0,2.8966666666666665
46,2026-01-10,,,,,,,2,0.0,3.9205555555555556
46,2026-01-11,,,,,,,3,0.0,2.412777777777778
46,2026-01-12,,,,,,,3,0.0,3.145
46,2026-01-13,,,,,,,3,0.0,2.939722222222222
46,2026-01-14,,,,,,,4,0.0,4.135
46,2026-01-15,,,,,,,5,0.0,2.8930555555555557
46,2026-01-16,,,,,,,5,0.0,2.6483333333333334
46,2026-01-17,,,,,,,2,0.0,4.693888888888889
46,2026-01-18,,,,,,,3,0.0,2.7527777777777778
46,2026-01-19,,,,,,,3,0.0,1.5780555555555555
46,2026-01-20,,,,,,,4,0.0,3.2447222222222223
46,2026-01-21,,,,,,,4,0.0,3.251388888888889
46,2026-01-22,,,,,,,4,0.0,2.459722222222222
46,2026-01-23,,,,,,,6,0.0,3.0141666666666667
46,2026-01-24,,,,,,,2,0.0,3.4375
46,2026-01-25,,,,,,,3,0.0,2.4283333333333332
46,2026-01-26,,,,,,,3,0.0,2.6702777777777778
46,2026-01-27,,,,,,,3,0.0,2.794722222222222
46,2026-01-28,,,,,,,4,0.0,1.555
46,2026-01-29,,,,,,,3,0.0,1.2305555555555556
46,2026-01-30,,,,,,,2,0.0,1.0372222222222223
46,2026-01-31,,,,,,,3,0.0,0.7286111111111111
46,2026-02-01,,,,,,,2,0.0,0.9825
46,2026-02-02,,,,,,,3,0.0,2.917777777777778
46,2026-02-03,,,,,,,3,0.0,3.1030555555555557
46,2026-02-04,,,,,,,4,0.0,3.7769444444444447
46,2026-02-05,,,,,,,3,0.0,2.750277777777778
46,2026-02-06,,,,,,,4,0.0,3.609166666666667
46,2026-02-07,,,,,,,2,0.0,3.4988888888888887
46,2026-02-08,,,,,,,3,0.0,2.7375
46,2026-02-09,,,,,,,3,0.0,3.156111111111111
46,2026-02-10,,,,,,,4,0.0,2.6794444444444445
46,2026-02-11,,,,,,,3,0.0,2.935
46,2026-02-12,,,,,,,5,0.0,3.1791666666666667
46,2026-02-13,,,,,,,4,0.0,3.9161111111111113
46,2026-02-14,,,,,,,2,0.0,4.3533333333333335
46,2026-02-15,,,,,,,3,0.0,2.9141666666666666
46,2026-02-16,,,,,,,3,0.0,3.263611111111111
46,2026-02-17,,,,,,,3,0.0,3.256388888888889
46,2026-02-18,,,,,,,4,0.0,3.937777777777778
46,2026-02-19,,,,,,,5,0.0,3.5725
46,2026-02-20,,,,,,,4,0.0,3.1822222222222223
46,2026-02-21,,,,,,,2,0.0,3.8758333333333335
46,2026-02-22,,,,,,,4,0.0,3.2555555555555555
46,2026-02-23,,,,,,,3,0.0,3.2769444444444447
46,2026-02-24,,,,,,,3,0.0,2.5216666666666665
46,2026-02-25,,,,,,,4,0.0,4.541666666666667
46,2026-02-26,,,,,,,5,0.0,3.4283333333333332
46,2026-02-27,,,,,,,4,0.0,5.486666666666666
46,2026-02-28,,,,,,,2,0.0,4.430555555555555
46,2026-03-01,,,,,,,3,0.0,2.6466666666666665
46,2026-03-02,,,,,,,3,0.0,3.1983333333333333
46,2026-03-03,,,,,,,3,0.0,2.7802777777777776
46,2026-03-04,,,,,,,4,0.0,4.0152777777777775
46,2026-03-05,,,,,,,3,0.0,2.951111111111111
46,2026-03-06,,,,,,,4,0.0,3.625
46,2026-03-07,,,,,,,2,0.0,3.516111111111111
46,2026-03-08,,,,,,,2,0.0,1.7466666666666666
46,2026-03-09,,,,,,,1,0.0,0.5536111111111112
46,2026-03-10,,,,,,,2,0.0,1.1608333333333334
46,2026-03-11,,,,,,,3,0.0,2.3105555555555557
46,2026-03-12,,,,,,,3,0.0,1.9502777777777778
46,2026-03-13,,,,,,,3,0.0,1.3252777777777778
46,2026-03-14,,,,,,,3,0.0,0.9094444444444445
46,2026-03-15,,,,,,,1,0.0,0.625
46,2026-03-16,,,,,,,1,0.0,0.4166666666666667
46,2026-03-17,,,,,,,3,0.0,2.6347222222222224
46,2026-03-18,,,,,,,3,0.0,2.0305555555555554
46,2026-03-19,,,,,,,3,0.0,1.6947222222222222
46,2026-03-20,,,,,,,3,0.0,1.1980555555555557
46,2026-03-21,,,,,,,3,0.0,1.1672222222222222
46,2026-03-22,,,,,,,1,0.0,0.625
46,2026-03-23,,,,,,,2,0.0,1.625
47,2024-12-26,,,,,,,1,0.0,0.6194444444444445
47,2024-12-27,,,,,,,1,0.0,0.6505555555555556
47,2024-12-28,,,,,,,2,0.0,1.5441666666666667
47,2024-12-29,,,,,,,2,0.0,0.6766666666666666
47,2024-12-30,,,,,,,1,0.0,0.0
47,2024-12-31,,,,,,,3,0.0,4.734444444444445
47,2025-01-02,,,,,,,3,0.0,2.696388888888889
47,2025-01-03,,,,,,,2,0.0,2.3405555555555555
47,2025-01-04,,,,,,,2,0.0,3.803888888888889
47,2025-01-05,,,,,,,2,0.0,1.9938888888888888
47,2025-01-06,,,,,,,4,0.0,2.2508333333333335
47,2025-01-07,,,,,,,3,0.0,1.7697222222222222
47,2025-01-08,,,,,,,3,0.0,2.9163888888888887
47,2025-01-09,,,,,,,6,0.0,2.3427777777777776
47,2025-01-10,,,,,,,3,0.0,1.7961111111111112
47,2025-01-11,,,,,,,2,0.0,3.473333333333333
47,2025-01-12,,,,,,,1,0.0,1.1777777777777778
47,2025-01-13,,,,,,,2,0.0,0.7372222222222222
47,2025-01-14,,,,,,,7,0.0,1.8627777777777779
47,2025-01-15,,,,,,,1,0.0,0.9055555555555556
47,2025-01-16,,,,,,,4,0.0,1.4275
47,2025-01-17,,,,,,,3,0.0,2.58
47,2025-01-18,,,,,,,2,0.0,3.383611111111111
47,2025-01-19,,,,,,,1,0.0,1.1233333333333333
47,2025-01-20,,,,,,,3,0.0,1.4425
47,2025-01-21,,,,,,,5,0.0,3.194166666666667
47,2025-01-22,,,,,,,1,0.0,1.0202777777777778
47,2025-01-23,,,,,,,4,0.0,1.8302777777777777
47,2025-01-24,,,,,,,2,0.0,1.5472222222222223
47,2025-01-25,,,,,,,2,0.0,3.3133333333333335
47,2025-01-26,,,,,,,2,0.0,2.0219444444444443
47,2025-01-27,,,,,,,2,0.0,0.7538888888888889
47,2025-01-28,,,,,,,2,0.0,1.4827777777777778
47,2025-01-29,,,,,,,4,0.0,2.962222222222222
47,2025-01-30,,,,,,,3,0.0,0.65
47,2025-01-31,,,,,,,2,0.0,0.7952777777777778
47,2025-02-01,,,,,,,2,0.0,0.41888888888888887
47,2025-02-02,,,,,,,1,0.0,0.8958333333333334
47,2025-02-03,,,,,,,2,0.0,0.8388888888888889
47,2025-02-04,,,,,,,7,0.0,2.481388888888889
47,2025-02-05,,,,,,,3,0.0,2.6708333333333334
47,2025-02-06,,,,,,,4,0.0,1.565
47,2025-02-07,,,,,,,1,0.0,0.8891666666666667
47,2025-02-08,,,,,,,2,0.0,3.9458333333333333
47,2025-02-09,,,,,,,1,0.0,1.1494444444444445
47,2025-02-10,,,,,,,3,0.0,1.6819444444444445
47,2025-02-11,,,,,,,4,0.0,2.694166666666667
47,2025-02-12,,,,,,,3,0.0,1.3830555555555555
47,2025-02-14,,,,,,,1,0.0,0.6858333333333333
47,2025-02-15,,,,,,,3,0.0,0.6630555555555555
47,2025-02-16,,,,,,,5,0.0,1.5788888888888888
47,2025-02-17,,,,,,,1,0.0,0.0
47,2025-02-18,,,,,,,3,0.0,1.4102777777777777
47,2025-02-19,,,,,,,1,0.0,0.76
47,2025-02-20,,,,,,,3,0.0,1.9372222222222222
47,2025-02-21,,,,,,,2,0.0,0.8466666666666667
47,2025-02-22,,,,,,,2,0.0,0.9913888888888889
47,2025-02-23,,,,,,,2,0.0,2.229722222222222
47,2025-02-24,,,,,,,2,0.0,0.2886111111111111
47,2025-02-25,,,,,,,5,0.0,2.9505555555555554
47,2025-02-26,,,,,,,2,0.0,2.2866666666666666
47,2025-02-27,,,,,,,5,0.0,2.881388888888889
47,2025-02-28,,,,,,,2,0.0,1.2569444444444444
47,2025-03-01,,,,,,,2,0.0,3.496111111111111
47,2025-03-02,,,,,,,3,0.0,1.6125
47,2025-03-03,,,,,,,2,0.0,0.8822222222222222
47,2025-03-04,,,,,,,2,0.0,1.2930555555555556
47,2025-03-05,,,,,,,4,0.0,2.943611111111111
47,2025-03-06,,,,,,,3,0.0,1.8522222222222222
47,2025-03-07,,,,,,,2,0.0,1.5669444444444445
47,2025-03-08,,,,,,,7,0.0,1.5877777777777777
47,2025-03-09,,,,,,,2,0.0,3.5391666666666666
47,2025-03-10,,,,,,,4,0.0,1.6347222222222222
47,2025-03-11,,,,,,,5,0.0,2.0477777777777777
47,2025-03-12,,,,,,,3,0.0,3.1555555555555554
47,2025-03-13,,,,,,,6,0.0,2.366388888888889
47,2025-03-14,,,,,,,2,0.0,1.3325
47,2025-03-15,,,,,,,2,0.0,2.355277777777778
47,2025-03-16,,,,,,,2,0.0,1.6780555555555556
47,2025-03-17,,,,,,,3,0.0,1.4016666666666666
47,2025-03-18,,,,,,,4,0.0,1.4961111111111112
47,2025-03-19,,,,,,,1,0.0,0.8972222222222223
47,2025-03-20,,,,,,,2,0.0,0.9083333333333333
47,2025-03-21,,,,,,,3,0.0,0.8922222222222222
47,2025-03-22,,,,,,,4,0.0,2.932777777777778
47,2025-03-23,,,,,,,1,0.0,0.37166666666666665
47,2025-03-24,,,,,,,2,0.0,1.3616666666666666
47,2025-03-25,,,,,,,3,0.0,1.4694444444444446
47,2025-03-26,,,,,,,5,0.0,1.0177777777777777
47,2025-03-27,,,,,,,3,0.0,1.8780555555555556
47,2025-03-28,,,,,,,4,0.0,1.4672222222222222
47,2025-03-29,,,,,,,2,0.0,0.6866666666666666
47,2025-03-30,,,,,,,3,0.0,1.6827777777777777
47,2025-03-31,,,,,,,4,0.0,2.2591666666666668
47,2025-04-01,,,,,,,5,0.0,2.477777777777778
47,2025-04-02,,,,,,,3,0.0,2.080277777777778
47,2025-04-03,,,,,,,6,0.0,3.111666666666667
47,2025-04-04,,,,,,,2,0.0,0.5033333333333333
47,2025-04-05,,,,,,,3,0.0,3.4619444444444443
47,2025-04-06,,,,,,,2,0.0,1.1758333333333333
47,2025-04-07,,,,,,,2,0.0,0.9
47,2025-04-08,,,,,,,6,0.0,2.9130555555555557
47,2025-04-09,,,,,,,4,0.0,3.5344444444444445
47,2025-04-10,,,,,,,5,0.0,2.1058333333333334
47,2025-04-11,,,,,,,2,0.0,0.9647222222222223
47,2025-04-12,,,,,,,2,0.0,3.187777777777778
47,2025-04-13,,,,,,,3,0.0,1.3930555555555555
47,2025-04-14,,,,,,,4,0.0,3.0819444444444444
47,2025-04-15,,,,,,,6,0.0,2.891111111111111
47,2025-04-16,,,,,,,3,0.0,1.4375
47,2025-04-17,,,,,,,3,0.0,0.7569444444444444
47,2025-04-18,,,,,,,4,0.0,2.6869444444444444
47,2025-04-19,,,,,,,3,0.0,2.8233333333333333
47,2025-04-20,,,,,,,2,0.0,0.8977777777777778
47,2025-04-21,,,,,,,3,0.0,1.3905555555555555
47,2025-04-22,,,,,,,5,0.0,2.5969444444444445
47,2025-04-23,,,,,,,3,0.0,1.4313888888888888
47,2025-04-24,,,,,,,6,0.0,2.078888888888889
47,2025-04-25,,,,,,,4,0.0,2.138611111111111
47,2025-04-26,,,,,,,3,0.0,3.86
47,2025-04-27,,,,,,,3,0.0,1.6047222222222222
47,2025-04-28,,,,,,,4,0.0,2.810277777777778
47,2025-04-29,,,,,,,6,0.0,2.5794444444444444
47,2025-04-30,,,,,,,4,0.0,1.6291666666666667
47,2025-05-01,,,,,,,6,0.0,3.182777777777778
47,2025-05-02,,,,,,,3,0.0,1.1002777777777777
47,2025-05-03,,,,,,,3,0.0,1.7619444444444445
47,2025-05-04,,,,,,,4,0.0,7.454166666666667
47,2025-05-05,,,,,,,1,0.0,0.0
47,2025-05-06,,,,,,,1,0.0,0.0
47,2025-05-07,,,,,,,2,0.0,1.4608333333333334
47,2025-05-08,,,,,,,4,0.0,2.0844444444444443
47,2025-05-09,,,,,,,3,0.0,1.341388888888889
47,2025-05-10,,,,,,,5,0.0,0.7786111111111111
47,2025-05-11,,,,,,,5,0.0,1.1411111111111112
47,2025-05-12,,,,,,,2,0.0,0.41833333333333333
47,2025-05-13,,,,,,,1,0.0,0.0
47,2025-05-14,,,,,,,3,0.0,1.7375
47,2025-05-15,,,,,,,5,0.0,1.978611111111111
47,2025-05-16,,,,,,,3,0.0,1.0038888888888888
47,2025-05-17,,,,,,,2,0.0,3.0594444444444444
47,2025-05-18,,,,,,,5,0.0,2.4255555555555555
47,2025-05-19,,,,,,,2,0.0,0.8119444444444445
47,2025-05-20,,,,,,,5,0.0,1.533611111111111
47,2025-05-21,,,,,,,3,0.0,0.8975
47,2025-05-22,,,,,,,3,0.0,1.0716666666666668
47,2025-05-23,,,,,,,3,0.0,0.5697222222222222
47,2025-05-24,,,,,,,3,0.0,0.34305555555555556
47,2025-05-25,,,,,,,1,0.0,0.0
47,2025-05-26,,,,,,,1,0.0,0.0
47,2025-05-27,,,,,,,3,0.0,1.2638888888888888
47,2025-05-28,,,,,,,3,0.0,0.42083333333333334
47,2025-05-29,,,,,,,3,0.0,1.3672222222222221
47,2025-05-30,,,,,,,4,0.0,1.396388888888889
47,2025-05-31,,,,,,,3,0.0,3.9905555555555554
47,2025-06-01,,,,,,,2,0.0,0.9769444444444444
47,2025-06-02,,,,,,,3,0.0,1.658611111111111
47,2025-06-03,,,,,,,4,0.0,0.5775
47,2025-06-04,,,,,,,2,0.0,0.36138888888888887
47,2025-06-05,,,,,,,1,0.0,0.0
47,2025-06-06,,,,,,,1,0.0,0.33444444444444443
47,2025-06-07,,,,,,,1,0.0,0.18666666666666668
47,2025-06-09,,,,,,,2,0.0,0.6216666666666667
47,2025-06-10,,,,,,,1,0.0,0.5069444444444444
47,2025-06-20,,,,,,,2,0.0,1.416388888888889
47,2025-06-21,,,,,,,2,0.0,4.373333333333333
47,2025-06-22,,,,,,,2,0.0,2.0680555555555555
47,2025-06-23,,,,,,,3,0.0,1.2369444444444444
47,2025-06-24,,,,,,,5,0.0,1.8725
47,2025-06-25,,,,,,,1,0.0,0.49833333333333335
47,2025-06-26,,,,,,,4,0.0,2.2075
47,2025-06-27,,,,,,,1,0.0,0.16555555555555557
47,2025-06-28,,,,,,,2,0.0,2.3441666666666667
47,2025-06-29,,,,,,,2,0.0,2.147777777777778
47,2025-06-30,,,,,,,3,0.0,1.2977777777777777
47,2025-07-01,,,,,,,3,0.0,1.9219444444444445
47,2025-07-02,,,,,,,1,0.0,0.7188888888888889
47,2025-07-03,,,,,,,4,0.0,1.6788888888888889
47,2025-07-04,,,,,,,3,0.0,2.986388888888889
47,2025-07-05,,,,,,,1,0.0,0.5336111111111111
47,2025-07-06,,,,,,,1,0.0,1.2366666666666666
47,2025-07-07,,,,,,,3,0.0,1.925
47,2025-07-08,,,,,,,5,0.0,2.381388888888889
47,2025-07-10,,,,,,,3,0.0,1.431111111111111
47,2025-07-11,,,,,,,2,0.0,0.8375
47,2025-07-12,,,,,,,3,0.0,2.5430555555555556
47,2025-07-13,,,,,,,2,0.0,1.1680555555555556
47,2025-07-14,,,,,,,2,0.0,1.3791666666666667
47,2025-07-15,,,,,,,2,0.0,1.2444444444444445
47,2025-07-16,,,,,,,5,0.0,1.8144444444444445
47,2025-07-17,,,,,,,2,0.0,1.0116666666666667
47,2025-07-18,,,,,,,2,0.0,1.0805555555555555
47,2025-07-19,,,,,,,5,0.0,1.5630555555555556
47,2025-07-21,,,,,,,3,0.0,2.9305555555555554
47,2025-07-22,,,,,,,3,0.0,1.2447222222222223
47,2025-07-23,,,,,,,2,0.0,2.022777777777778
47,2025-07-24,,,,,,,4,0.0,3.27
47,2025-07-25,,,,,,,3,0.0,1.8222222222222222
47,2025-07-26,,,,,,,1,0.0,4.158888888888889
47,2025-07-27,,,,,,,1,0.0,1.2166666666666666
47,2025-07-28,,,,,,,3,0.0,3.0425
47,2025-07-29,,,,,,,6,0.0,2.4363888888888887
47,2025-07-30,,,,,,,3,0.0,3.481388888888889
47,2025-07-31,,,,,,,5,0.0,3.0005555555555556
47,2025-08-01,,,,,,,1,0.0,0.8572222222222222
47,2025-08-02,,,,,,,3,0.0,4.496666666666667
47,2025-08-03,,,,,,,1,0.0,1.2041666666666666
47,2025-08-04,,,,,,,2,0.0,1.2202777777777778
47,2025-08-05,,,,,,,3,0.0,2.5980555555555553
47,2025-08-06,,,,,,,4,0.0,1.6627777777777777
47,2025-08-07,,,,,,,2,0.0,0.9458333333333333
47,2025-08-08,,,,,,,3,0.0,1.3727777777777779
47,2025-08-09,,,,,,,4,0.0,1.5080555555555555
47,2025-08-10,,,,,,,1,0.0,0.48277777777777775
47,2025-08-11,,,,,,,3,0.0,3.5052777777777777
47,2025-08-12,,,,,,,4,0.0,3.0355555555555553
47,2025-08-13,,,,,,,2,0.0,1.7525
47,2025-08-14,,,,,,,5,0.0,2.991111111111111
47,2025-08-15,,,,,,,4,0.0,2.1958333333333333
47,2025-08-16,,,,,,,1,0.0,0.7219444444444445
47,2025-08-17,,,,,,,1,0.0,0.3725
47,2025-08-18,,,,,,,3,0.0,1.8430555555555554
47,2025-08-19,,,,,,,2,0.0,0.8536111111111111
47,2025-08-20,,,,,,,4,0.0,2.5477777777777777
47,2025-08-21,,,,,,,3,0.0,12.144166666666667
47,2025-08-22,,,,,,,4,0.0,0.7455555555555555
47,2025-08-29,,,,,,,1,0.0,0.3013888888888889
47,2025-08-30,,,,,,,1,0.0,1.4861111111111112
47,2025-08-31,,,,,,,2,0.0,1.6216666666666666
47,2025-09-01,,,,,,,3,0.0,3.140833333333333
47,2025-09-02,,,,,,,4,0.0,2.450833333333333
47,2025-09-03,,,,,,,2,0.0,1.4430555555555555
50,2026-01-08,,,,,,,1,93.39,0.9991666666666666
50,2026-01-09,,,,,,,1,119.11,1.1961111111111111
50,2026-01-10,,,,,,,1,158.05,1.4933333333333334
50,2026-01-11,,,,,,,2,155.17,1.6727777777777777
50,2026-01-12,,,,,,,1,118.46,1.1961111111111111
50,2026-01-13,,,,,,,1,77.98,0.9113888888888889
50,2026-01-14,,,,,,,2,197.82,2.1025
50,2026-01-26,,,,,,,1,184.39,1.3630555555555555
50,2026-01-27,,,,,,,1,90.46,0.7366666666666667
50,2026-01-28,,,,,,,1,157.95,1.1880555555555556
50,2026-01-29,,,,,,,1,97.94,0.8333333333333334
50,2026-01-30,,,,,,,2,147.28,1.0802777777777777
50,2026-01-31,,,,,,,1,145.91,1.2466666666666666
50,2026-02-01,,,,,,,1,93.13,0.8233333333333334
54,2026-01-12,,,,,,,2,0.0,0.21222222222222223
55,2024-12-26,,,,,,,4,978.85,4.5025
55,2024-12-27,,,,,,,5,947.8,6.106944444444444
55,2024-12-28,,,,,,,5,1247.87,5.615277777777778
55,2024-12-29,,,,,,,3,293.74,3.081111111111111
55,2024-12-30,,,,,,,4,770.69,4.147777777777778
55,2024-12-31,,,,,,,5,431.78,4.315555555555555
55,2025-01-01,,,,,,,4,615.74,2.9494444444444445
55,2025-01-02,,,,,,,4,776.28,4.764722222222222
55,2025-01-03,,,,,,,5,783.5,4.718055555555556
55,2025-01-04,,,,,,,3,143.1,2.3608333333333333
55,2025-01-05,,,,,,,4,253.76,3.116111111111111
55,2025-01-06,,,,,,,4,227.39,3.1605555555555553
55,2025-01-07,,,,,,,6,739.64,4.466666666666667
55,2025-01-08,,,,,,,8,722.53,5.613888888888889
55,2025-01-09,,,,,,,4,279.81,3.3497222222222223
55,2025-01-10,,,,,,,6,430.81,4.161944444444444
55,2025-01-11,,,,,,,3,255.61,3.4358333333333335
55,2025-01-12,,,,,,,4,476.29,3.725
55,2025-01-13,,,,,,,5,596.05,2.6666666666666665
55,2025-01-14,,,,,,,6,881.01,5.078055555555555
55,2025-01-15,,,,,,,5,654.48,5.238611111111111
55,2025-01-16,,,,,,,6,444.35,3.421388888888889
55,2025-01-17,,,,,,,7,666.98,5.3597222222222225
55,2025-01-18,,,,,,,3,226.95,3.4355555555555557
55,2025-01-19,,,,,,,4,155.4,3.3055555555555554
55,2025-01-20,,,,,,,5,201.62,1.5372222222222223
55,2025-01-21,,,,,,,4,483.51,3.055833333333333
55,2025-01-22,,,,,,,7,622.35,4.3630555555555555
55,2025-01-23,,,,,,,6,553.99,3.5175
55,2025-01-24,,,,,,,6,555.49,3.5555555555555554
55,2025-01-25,,,,,,,3,198.48,3.3008333333333333
55,2025-01-26,,,,,,,4,130.51,2.9669444444444446
55,2025-01-27,,,,,,,4,73.05,2.6769444444444446
55,2025-01-28,,,,,,,4,94.64,3.1269444444444443
55,2025-01-29,,,,,,,6,67.82,4.424444444444444
55,2025-01-30,,,,,,,2,0.0,0.6666666666666666
55,2025-01-31,,,,,,,5,138.29,1.6872222222222222
55,2025-02-01,,,,,,,2,59.05,0.5138888888888888
55,2025-02-02,,,,,,,2,70.69,0.6247222222222222
55,2025-02-03,,,,,,,6,318.23,2.9633333333333334
55,2025-02-04,,,,,,,4,347.27,2.8227777777777776
55,2025-02-05,,,,,,,6,466.32,3.048611111111111
55,2025-02-06,,,,,,,6,377.74,3.0502777777777776
55,2025-02-07,,,,,,,6,362.81,2.5441666666666665
55,2025-02-08,,,,,,,3,182.26,3.9405555555555556
55,2025-02-09,,,,,,,4,461.32,2.83
55,2025-02-10,,,,,,,6,580.43,3.7405555555555554
55,2025-02-11,,,,,,,5,629.51,3.4391666666666665
55,2025-02-12,,,,,,,7,574.63,5.018055555555556
55,2025-02-13,,,,,,,4,630.75,3.462222222222222
55,2025-02-14,,,,,,,5,512.15,3.656111111111111
55,2025-02-15,,,,,,,4,312.07,3.6794444444444445
55,2025-02-16,,,,,,,2,180.51,0.5680555555555555
55,2025-02-17,,,,,,,3,333.86,1.4197222222222223
55,2025-02-18,,,,,,,4,401.26,2.6419444444444444
55,2025-02-19,,,,,,,4,359.94,2.7544444444444443
55,2025-02-20,,,,,,,4,305.92,2.9541666666666666
55,2025-02-21,,,,,,,4,72.38,2.235
55,2025-02-22,,,,,,,5,103.65,1.488611111111111
55,2025-02-23,,,,,,,4,88.75,0.6661111111111111
55,2025-02-24,,,,,,,3,48.2,0.3819444444444444
55,2025-02-25,,,,,,,4,481.01,3.0780555555555558
55,2025-02-26,,,,,,,5,571.73,4.365833333333334
55,2025-02-27,,,,,,,6,580.84,3.330277777777778
55,2025-02-28,,,,,,,6,528.23,3.152222222222222
55,2025-03-01,,,,,,,4,206.38,4.606944444444444
55,2025-03-02,,,,,,,4,283.96,3.1033333333333335
55,2025-03-03,,,,,,,5,440.89,2.085277777777778
55,2025-03-04,,,,,,,5,708.6,3.5425
55,2025-03-05,,,,,,,7,484.64,4.1338888888888885
55,2025-03-06,,,,,,,4,370.45,3.137777777777778
55,2025-03-07,,,,,,,4,450.42,2.892777777777778
55,2025-03-08,,,,,,,4,360.17,3.0925
55,2025-03-09,,,,,,,4,327.43,5.693888888888889
55,2025-03-10,,,,,,,4,527.48,3.4505555555555554
55,2025-03-11,,,,,,,6,210.2,3.6797222222222223
55,2025-03-12,,,,,,,5,546.47,4.1305555555555555
55,2025-03-13,,,,,,,4,547.94,3.0730555555555554
55,2025-03-14,,,,,,,7,523.73,5.008333333333334
55,2025-03-15,,,,,,,4,166.82,2.895
55,2025-03-16,,,,,,,4,501.58,3.1905555555555556
55,2025-03-17,,,,,,,5,546.42,3.6036111111111113
55,2025-03-18,,,,,,,3,483.69,3.362222222222222
55,2025-03-19,,,,,,,3,487.27,2.8358333333333334
55,2025-03-20,,,,,,,3,58.14,1.1005555555555555
55,2025-03-21,,,,,,,3,144.29,1.6075
55,2025-03-22,,,,,,,4,95.27,1.3380555555555556
55,2025-03-23,,,,,,,1,115.74,0.9066666666666666
55,2025-03-24,,,,,,,3,234.5,3.189722222222222
55,2025-03-25,,,,,,,2,276.62,1.37
55,2025-03-26,,,,,,,3,116.23,2.4702777777777776
55,2025-03-27,,,,,,,3,77.09,1.2627777777777778
55,2025-03-28,,,,,,,4,66.11,1.025
55,2025-03-29,,,,,,,1,47.55,0.6769444444444445
55,2025-03-30,,,,,,,3,25.5,1.5
55,2025-03-31,,,,,,,3,397.44,3.2669444444444444
55,2025-04-01,,,,,,,3,232.36,2.6980555555555554
55,2025-04-02,,,,,,,4,438.07,4.141944444444444
55,2025-04-03,,,,,,,3,630.56,3.8958333333333335
55,2025-04-04,,,,,,,4,204.91,4.6325
55,2025-04-05,,,,,,,2,177.61,3.3116666666666665
55,2025-04-06,,,,,,,3,141.63,2.401666666666667
55,2025-04-07,,,,,,,3,323.88,2.9305555555555554
55,2025-04-08,,,,,,,3,602.49,3.1030555555555557
55,2025-04-09,,,,,,,5,559.8,4.9591666666666665
55,2025-04-10,,,,,,,3,418.61,3.1344444444444446
55,2025-04-11,,,,,,,4,185.67,3.168888888888889
55,2025-04-12,,,,,,,2,234.09,3.5025
55,2025-04-13,,,,,,,3,313.63,2.641388888888889
55,2025-04-14,,,,,,,5,535.07,3.7066666666666666
55,2025-04-15,,,,,,,5,573.86,3.5330555555555554
55,2025-04-16,,,,,,,5,453.06,2.863611111111111
55,2025-04-17,,,,,,,4,241.95,3.4133333333333336
55,2025-04-18,,,,,,,6,562.01,4.147777777777778
55,2025-04-19,,,,,,,2,156.85,2.861666666666667
55,2025-04-20,,,,,,,3,535.11,2.8605555555555555
55,2025-04-21,,,,,,,4,500.34,3.402222222222222
55,2025-04-22,,,,,,,4,574.23,3.5508333333333333
55,2025-04-23,,,,,,,4,447.09,2.6380555555555554
55,2025-04-24,,,,,,,4,338.73,4.341111111111111
55,2025-04-25,,,,,,,4,214.19,3.214722222222222
55,2025-04-26,,,,,,,5,299.69,7.939166666666667
55,2025-04-27,,,,,,,2,265.06,1.5958333333333334
55,2025-04-28,,,,,,,4,369.66,2.883888888888889
55,2025-04-29,,,,,,,3,731.28,3.0122222222222224
55,2025-04-30,,,,,,,4,346.49,3.9266666666666667
55,2025-05-01,,,,,,,3,303.96,3.4202777777777778
55,2025-05-02,,,,,,,6,323.35,3.5727777777777776
55,2025-05-03,,,,,,,2,191.77,1.8425
55,2025-05-04,,,,,,,2,35.59,0.39
55,2025-05-05,,,,,,,2,295.83,0.6655555555555556
55,2025-05-06,,,,,,,3,143.89,2.6619444444444444
55,2025-05-07,,,,,,,4,331.1,3.3938888888888887
55,2025-05-08,,,,,,,3,100.98,2.2597222222222224
55,2025-05-09,,,,,,,3,88.73,1.0611111111111111
55,2025-05-10,,,,,,,5,108.37,2.1286111111111112
55,2025-05-11,,,,,,,1,78.3,2.7094444444444443
55,2025-05-12,,,,,,,3,96.37,1.7019444444444445
55,2025-05-13,,,,,,,3,510.28,2.7194444444444446
55,2025-05-14,,,,,,,4,186.71,3.7872222222222223
55,2025-05-15,,,,,,,3,593.4,3.2844444444444445
55,2025-05-16,,,,,,,3,188.92,2.1008333333333336
55,2025-05-17,,,,,,,2,154.8,3.1008333333333336
55,2025-05-18,,,,,,,3,482.37,2.605277777777778
55,2025-05-19,,,,,,,3,55.27,2.3691666666666666
55,2025-05-20,,,,,,,2,447.15,1.8133333333333332
55,2025-05-21,,,,,,,3,392.48,1.753611111111111
55,2025-05-22,,,,,,,3,183.11,1.7361111111111112
55,2025-05-23,,,,,,,3,111.0,1.323888888888889
55,2025-05-24,,,,,,,4,128.51,1.8491666666666666
55,2025-05-25,,,,,,,1,0.0,0.0
55,2025-05-26,,,,,,,4,364.19,2.4983333333333335
55,2025-05-27,,,,,,,5,577.76,3.7108333333333334
55,2025-05-28,,,,,,,3,435.1,2.7455555555555557
55,2025-05-29,,,,,,,5,494.07,3.272777777777778
55,2025-05-30,,,,,,,3,383.21,2.959722222222222
55,2025-05-31,,,,,,,3,255.29,5.890555555555555
55,2025-06-01,,,,,,,2,163.58,2.165277777777778
55,2025-06-02,,,,,,,4,410.91,3.0902777777777777
55,2025-06-03,,,,,,,3,263.71,1.033611111111111
55,2025-06-04,,,,,,,3,203.62,1.8172222222222223
55,2025-06-05,,,,,,,3,145.15,1.6016666666666666
55,2025-06-06,,,,,,,3,123.73,1.5888888888888888
55,2025-06-07,,,,,,,3,121.59,1.7513888888888889
55,2025-06-09,,,,,,,3,124.88,2.911388888888889
55,2025-06-10,,,,,,,3,255.4,2.3830555555555555
55,2025-06-11,,,,,,,3,314.36,3.1891666666666665
55,2025-06-12,,,,,,,3,304.3,2.9269444444444446
55,2025-06-13,,,,,,,3,166.7,3.4583333333333335
55,2025-06-14,,,,,,,2,31.37,3.451388888888889
55,2025-06-15,,,,,,,2,306.41,2.2888888888888888
55,2025-06-16,,,,,,,3,419.24,2.4786111111111113
55,2025-06-17,,,,,,,3,220.01,2.9825
55,2025-06-18,,,,,,,3,158.48,3.5555555555555554
55,2025-06-19,,,,,,,2,445.01,3.2230555555555553
55,2025-06-20,,,,,,,3,550.8,2.9452777777777777
55,2025-06-21,,,,,,,2,234.94,4.240555555555556
55,2025-06-22,,,,,,,2,435.03,2.2883333333333336
55,2025-06-23,,,,,,,5,531.22,5.533333333333333
55,2025-06-24,,,,,,,4,425.92,2.533333333333333
55,2025-06-25,,,,,,,4,145.14,3.463888888888889
55,2025-06-26,,,,,,,4,480.05,4.283611111111111
55,2025-06-27,,,,,,,4,432.26,2.673611111111111
55,2025-06-28,,,,,,,3,219.13,3.5252777777777777
55,2025-06-29,,,,,,,3,334.39,2.109722222222222
55,2025-06-30,,,,,,,5,443.89,4.290277777777778
55,2025-07-01,,,,,,,4,525.27,2.33
55,2025-07-02,,,,,,,6,135.03,4.543055555555555
55,2025-07-03,,,,,,,5,318.06,3.1172222222222223
55,2025-07-04,,,,,,,4,186.58,2.091388888888889
55,2025-07-05,,,,,,,3,204.48,4.142777777777778
55,2025-07-06,,,,,,,3,281.28,1.7522222222222221
55,2025-07-07,,,,,,,3,443.71,2.953333333333333
55,2025-07-08,,,,,,,3,421.29,2.4555555555555557
55,2025-07-09,,,,,,,3,659.88,4.005
55,2025-07-10,,,,,,,3,661.08,3.661388888888889
55,2025-07-11,,,,,,,4,547.51,4.905555555555556
55,2025-07-12,,,,,,,2,243.91,5.785277777777778
55,2025-07-13,,,,,,,2,173.55,2.187222222222222
55,2025-07-14,,,,,,,3,460.97,3.7058333333333335
55,2025-07-15,,,,,,,4,655.17,6.003888888888889
55,2025-07-16,,,,,,,3,446.66,3.0316666666666667
55,2025-07-17,,,,,,,4,454.12,3.528611111111111
55,2025-07-18,,,,,,,3,456.39,2.7983333333333333
55,2025-07-19,,,,,,,2,203.84,4.001944444444445
55,2025-07-20,,,,,,,2,256.95,2.5527777777777776
55,2025-07-21,,,,,,,4,685.23,5.914166666666667
55,2025-07-22,,,,,,,3,626.91,2.627222222222222
55,2025-07-23,,,,,,,4,181.36,4.092777777777778
55,2025-07-24,,,,,,,3,522.06,4.189722222222223
55,2025-07-25,,,,,,,4,547.67,3.7086111111111113
55,2025-07-26,,,,,,,2,204.83,4.664166666666667
55,2025-07-27,,,,,,,2,483.79,2.5494444444444446
55,2025-07-28,,,,,,,3,344.65,3.183333333333333
55,2025-07-29,,,,,,,3,497.87,3.3233333333333333
55,2025-07-30,,,,,,,5,161.25,6.074166666666667
55,2025-07-31,,,,,,,3,444.92,3.4344444444444444
55,2025-08-01,,,,,,,4,368.76,3.893611111111111
55,2025-08-02,,,,,,,2,188.65,3.825833333333333
55,2025-08-03,,,,,,,2,197.44,1.5394444444444444
55,2025-08-04,,,,,,,4,399.04,3.658333333333333
55,2025-08-05,,,,,,,4,311.22,3.003888888888889
55,2025-08-06,,,,,,,2,122.83,1.6844444444444444
55,2025-08-07,,,,,,,3,119.53,1.7525
55,2025-08-08,,,,,,,4,91.09,1.5466666666666666
55,2025-08-09,,,,,,,3,83.19,1.1977777777777778
55,2025-08-10,,,,,,,2,63.12,3.063888888888889
55,2025-08-11,,,,,,,3,155.91,3.7158333333333333
55,2025-08-12,,,,,,,3,471.48,3.6191666666666666
55,2025-08-13,,,,,,,5,127.68,3.515833333333333
55,2025-08-14,,,,,,,3,566.55,4.146388888888889
55,2025-08-15,,,,,,,5,404.48,4.576666666666667
55,2025-08-16,,,,,,,3,221.98,4.0569444444444445
55,2025-08-17,,,,,,,2,272.0,2.0080555555555555
55,2025-08-18,,,,,,,3,554.02,4.0216666666666665
55,2025-08-19,,,,,,,3,460.75,2.479722222222222
55,2025-08-20,,,,,,,4,180.0,4.0175
55,2025-08-21,,,,,,,3,609.25,4.346388888888889
55,2025-08-22,,,,,,,4,329.16,3.2911111111111113
55,2025-08-23,,,,,,,2,164.45,3.522222222222222
55,2025-08-24,,,,,,,2,272.5,1.8480555555555556
55,2025-08-25,,,,,,,3,383.56,3.656111111111111
55,2025-08-26,,,,,,,4,483.9,3.6883333333333335
55,2025-08-27,,,,,,,3,180.24,3.2475
55,2025-08-28,,,,,,,3,424.48,3.8008333333333333
55,2025-08-29,,,,,,,4,493.49,4.163333333333333
55,2025-08-30,,,,,,,2,208.17,4.331388888888889
55,2025-08-31,,,,,,,2,347.94,2.497777777777778
55,2025-09-01,,,,,,,3,433.97,3.3944444444444444
55,2025-09-02,,,,,,,3,257.49,2.0797222222222222
55,2025-09-03,,,,,,,4,199.52,4.1097222222222225
55,2025-09-04,,,,,,,4,350.22,3.305277777777778
55,2025-09-05,,,,,,,3,217.63,2.8041666666666667
55,2025-09-06,,,,,,,2,185.05,4.520277777777777
55,2025-09-07,,,,,,,2,383.86,2.3319444444444444
55,2025-09-08,,,,,,,3,360.68,2.601111111111111
55,2025-09-09,,,,,,,3,329.8,3.1905555555555556
55,2025-09-10,,,,,,,3,266.06,2.7216666666666667
55,2025-09-11,,,,,,,3,521.69,3.8183333333333334
55,2025-09-12,,,,,,,3,491.31,3.6344444444444446
55,2025-09-13,,,,,,,3,62.67,4.4911111111111115
55,2025-09-14,,,,,,,3,549.54,6.872222222222222
55,2025-09-15,,,,,,,2,351.77,2.9169444444444443
55,2025-09-16,,,,,,,2,519.97,3.2830555555555554
55,2025-09-17,,,,,,,3,617.86,5.208611111111111
55,2025-09-18,,,,,,,2,457.85,2.4338888888888888
55,2025-09-19,,,,,,,3,471.75,4.045
55,2025-09-20,,,,,,,1,154.49,3.730277777777778
55,2025-09-21,,,,,,,3,163.86,3.640277777777778
55,2025-09-22,,,,,,,2,355.73,2.5655555555555556
55,2025-09-23,,,,,,,2,307.54,3.035277777777778
55,2025-09-24,,,,,,,3,459.39,3.0413888888888887
55,2025-09-25,,,,,,,2,386.73,2.423611111111111
55,2025-09-26,,,,,,,3,195.04,2.7841666666666667
55,2025-09-27,,,,,,,1,225.47,5.356111111111111
55,2025-09-28,,,,,,,2,361.73,1.8472222222222223
55,2025-09-29,,,,,,,3,557.38,2.9027777777777777
55,2025-09-30,,,,,,,2,120.32,3.0
55,2025-10-01,,,,,,,3,347.9,4.270277777777777
55,2025-10-02,,,,,,,2,134.38,1.5811111111111111
55,2025-10-03,,,,,,,3,665.24,2.275
55,2025-10-04,,,,,,,2,131.03,2.5919444444444446
55,2025-10-05,,,,,,,2,180.51,2.1933333333333334
55,2025-10-06,,,,,,,3,666.69,3.4055555555555554
55,2025-10-07,,,,,,,4,506.87,3.401111111111111
55,2025-10-08,,,,,,,4,650.79,4.371666666666667
55,2025-10-09,,,,,,,4,288.15,3.2063888888888887
55,2025-10-10,,,,,,,3,573.03,3.310277777777778
55,2025-10-11,,,,,,,3,765.01,3.94
55,2025-10-12,,,,,,,3,277.42,5.891666666666667
55,2025-10-13,,,,,,,4,721.58,3.845
55,2025-10-14,,,,,,,3,582.31,3.5741666666666667
55,2025-10-15,,,,,,,4,575.99,4.595833333333333
55,2025-10-16,,,,,,,3,594.87,4.1883333333333335
55,2025-10-17,,,,,,,5,547.99,5.050833333333333
55,2025-10-18,,,,,,,2,234.05,4.710555555555556
55,2025-10-19,,,,,,,3,621.28,3.941388888888889
55,2025-10-20,,,,,,,3,747.19,3.9166666666666665
55,2025-10-21,,,,,,,3,513.3,3.016388888888889
55,2025-10-22,,,,,,,4,717.29,4.616944444444444
55,2025-10-23,,,,,,,3,492.71,4.346111111111111
55,2025-10-24,,,,,,,4,316.86,4.078055555555555
55,2025-10-25,,,,,,,2,169.37,3.7783333333333333
55,2025-10-26,,,,,,,2,430.23,2.325277777777778
55,2025-10-27,,,,,,,2,399.88,1.5905555555555555
55,2025-10-28,,,,,,,2,185.62,0.9497222222222222
55,2025-10-29,,,,,,,3,353.77,0.0
55,2025-10-30,,,,,,,3,392.91,2.106388888888889
55,2025-10-31,,,,,,,3,143.77,1.636388888888889
55,2025-11-01,,,,,,,3,106.5,1.2486111111111111
55,2025-11-02,,,,,,,5,93.0,1.3255555555555556
55,2025-11-03,,,,,,,1,54.72,0.4791666666666667
55,2025-11-04,,,,,,,4,289.21,2.4677777777777776
55,2025-11-05,,,,,,,3,298.15,2.3858333333333333
55,2025-11-06,,,,,,,3,240.66,1.6822222222222223
55,2025-11-07,,,,,,,3,143.72,2.0433333333333334
55,2025-11-08,,,,,,,3,216.64,1.6191666666666666
55,2025-11-09,,,,,,,4,72.65,1.3877777777777778
55,2025-11-10,,,,,,,2,304.96,1.381388888888889
55,2025-11-11,,,,,,,2,111.96,1.576111111111111
55,2025-11-12,,,,,,,3,403.3,2.475277777777778
55,2025-11-13,,,,,,,3,151.64,2.6605555555555553
55,2025-11-14,,,,,,,3,233.19,1.616111111111111
55,2025-11-15,,,,,,,3,70.94,1.3027777777777778
55,2025-11-16,,,,,,,2,54.57,0.9158333333333334
55,2025-11-17,,,,,,,1,0.0,0.0
55,2025-11-18,,,,,,,2,127.71,0.7319444444444444
55,2025-11-19,,,,,,,2,72.13,0.6780555555555555
55,2025-11-20,,,,,,,2,78.15,0.5838888888888889
55,2025-11-21,,,,,,,1,0.0,0.0
55,2025-11-22,,,,,,,1,0.0,0.0
55,2025-11-23,,,,,,,2,6.96,2.6997222222222224
55,2025-11-24,,,,,,,4,504.35,3.265833333333333
55,2025-11-25,,,,,,,3,530.03,3.5555555555555554
55,2025-11-26,,,,,,,4,247.84,3.334722222222222
55,2025-11-27,,,,,,,3,150.62,3.4402777777777778
55,2025-11-28,,,,,,,4,521.37,3.631388888888889
55,2025-11-29,,,,,,,3,489.22,2.776111111111111
55,2025-11-30,,,,,,,3,60.96,4.9063888888888885
55,2025-12-01,,,,,,,3,459.72,3.4691666666666667
55,2025-12-02,,,,,,,3,652.79,4.154444444444445
55,2025-12-03,,,,,,,4,506.03,3.9963888888888888
55,2025-12-04,,,,,,,4,1376.56,5.233055555555556
55,2025-12-05,,,,,,,4,2605.65,3.8405555555555555
55,2025-12-06,,,,,,,2,2610.76,3.526666666666667
55,2025-12-07,,,,,,,3,1608.88,3.4905555555555554
55,2025-12-08,,,,,,,3,1090.12,3.831111111111111
55,2025-12-09,,,,,,,3,704.43,3.8958333333333335
55,2025-12-10,,,,,,,4,2792.28,3.9402777777777778
55,2025-12-11,,,,,,,4,1803.64,6.027777777777778
55,2025-12-12,,,,,,,4,1017.63,3.933333333333333
55,2025-12-13,,,,,,,3,587.03,2.917222222222222
55,2025-12-14,,,,,,,2,1090.24,3.5319444444444446
55,2025-12-15,,,,,,,3,2448.67,3.9080555555555554
55,2025-12-16,,,,,,,3,2129.14,4.026388888888889
55,2025-12-17,,,,,,,5,676.32,3.9386111111111113
55,2025-12-18,,,,,,,4,2655.4,4.1691666666666665
55,2025-12-19,,,,,,,3,566.19,3.516111111111111
55,2025-12-20,,,,,,,3,732.1,3.5744444444444445
55,2025-12-21,,,,,,,3,1775.04,4.854166666666667
55,2025-12-22,,,,,,,3,1746.72,3.883611111111111
55,2025-12-23,,,,,,,3,2181.14,4.009444444444444
55,2025-12-24,,,,,,,4,806.26,3.928888888888889
55,2025-12-25,,,,,,,2,1728.91,2.042777777777778
55,2025-12-26,,,,,,,4,760.68,3.8136111111111113
55,2025-12-27,,,,,,,3,28.97,1.1847222222222222
55,2025-12-28,,,,,,,3,63.83,0.10111111111111111
55,2025-12-29,,,,,,,3,0.0,0.0
55,2025-12-30,,,,,,,3,669.37,0.7513888888888889
55,2025-12-31,,,,,,,4,0.0,0.0
55,2026-01-01,,,,,,,3,462.6,0.45694444444444443
55,2026-01-02,,,,,,,4,487.6,1.3152777777777778
55,2026-01-03,,,,,,,2,999.83,3.080277777777778
55,2026-01-04,,,,,,,3,2965.51,1.968611111111111
55,2026-01-05,,,,,,,3,524.86,3.1094444444444442
55,2026-01-06,,,,,,,3,722.65,2.9233333333333333
55,2026-01-07,,,,,,,4,832.0,3.9033333333333333
55,2026-01-08,,,,,,,4,1056.62,3.3969444444444443
55,2026-01-09,,,,,,,4,1212.08,3.6169444444444445
55,2026-01-10,,,,,,,2,532.51,3.9547222222222222
55,2026-01-11,,,,,,,4,1435.61,4.163611111111111
55,2026-01-12,,,,,,,4,2628.37,3.243333333333333
55,2026-01-13,,,,,,,3,873.26,3.232222222222222
55,2026-01-14,,,,,,,4,2244.48,3.1525
55,2026-01-15,,,,,,,4,870.23,4.169722222222222
55,2026-01-16,,,,,,,4,943.29,3.611666666666667
55,2026-01-17,,,,,,,2,435.93,3.4516666666666667
55,2026-01-18,,,,,,,3,1330.32,2.4883333333333333
55,2026-01-19,,,,,,,3,1386.68,3.4444444444444446
55,2026-01-20,,,,,,,3,863.05,3.7936111111111113
55,2026-01-21,,,,,,,5,1731.21,3.155
55,2026-01-22,,,,,,,3,769.82,2.908611111111111
55,2026-01-23,,,,,,,4,1557.51,4.008611111111111
55,2026-01-24,,,,,,,2,1114.04,3.512777777777778
55,2026-01-25,,,,,,,3,1050.53,2.4205555555555556
55,2026-01-26,,,,,,,4,2043.53,5.235277777777778
55,2026-01-27,,,,,,,3,699.05,3.125277777777778
55,2026-01-28,,,,,,,4,656.9,1.5705555555555555
55,2026-01-29,,,,,,,2,875.04,1.1722222222222223
55,2026-01-30,,,,,,,2,462.59,0.9686111111111111
55,2026-01-31,,,,,,,4,1772.36,1.3919444444444444
55,2026-02-01,,,,,,,2,647.03,1.1783333333333332
55,2026-02-02,,,,,,,3,2473.94,3.4694444444444446
55,2026-02-03,,,,,,,3,689.04,2.999722222222222
55,2026-02-04,,,,,,,4,856.86,4.655555555555556
55,2026-02-05,,,,,,,3,959.78,4.064166666666667
55,2026-02-06,,,,,,,4,728.1,3.9097222222222223
55,2026-02-07,,,,,,,2,438.91,4.3436111111111115
55,2026-02-08,,,,,,,3,1520.86,3.248611111111111
55,2026-02-09,,,,,,,3,1009.61,3.67
55,2026-02-10,,,,,,,3,733.96,3.0483333333333333
55,2026-02-11,,,,,,,5,1412.77,5.938055555555556
55,2026-02-12,,,,,,,3,418.66,3.3983333333333334
55,2026-02-13,,,,,,,4,1514.0,4.557777777777778
55,2026-02-14,,,,,,,2,458.85,4.445555555555556
55,2026-02-15,,,,,,,3,1236.43,3.2344444444444442
55,2026-02-16,,,,,,,3,2407.59,3.375
55,2026-02-17,,,,,,,3,752.26,3.0383333333333336
55,2026-02-18,,,,,,,4,4231.21,4.5072222222222225
55,2026-02-19,,,,,,,3,1692.16,4.125
55,2026-02-20,,,,,,,5,948.01,4.772222222222222
55,2026-02-21,,,,,,,2,189.26,4.373333333333333
55,2026-02-22,,,,,,,3,1110.93,2.946388888888889
55,2026-02-23,,,,,,,3,1690.26,3.7369444444444446
55,2026-02-24,,,,,,,3,780.5,2.883888888888889
55,2026-02-25,,,,,,,4,1185.07,4.370555555555556
55,2026-02-26,,,,,,,3,761.78,2.7980555555555555
55,2026-02-27,,,,,,,4,491.61,4.188611111111111
55,2026-02-28,,,,,,,2,407.95,3.5036111111111112
55,2026-03-01,,,,,,,3,1515.88,3.046666666666667
55,2026-03-02,,,,,,,3,714.04,2.6933333333333334
55,2026-03-03,,,,,,,3,674.23,3.137777777777778
55,2026-03-04,,,,,,,3,838.43,2.975
55,2026-03-05,,,,,,,2,684.92,1.1555555555555554
55,2026-03-06,,,,,,,3,56.69,1.4758333333333333
55,2026-03-07,,,,,,,3,166.55,1.1788888888888889
55,2026-03-08,,,,,,,1,718.55,0.8344444444444444
55,2026-03-09,,,,,,,4,2221.05,4.745
55,2026-03-10,,,,,,,3,772.2,3.187777777777778
55,2026-03-11,,,,,,,5,737.71,6.514722222222222
55,2026-03-12,,,,,,,4,996.11,4.566111111111111
55,2026-03-13,,,,,,,4,1842.05,3.611111111111111
55,2026-03-14,,,,,,,2,811.13,2.1969444444444446
55,2026-03-15,,,,,,,1,0.0,0.0
55,2026-03-16,,,,,,,1,333.68,0.5186111111111111
55,2026-03-17,,,,,,,3,2160.46,2.8905555555555558
55,2026-03-18,,,,,,,3,1156.66,2.591111111111111
55,2026-03-19,,,,,,,3,538.72,1.7541666666666667
55,2026-03-20,,,,,,,3,1054.37,1.193888888888889
55,2026-03-21,,,,,,,4,396.35,1.4144444444444444
55,2026-03-22,,,,,,,1,386.01,0.7405555555555555
55,2026-03-23,,,,,,,2,1771.71,1.376111111111111
58,2026-01-08,,,,,,,1,0.0,0.0
58,2026-01-09,,,,,,,4,43.89,1.9725
58,2026-01-10,,,,,,,5,165.8,2.211388888888889
58,2026-01-11,,,,,,,4,29.52,1.803611111111111
58,2026-01-12,,,,,,,3,121.18,1.1166666666666667
58,2026-01-13,,,,,,,2,257.52,1.3755555555555556
58,2026-01-14,,,,,,,1,88.17,1.535
58,2026-01-25,,,,,,,1,278.02,1.3544444444444443
58,2026-01-26,,,,,,,3,72.29,2.3180555555555555
58,2026-01-27,,,,,,,3,341.99,3.430833333333333
58,2026-01-28,,,,,,,2,304.94,2.9411111111111112
58,2026-01-29,,,,,,,2,0.0,0.0
58,2026-01-30,,,,,,,3,273.53,3.266111111111111
58,2026-01-31,,,,,,,2,211.13,4.039166666666667
58,2026-02-01,,,,,,,2,358.24,2.6391666666666667
61,2026-01-08,,,,,,,5,0.0,4.683055555555556
61,2026-01-09,,,,,,,3,0.0,2.283333333333333
61,2026-01-10,,,,,,,2,0.0,3.9677777777777776
61,2026-01-11,,,,,,,2,0.0,1.5644444444444445
61,2026-01-12,,,,,,,3,0.0,3.341388888888889
61,2026-01-13,,,,,,,3,0.0,3.376388888888889
61,2026-01-14,,,,,,,4,0.0,3.736666666666667
61,2026-01-25,,,,,,,3,0.0,2.785833333333333
61,2026-01-26,,,,,,,3,0.0,2.944722222222222
61,2026-01-27,,,,,,,3,0.0,3.391111111111111
61,2026-01-28,,,,,,,3,0.0,3.033333333333333
61,2026-01-29,,,,,,,3,0.0,1.9222222222222223
61,2026-01-30,,,,,,,3,0.0,3.55
61,2026-01-31,,,,,,,2,0.0,4.458333333333333
61,2026-02-01,,,,,,,2,0.0,2.6616666666666666
68,2026-01-08,8.5,51.0,74.0,,,,2,5947.39,1.9605555555555556
68,2026-01-09,9.1,52.0,74.0,,,,2,1349.82,0.48444444444444446
68,2026-01-10,8.75,46.0,94.0,,,,2,0.0,1.466388888888889
68,2026-01-11,8.41666666666667,48.0,87.0,,,,2,30536.68,3.4522222222222223
68,2026-01-12,9.26666666666667,47.0,86.0,,,,3,21.77,2.701388888888889
68,2026-01-13,10.4666666666667,48.0,79.0,,,,2,27300.09,2.6
68,2026-01-14,8.96666666666667,49.0,85.0,,,,2,57.37,2.7022222222222223
68,2026-01-25,9.48333333333333,47.0,89.0,,,,0,0.0,0.0
68,2026-01-26,8.9,46.0,84.0,,,,2,22.5,2.714166666666667
68,2026-01-27,9.4,49.0,82.0,,,,2,12715.02,2.5277777777777777
68,2026-01-28,9.21666666666667,53.0,78.0,,,,2,57.8,2.953888888888889
68,2026-01-29,9.41666666666667,51.0,74.0,,,,2,2340.07,1.9919444444444445
68,2026-01-30,9.95,49.0,80.0,,,,2,11789.14,1.0894444444444444
68,2026-01-31,8.71666666666667,49.0,88.0,,,,2,0.0,0.0
68,2026-02-01,,51.0,,,,,2,14.41,1.0138888888888888
69,2024-12-26,,,,,,,4,34.03,2.9166666666666665
69,2024-12-27,,,,,,,5,120.49,3.7708333333333335
69,2024-12-28,,,,,,,3,50.74,3.25
69,2024-12-29,,,,,,,5,190.82,2.9283333333333332
69,2024-12-30,,,,,,,4,109.65,3.068888888888889
69,2024-12-31,,,,,,,5,242.2,5.398611111111111
69,2025-01-01,,,,,,,4,135.02,2.9166666666666665
69,2025-01-02,,,,,,,4,93.73,3.168888888888889
69,2025-01-03,,,,,,,5,128.92,3.368333333333333
69,2025-01-04,,,,,,,3,191.04,3.4855555555555555
69,2025-01-05,,,,,,,4,144.16,2.406111111111111
69,2025-01-06,,,,,,,4,158.07,2.9411111111111112
69,2025-01-07,,,,,,,4,216.72,3.6019444444444444
69,2025-01-08,,,,,,,5,214.74,3.3961111111111113
69,2025-01-09,,,,,,,4,258.09,3.2069444444444444
69,2025-01-10,,,,,,,5,82.2,3.4325
69,2025-01-11,,,,,,,2,173.43,2.98
69,2025-01-12,,,,,,,4,167.09,2.6766666666666667
69,2025-01-13,,,,,,,2,106.12,1.0
69,2025-01-14,,,,,,,4,170.26,3.0969444444444445
69,2025-01-15,,,,,,,5,133.19,3.625
69,2025-01-16,,,,,,,4,84.16,3.25
69,2025-01-17,,,,,,,5,152.94,3.1663888888888887
69,2025-01-18,,,,,,,3,223.16,3.4116666666666666
69,2025-01-19,,,,,,,4,182.24,2.7905555555555557
69,2025-01-20,,,,,,,4,177.89,3.5319444444444446
69,2025-01-21,,,,,,,5,221.72,3.112222222222222
69,2025-01-22,,,,,,,6,183.05,2.9558333333333335
69,2025-01-23,,,,,,,5,236.22,3.859166666666667
69,2025-01-24,,,,,,,6,173.41,3.4230555555555555
69,2025-01-25,,,,,,,4,178.14,4.602777777777778
69,2025-01-26,,,,,,,7,215.15,3.9291666666666667
69,2025-01-27,,,,,,,3,127.83,1.6277777777777778
69,2025-01-28,,,,,,,4,189.22,2.9405555555555556
69,2025-01-29,,,,,,,5,154.01,3.4827777777777778
69,2025-01-30,,,,,,,4,199.91,2.7330555555555556
69,2025-01-31,,,,,,,5,97.37,3.125
69,2025-02-01,,,,,,,3,160.1,3.393611111111111
69,2025-02-02,,,,,,,4,152.97,1.5
69,2025-02-03,,,,,,,3,99.33,3.040277777777778
69,2025-02-04,,,,,,,3,162.66,2.926111111111111
69,2025-02-05,,,,,,,5,100.9,3.6847222222222222
69,2025-02-06,,,,,,,4,138.43,2.5719444444444446
69,2025-02-07,,,,,,,5,182.53,3.153611111111111
69,2025-02-08,,,,,,,3,176.4,3.7530555555555556
69,2025-02-09,,,,,,,4,142.32,2.4219444444444442
69,2025-02-10,,,,,,,4,133.6,3.296666666666667
69,2025-02-11,,,,,,,5,153.55,2.93
69,2025-02-12,,,,,,,4,69.49,2.745
69,2025-02-13,,,,,,,2,0.0,0.0
69,2025-02-14,,,,,,,4,67.04,1.9166666666666667
69,2025-02-15,,,,,,,4,77.26,0.9694444444444444
69,2025-02-16,,,,,,,2,40.76,0.4697222222222222
69,2025-02-17,,,,,,,2,0.0,0.0
69,2025-02-18,,,,,,,4,153.99,3.4905555555555554
69,2025-02-19,,,,,,,5,108.37,3.3233333333333333
69,2025-02-20,,,,,,,4,5.13,3.5
69,2025-02-21,,,,,,,5,45.3,3.4166666666666665
69,2025-02-22,,,,,,,3,28.9,3.4166666666666665
69,2025-02-23,,,,,,,4,25.5,1.5
69,2025-02-24,,,,,,,1,0.0,0.0
69,2025-02-25,,46.0,,,,,2,55.9,1.4955555555555555
69,2025-02-26,8.94999980926514,47.0,66.0,,,,2,40.53,0.38166666666666665
69,2025-02-27,9.14999961853027,45.0,85.0,,,,4,107.67,2.5102777777777776
69,2025-02-28,10.0,43.0,88.0,,,,5,90.88,3.375
69,2025-03-01,6.58333349227905,41.0,81.0,,,,3,171.6,2.6061111111111113
69,2025-03-02,9.19999980926514,45.0,85.0,,,,4,124.91,2.2308333333333334
69,2025-03-03,9.66666698455811,43.0,95.0,,,,3,91.76,1.715
69,2025-03-04,7.80000019073486,45.0,88.0,,,,4,127.96,3.013888888888889
69,2025-03-05,8.06666660308838,45.0,89.0,,,,3,2.23,1.5
69,2025-03-06,8.13333320617676,42.0,94.0,,,,3,88.21,1.6805555555555556
69,2025-03-07,,,,,,,4,47.09,2.75
69,2025-03-08,,48.0,,,,,3,72.46,1.3388888888888888
69,2025-03-09,9.13333320617676,42.0,87.0,,,,4,156.94,3.9411111111111112
69,2025-03-10,7.63333320617676,45.0,72.0,,,,3,126.42,1.4119444444444444
69,2025-03-11,8.83333301544189,43.0,84.0,,,,3,109.96,2.832777777777778
69,2025-03-12,9.44999980926514,44.0,88.0,,,,4,150.71,1.9719444444444445
69,2025-03-13,8.98333358764648,43.0,87.0,,,,3,60.74,2.462222222222222
69,2025-03-14,9.13083362579346,44.0,84.0,,,,5,69.29,3.125
69,2025-03-15,8.68333339691162,42.0,85.0,,,,3,102.4,2.4058333333333333
69,2025-03-16,7.31666660308838,43.0,87.0,,,,4,108.43,2.2172222222222224
69,2025-03-17,9.78333377838135,42.0,91.0,,,,4,116.38,3.4530555555555558
69,2025-03-18,9.51666641235352,43.0,85.0,,,,3,86.92,3.45
69,2025-03-19,9.25,42.0,84.0,,,,3,94.53,3.375
69,2025-03-20,8.26666641235352,43.0,77.0,,,,1,28.9,0.4166666666666667
69,2025-03-21,7.68333339691162,42.0,74.0,,,,3,54.4,2.9166666666666665
69,2025-03-22,7.56666660308838,45.0,68.0,,,,1,0.0,2.5
69,2025-03-23,7.51666688919067,47.0,69.0,,,,2,89.88,1.25
69,2025-03-24,8.66666698455811,45.0,68.0,,,,2,82.69,1.7916666666666667
69,2025-03-25,8.80000019073486,48.0,67.0,,,,2,90.88,1.875
69,2025-03-26,8.71666622161865,45.0,74.0,,,,0,0.0,0.0
69,2025-03-27,,,,,,,2,83.62,2.158333333333333
69,2025-03-28,,49.0,,,,,2,67.53,0.8630555555555556
69,2025-03-29,8.94999980926514,47.0,66.0,,,,1,83.99,0.5566666666666666
69,2025-03-30,8.5,45.0,77.0,,,,3,125.94,2.1391666666666667
69,2025-03-31,9.39999961853027,46.0,78.0,,,,1,62.03,0.44555555555555554
69,2025-04-01,10.5333337783813,47.0,77.0,,,,1,97.97,0.6322222222222222
69,2025-04-02,8.63333320617676,46.0,79.0,,,,1,97.4,0.65
69,2025-04-03,8.55000019073486,46.0,74.0,,,,0,0.0,0.0
69,2025-04-04,9.28333377838135,42.0,76.0,,,,1,63.07,0.40694444444444444
69,2025-04-05,8.08333301544189,48.0,64.0,,,,1,64.76,0.40166666666666667
69,2025-04-06,7.90000009536743,45.0,72.0,,,,0,0.0,0.0
69,2025-04-07,8.18333339691162,44.0,68.0,,,,1,87.92,0.5255555555555556
69,2025-04-08,,49.0,68.0,,,,1,0.0,0.4166666666666667
69,2025-04-09,,46.0,,,,,1,20.66,0.32666666666666666
69,2025-04-10,,43.0,,,,,1,21.5,0.3125
69,2025-04-12,,67.0,,,,,1,36.33,0.5208333333333334
69,2025-04-13,,,,,,,1,0.0,0.0
69,2025-04-14,,,,,,,1,36.3,0.5208333333333334
69,2025-04-15,,67.0,,,,,1,23.22,0.30972222222222223
69,2025-04-16,,47.0,,,,,1,21.19,0.3308333333333333
69,2025-04-17,,52.0,,,,,1,21.5,0.3125
69,2025-04-18,,54.0,,,,,1,38.47,0.4786111111111111
69,2025-04-19,,51.0,,,,,1,36.69,0.5263888888888889
69,2025-04-20,,121.0,,,,,1,73.06,0.8372222222222222
69,2025-04-21,,148.0,,,,,1,36.66,0.5641666666666667
69,2025-04-22,,154.0,,,,,1,28.03,0.43083333333333335
69,2025-04-23,,135.0,,,,,1,45.07,0.6233333333333333
69,2025-04-24,,76.0,,,,,1,22.73,0.31055555555555553
69,2025-04-26,,47.0,,,,,1,39.2,0.5327777777777778
69,2025-04-27,,43.0,,,,,1,78.28,1.0641666666666667
69,2025-04-28,,45.0,,,,,1,29.58,0.4272222222222222
69,2025-04-29,,43.0,,,,,2,65.21,1.4319444444444445
69,2025-04-30,,43.0,,,,,1,39.89,0.7022222222222222
69,2025-05-01,,41.0,,,,,1,26.18,0.4625
69,2025-05-02,,43.0,,,,,1,24.97,0.9863888888888889
69,2025-05-03,,41.0,,,,,1,32.85,0.5647222222222222
69,2025-05-04,,41.0,,,,,1,78.05,1.4102777777777777
69,2025-05-05,,41.0,,,,,2,103.42,1.6636111111111112
69,2025-05-06,,41.0,,,,,2,74.26,2.9591666666666665
69,2025-05-07,,41.0,,,,,3,129.26,2.1822222222222223
69,2025-05-08,,39.0,,,,,2,88.02,2.698888888888889
69,2025-05-09,,41.0,,,,,3,40.88,2.2616666666666667
69,2025-05-10,,38.0,,,,,2,117.68,3.4719444444444445
69,2025-05-11,,40.0,,,,,2,89.12,2.205
69,2025-05-12,,39.0,,,,,2,68.58,1.655
69,2025-05-13,,39.0,,,,,2,103.63,2.651388888888889
69,2025-05-14,,43.0,,,,,3,107.59,2.9877777777777776
69,2025-05-15,,,,,,,2,108.33,3.1775
69,2025-05-16,,43.0,,,,,3,61.47,2.741111111111111
69,2025-05-17,,39.0,,,,,3,111.51,6.527222222222222
69,2025-05-18,,40.0,,,,,2,152.0,2.411388888888889
69,2025-05-19,,39.0,,,,,3,82.69,3.7916666666666665
69,2025-05-20,,40.0,,,,,3,125.86,3.167777777777778
69,2025-05-21,,42.0,,,,,2,122.56,1.6955555555555555
69,2025-05-22,,40.0,,,,,2,130.87,3.826388888888889
69,2025-05-23,,40.0,,,,,3,118.59,2.772222222222222
69,2025-05-24,,39.0,,,,,2,100.92,2.015
69,2025-05-25,,38.0,,,,,2,121.53,2.368333333333333
69,2025-05-26,,40.0,,,,,2,82.1,1.3419444444444444
69,2025-05-27,,41.0,,,,,3,139.11,3.605277777777778
69,2025-05-28,,40.0,,,,,3,153.18,2.8336111111111113
69,2025-05-29,,40.0,,,,,2,59.79,1.7808333333333333
69,2025-05-30,,39.0,,,,,3,115.8,2.9258333333333333
69,2025-05-31,,39.0,,,,,1,81.03,1.1694444444444445
69,2025-06-01,,39.0,,,,,2,152.65,3.3869444444444445
69,2025-06-02,,40.0,,,,,2,143.37,1.7391666666666667
69,2025-06-03,,42.0,,,,,3,134.38,3.388888888888889
69,2025-06-04,,42.0,,,,,3,129.17,2.210277777777778
69,2025-06-05,,39.0,,,,,3,71.12,2.736111111111111
69,2025-06-06,,40.0,,,,,3,131.09,3.299166666666667
69,2025-06-07,,40.0,,,,,2,136.0,3.328333333333333
69,2025-06-08,,45.0,,,,,3,115.48,3.028888888888889
69,2025-06-09,,41.0,,,,,2,71.18,1.9955555555555555
69,2025-06-10,,40.0,,,,,4,141.07,2.6194444444444445
69,2025-06-11,,39.0,,,,,2,38.86,1.486388888888889
69,2025-06-12,,40.0,,,,,3,129.41,2.9466666666666668
69,2025-06-13,,42.0,,,,,2,76.69,1.8330555555555557
69,2025-06-14,,39.0,,,,,2,176.62,3.6780555555555554
69,2025-06-15,,39.0,,,,,2,0.83,2.5
69,2025-06-16,,39.0,,,,,1,25.5,1.0
69,2025-06-17,,40.0,,,,,3,161.59,3.6719444444444442
69,2025-06-18,,41.0,,,,,3,39.74,2.4675
69,2025-06-19,,41.0,,,,,3,120.11,2.9380555555555556
69,2025-06-20,,43.0,,,,,3,70.23,2.992777777777778
69,2025-06-21,,42.0,,,,,2,176.7,3.7625
69,2025-06-22,,42.0,,,,,2,70.23,2.158888888888889
69,2025-06-23,,41.0,,,,,3,88.97,1.3702777777777777
69,2025-06-24,,39.0,,,,,5,107.25,2.726111111111111
69,2025-06-25,,40.0,,,,,4,26.69,2.1694444444444443
69,2025-06-26,,39.0,,,,,4,153.69,2.8119444444444444
69,2025-06-27,,40.0,,,,,4,69.4,2.551111111111111
69,2025-06-28,,40.0,,,,,3,97.63,2.6033333333333335
69,2025-06-29,,43.0,,,,,1,0.0,0.0
69,2025-06-30,,40.0,,,,,4,128.97,3.7311111111111113
69,2025-07-01,,44.0,,,,,4,128.13,2.3455555555555554
69,2025-07-02,,42.0,,,,,5,66.65,3.5797222222222222
69,2025-07-03,,43.0,,,,,5,135.99,3.738888888888889
69,2025-07-04,,41.0,,,,,3,27.02,0.48277777777777775
69,2025-07-05,,41.0,,,,,3,144.41,3.3330555555555557
69,2025-07-06,,41.0,,,,,3,83.02,1.9066666666666667
69,2025-07-07,,45.0,,,,,3,131.04,2.8408333333333333
69,2025-07-08,,39.0,,,,,3,113.64,2.623611111111111
69,2025-07-09,,39.0,,,,,1,0.0,0.0
69,2025-07-10,,40.0,,,,,3,73.91,1.6180555555555556
69,2025-07-11,,38.0,,,,,3,62.94,1.1088888888888888
69,2025-07-12,,40.0,,,,,2,46.53,0.7841666666666667
69,2025-07-13,,44.0,,,,,2,48.88,0.7866666666666666
69,2025-07-14,,44.0,,,,,3,101.34,2.868888888888889
69,2025-07-15,,,,,,,4,149.47,3.2
69,2025-07-16,,,,,,,3,71.44,1.7791666666666666
69,2025-07-17,,,,,,,4,81.06,2.221111111111111
69,2025-07-18,,,,,,,3,60.51,1.1791666666666667
69,2025-07-19,,,,,,,1,40.83,0.4613888888888889
69,2025-07-20,,,,,,,1,0.0,0.0
69,2025-07-21,,41.0,,,,,3,135.23,3.4608333333333334
69,2025-07-22,,42.0,,,,,3,164.4,4.351944444444444
69,2025-07-23,,40.0,,,,,3,79.85,2.4930555555555554
69,2025-07-24,,40.0,,,,,3,126.08,3.680833333333333
69,2025-07-25,,42.0,,,,,3,85.66,2.618333333333333
69,2025-07-26,,38.0,,,,,2,177.16,4.489444444444445
69,2025-07-27,,39.0,,,,,2,55.65,1.9266666666666667
69,2025-07-28,,42.0,,,,,3,144.12,3.0477777777777777
69,2025-07-29,,40.0,,,,,3,117.01,3.605277777777778
69,2025-07-30,,38.0,,,,,4,107.3,3.2105555555555556
69,2025-07-31,,39.0,,,,,3,86.13,2.9583333333333335
69,2025-08-01,,39.0,,,,,4,101.64,2.9922222222222223
69,2025-08-02,,39.0,,,,,2,185.4,3.846111111111111
69,2025-08-03,,38.0,,,,,2,74.33,2.0633333333333335
69,2025-08-04,,38.0,,,,,3,130.51,3.97
69,2025-08-05,,38.0,,,,,3,169.72,3.421388888888889
69,2025-08-06,,39.0,,,,,3,84.84,2.426388888888889
69,2025-08-07,,43.0,,,,,3,143.22,4.347222222222222
69,2025-08-08,,39.0,,,,,3,144.11,3.080277777777778
69,2025-08-09,,39.0,,,,,3,216.99,4.771111111111111
69,2025-08-10,,41.0,,,,,2,102.27,2.0519444444444446
69,2025-08-11,,39.0,,,,,3,130.96,3.6127777777777776
69,2025-08-12,,37.0,,,,,3,159.8,3.812777777777778
69,2025-08-13,,39.0,,,,,4,79.81,3.4830555555555556
69,2025-08-14,,39.0,,,,,3,117.18,3.713611111111111
69,2025-08-15,,38.0,,,,,4,97.59,3.7780555555555555
69,2025-08-16,,38.0,,,,,2,228.16,4.439166666666667
69,2025-08-17,,40.0,,,,,2,87.22,2.3019444444444446
69,2025-08-18,,39.0,,,,,3,152.4,3.7255555555555557
69,2025-08-19,,38.0,,,,,3,166.76,3.3777777777777778
69,2025-08-20,,41.0,,,,,4,107.72,3.484722222222222
69,2025-08-21,,39.0,,,,,3,147.38,3.883611111111111
69,2025-08-22,,38.0,,,,,4,73.42,3.5025
69,2025-08-23,,40.0,,,,,2,106.88,3.097777777777778
69,2025-08-24,,39.0,,,,,2,104.15,2.5194444444444444
69,2025-08-25,,40.0,,,,,3,126.11,3.6680555555555556
69,2025-08-26,,41.0,,,,,3,133.52,2.971111111111111
69,2025-08-27,,42.0,,,,,3,143.05,2.713888888888889
69,2025-08-28,,44.0,,,,,3,184.11,4.831944444444445
69,2025-08-29,,39.0,,,,,3,137.7,3.0594444444444444
69,2025-08-30,,40.0,,,,,2,246.73,4.153888888888889
69,2025-08-31,,39.0,,,,,2,101.93,2.5966666666666667
69,2025-09-01,,38.0,,,,,3,152.38,4.0725
69,2025-09-02,,40.0,,,,,3,133.51,2.2780555555555555
69,2025-09-03,,38.0,,,,,4,121.7,3.5130555555555554
69,2025-09-04,,43.0,,,,,3,70.35,2.3983333333333334
69,2025-09-05,,87.0,,,,,2,81.91,2.2641666666666667
69,2025-09-06,,44.0,,,,,2,249.69,5.597222222222222
69,2025-09-07,,41.0,,,,,2,71.98,2.3722222222222222
69,2025-09-08,,44.0,,,,,3,164.23,3.4855555555555555
69,2025-09-09,,39.0,,,,,3,186.27,3.1694444444444443
69,2025-09-10,,39.0,,,,,4,167.32,3.814722222222222
69,2025-09-11,,39.0,,,,,3,211.65,4.803333333333334
69,2025-09-12,,39.0,,,,,3,183.13,2.7713888888888887
69,2025-09-13,,41.0,,,,,2,123.97,7.601944444444444
69,2025-09-14,,41.0,,,,,2,297.72,6.410833333333334
69,2025-09-15,,42.0,,,,,3,129.3,3.6094444444444442
69,2025-09-16,,39.0,,,,,3,212.54,3.301388888888889
69,2025-09-17,,39.0,,,,,4,124.89,2.875
69,2025-09-18,,42.0,,,,,2,42.43,1.4166666666666667
69,2025-09-19,,,,,,,3,83.32,1.7166666666666666
69,2025-09-20,,,,,,,3,47.7,1.2833333333333334
69,2025-09-21,,,,,,,1,20.67,0.2847222222222222
69,2025-09-22,,,,,,,1,43.79,0.625
69,2025-09-23,,45.0,,,,,3,113.79,2.4791666666666665
69,2025-09-24,,43.0,,,,,4,198.99,4.686388888888889
69,2025-09-25,,42.0,,,,,3,131.53,3.0141666666666667
69,2025-09-26,,39.0,,,,,4,91.06,3.097777777777778
69,2025-09-27,,38.0,,,,,2,263.4,4.853888888888889
69,2025-09-28,,39.0,,,,,3,195.42,2.893611111111111
69,2025-09-29,,37.0,,,,,3,121.64,2.363888888888889
69,2025-09-30,,38.0,,,,,3,71.22,2.653611111111111
69,2025-10-01,,38.0,,,,,3,214.01,3.2488888888888887
69,2025-10-02,,36.0,,,,,3,123.2,3.0677777777777777
69,2025-10-03,,37.0,,,,,3,145.44,2.928611111111111
69,2025-10-04,,38.0,,,,,2,296.21,5.634444444444444
69,2025-10-05,,39.0,,,,,2,143.41,2.7580555555555555
69,2025-10-06,,42.0,,,,,3,167.5,3.2741666666666664
69,2025-10-07,,38.0,,,,,3,217.55,3.2744444444444443
69,2025-10-08,,39.0,,,,,4,216.99,4.756111111111111
69,2025-10-09,,38.0,,,,,3,209.79,3.8575
69,2025-10-10,,38.0,,,,,3,68.11,2.6119444444444446
69,2025-10-11,,39.0,,,,,2,278.19,4.256666666666667
69,2025-10-12,,38.0,,,,,2,188.88,2.1633333333333336
69,2025-10-13,,38.0,,,,,3,126.78,2.6619444444444444
69,2025-10-14,,38.0,,,,,3,208.06,3.8330555555555557
69,2025-10-15,,42.0,,,,,4,231.82,4.606944444444444
69,2025-10-16,,39.0,,,,,3,172.29,3.727777777777778
69,2025-10-17,,39.0,,,,,3,65.68,2.5875
69,2025-10-18,,37.0,,,,,1,0.0,0.0
69,2025-10-19,,41.0,,,,,1,30.13,0.39555555555555555
69,2025-10-20,,43.0,,,,,3,123.26,1.7583333333333333
69,2025-10-21,,41.0,,,,,3,137.89,2.818611111111111
69,2025-10-22,,40.0,,,,,3,130.44,2.6172222222222223
69,2025-10-23,,40.0,,,,,3,95.41,1.5319444444444446
69,2025-10-24,,38.0,,,,,3,46.69,0.9944444444444445
69,2025-10-25,,40.0,,,,,3,48.13,1.1605555555555556
69,2025-10-26,,39.0,,,,,1,33.63,0.43722222222222223
69,2025-10-27,,44.0,,,,,2,59.96,0.8333333333333334
69,2025-10-28,,,,,,,3,29.48,2.4166666666666665
69,2025-10-29,,43.0,,,,,3,73.2,0.0
69,2025-10-30,,41.0,,,,,3,89.6,2.6766666666666667
69,2025-10-31,,39.0,,,,,3,60.18,1.2733333333333334
69,2025-11-01,,38.0,,,,,3,70.39,1.82
69,2025-11-02,,40.0,,,,,2,58.05,0.7166666666666667
69,2025-11-03,,40.0,,,,,1,30.9,0.39666666666666667
69,2025-11-04,,43.0,,,,,3,120.13,2.9497222222222224
69,2025-11-05,,39.0,,,,,3,124.08,2.496111111111111
69,2025-11-06,,42.0,,,,,3,191.76,4.011388888888889
69,2025-11-07,,40.0,,,,,3,154.32,3.504722222222222
69,2025-11-08,,39.0,,,,,2,263.69,4.9063888888888885
69,2025-11-09,,42.0,,,,,2,316.33,2.4916666666666667
69,2025-11-10,,39.0,,,,,3,105.25,2.818611111111111
69,2025-11-11,,38.0,,,,,3,245.73,4.936944444444444
69,2025-11-12,,38.0,,,,,3,134.78,3.5
69,2025-11-13,,41.0,,,,,3,193.03,4.211666666666667
69,2025-11-14,,39.0,,,,,3,161.39,3.7255555555555557
69,2025-11-15,,39.0,,,,,2,249.13,5.603888888888889
69,2025-11-16,,39.0,,,,,2,198.19,3.743333333333333
69,2025-11-17,,38.0,,,,,3,215.42,3.075
69,2025-11-18,,39.0,,,,,3,162.23,3.2630555555555554
69,2025-11-19,,40.0,,,,,4,191.95,3.6558333333333333
69,2025-11-20,,38.0,,,,,3,119.38,2.015
69,2025-11-21,,39.0,,,,,4,193.68,3.6194444444444445
69,2025-11-22,,38.0,,,,,2,324.42,5.474444444444444
69,2025-11-23,,40.0,,,,,3,143.72,3.1463888888888887
69,2025-11-24,,39.0,,,,,3,72.76,2.2744444444444443
69,2025-11-25,,39.0,,,,,3,165.23,3.2994444444444446
69,2025-11-26,,39.0,,,,,3,56.99,2.910833333333333
69,2025-11-27,,39.0,,,,,3,103.18,2.801111111111111
69,2025-11-28,,40.0,,,,,3,28.15,2.8016666666666667
69,2025-11-29,,40.0,,,,,2,120.52,1.7916666666666667
69,2025-11-30,,41.0,,,,,2,93.98,1.7733333333333334
69,2025-12-01,,41.0,,,,,3,75.11,1.2875
69,2025-12-02,,40.0,,,,,3,79.6,2.3525
69,2025-12-03,,38.0,,,,,3,115.28,2.3869444444444445
69,2025-12-04,,41.0,,,,,3,116.73,2.4811111111111113
69,2025-12-05,,37.0,,,,,3,50.06,1.2352777777777777
69,2025-12-06,,37.0,,,,,3,66.92,1.95
69,2025-12-07,,39.0,,,,,2,286.82,3.5719444444444446
69,2025-12-08,,,,,,,1,0.0,0.0
69,2025-12-09,,,,,,,1,0.0,0.0
69,2025-12-10,,,,,,,1,0.0,0.0
69,2025-12-11,,,,,,,1,0.0,0.0
69,2025-12-12,,,,,,,1,0.0,0.0
69,2025-12-13,,,,,,,1,0.0,0.0
69,2025-12-14,,,,,,,1,0.0,0.0
69,2025-12-15,,,,,,,3,108.19,2.9166666666666665
69,2025-12-16,,,,,,,3,90.7,2.4166666666666665
69,2025-12-17,,,,,,,4,41.83,4.416666666666667
69,2025-12-18,,,,,,,3,101.44,3.625
69,2025-12-19,,,,,,,4,113.06,3.6666666666666665
69,2025-12-20,,43.0,,,,,2,34.3,3.3869444444444445
69,2025-12-21,,41.0,,,,,3,77.73,2.0441666666666665
69,2025-12-22,,43.0,,,,,3,98.87,2.9166666666666665
69,2025-12-23,,40.0,,,,,3,152.58,3.9166666666666665
69,2025-12-24,,40.0,,,,,4,75.35,3.4166666666666665
69,2025-12-25,,39.0,,,,,2,85.59,1.625
69,2025-12-26,,45.0,,,,,4,132.39,3.837222222222222
69,2025-12-27,,45.0,,,,,3,111.65,1.9741666666666666
69,2025-12-28,,43.0,,,,,3,42.4,0.48833333333333334
69,2025-12-29,,43.0,,,,,3,57.79,1.0
69,2025-12-30,,41.0,,,,,3,42.9,0.49916666666666665
69,2025-12-31,,,,,,,4,94.42,1.4169444444444443
69,2026-01-01,,46.0,,,,,3,50.22,0.5986111111111111
69,2026-01-02,,40.0,,,,,4,28.41,0.44583333333333336
69,2026-01-03,,44.0,,,,,2,196.55,3.383611111111111
69,2026-01-04,,44.0,,,,,3,108.42,2.5630555555555556
69,2026-01-05,,39.0,,,,,3,180.93,2.8241666666666667
69,2026-01-06,,39.0,,,,,4,121.9,3.1369444444444445
69,2026-01-07,,40.0,,,,,3,117.83,3.5058333333333334
69,2026-01-08,,39.0,,,,,3,134.96,3.1580555555555554
69,2026-01-09,,39.0,,,,,4,153.65,3.712222222222222
69,2026-01-10,,40.0,,,,,2,195.81,3.9252777777777776
69,2026-01-11,,41.0,,,,,3,117.05,2.0425
69,2026-01-12,,39.0,,,,,3,167.52,2.946111111111111
69,2026-01-13,,39.0,,,,,3,156.11,3.5494444444444446
69,2026-01-14,,40.0,,,,,3,25.5,1.0
69,2026-01-15,,39.0,,,,,3,153.64,3.336388888888889
69,2026-01-16,,41.0,,,,,4,107.81,3.3722222222222222
69,2026-01-17,,39.0,,,,,2,208.34,3.4225
69,2026-01-18,,39.0,,,,,3,116.15,2.566666666666667
69,2026-01-19,,43.0,,,,,3,119.63,3.127222222222222
69,2026-01-20,,39.0,,,,,3,142.31,3.3825
69,2026-01-21,,39.0,,,,,4,42.04,3.667222222222222
69,2026-01-22,,39.0,,,,,3,116.57,4.4094444444444445
69,2026-01-23,,39.0,,,,,3,91.66,2.9877777777777776
69,2026-01-24,,40.0,,,,,2,207.32,4.400277777777778
69,2026-01-25,,39.0,,,,,3,116.6,2.988888888888889
69,2026-01-26,,43.0,,,,,3,212.23,2.9455555555555555
69,2026-01-27,,40.0,,,,,3,153.29,3.1147222222222224
69,2026-01-28,,39.0,,,,,4,138.79,4.858611111111111
69,2026-01-29,,39.0,,,,,3,156.65,4.318333333333333
69,2026-01-30,,38.0,,,,,4,214.3,3.6883333333333335
69,2026-01-31,,39.0,,,,,2,204.17,4.563611111111111
69,2026-02-01,,41.0,,,,,3,79.17,1.3980555555555556
69,2026-02-02,,39.0,,,,,3,163.05,3.209722222222222
71,2026-01-08,9.43333333333333,57.0,49.0,,,,3,307.15,4.86
71,2026-01-09,4.13333333333333,59.0,46.0,,,,2,50.25,0.7269444444444444
71,2026-01-10,7.7,55.0,52.0,,,,1,0.0,0.0
71,2026-01-11,9.5,54.0,51.0,,,,1,0.0,0.0
71,2026-01-12,,61.0,,,,,1,0.0,0.0
71,2026-01-13,8.5,55.0,58.0,,,,1,0.0,0.0
71,2026-01-14,9.39111111111111,56.0,53.0,,,,1,0.0,0.0
71,2026-01-25,9.2,57.0,54.0,,,,2,80.74,1.3080555555555555
71,2026-01-26,7.65,56.0,51.0,,,,2,67.55,1.693888888888889
71,2026-01-27,,59.0,,,,,2,115.91,2.3519444444444444
71,2026-01-28,8.96666666666667,58.0,50.0,,,,3,183.14,3.0077777777777777
71,2026-01-29,5.18333333333333,60.0,45.0,,,,2,138.06,3.042222222222222
71,2026-01-30,10.3,58.0,47.0,,,,2,107.66,2.7558333333333334
71,2026-01-31,8.45,58.0,47.0,,,,1,45.44,1.0119444444444445
71,2026-02-01,7.13,56.0,46.0,,,,2,131.55,2.4386111111111113
77,2024-10-12,,,,,,,3,166.73,3.720833333333333
77,2024-10-13,,,,,,,2,28.16,0.3472222222222222
77,2024-10-14,,,,,,,4,160.03,2.6466666666666665
77,2024-10-15,,,,,,,3,148.05,1.3844444444444444
77,2024-10-16,,,,,,,4,71.3,1.1336111111111111
77,2024-10-17,,,,,,,4,83.45,1.323611111111111
77,2024-10-18,,,,,,,5,154.36,1.4827777777777778
77,2024-10-19,,,,,,,4,53.99,1.1780555555555556
77,2024-10-20,,,,,,,4,30.22,0.5741666666666667
77,2024-10-21,,,,,,,1,0.0,0.0
77,2024-10-22,,,,,,,3,85.49,1.711111111111111
77,2024-10-23,,,,,,,4,137.75,2.5180555555555557
77,2024-10-24,,,,,,,4,214.17,3.0030555555555556
77,2024-10-25,,,,,,,4,148.38,3.115
77,2024-10-26,,,,,,,3,187.03,3.8566666666666665
77,2024-10-27,,,,,,,4,211.96,4.067222222222222
77,2024-10-28,,,,,,,4,195.64,3.4358333333333335
77,2024-10-29,,,,,,,4,172.5,2.4194444444444443
77,2024-10-30,,,,,,,4,235.43,4.1575
77,2024-10-31,,,,,,,4,155.06,3.2183333333333333
77,2024-11-01,,,,,,,4,147.6,3.078888888888889
77,2024-11-02,,,,,,,2,0.0,0.0
77,2024-11-03,,,,,,,2,0.0,0.0
77,2024-11-04,,,,,,,5,131.85,2.9425
77,2024-11-05,,,,,,,4,100.82,2.137777777777778
77,2024-11-06,,,,,,,3,76.71,1.2908333333333333
77,2024-11-07,,,,,,,4,82.38,1.7486111111111111
77,2024-11-08,,,,,,,5,69.25,1.2877777777777777
77,2024-11-09,,,,,,,3,23.52,0.3238888888888889
77,2024-11-10,,,,,,,2,0.0,0.0
77,2024-11-11,,,,,,,2,0.0,0.0
77,2024-11-12,,,,,,,2,0.0,0.0
77,2024-11-13,,,,,,,2,0.0,0.0
77,2024-11-14,,,,,,,3,27.3,0.45805555555555555
77,2024-11-15,,,,,,,4,47.4,0.7427777777777778
77,2024-11-16,,,,,,,4,61.52,1.295
77,2024-11-17,,,,,,,2,0.0,0.0
77,2024-11-18,,,,,,,5,163.12,2.893611111111111
77,2024-11-19,,,,,,,4,164.37,2.8983333333333334
77,2024-11-20,,,,,,,4,98.67,2.998611111111111
77,2024-11-21,,,,,,,4,109.12,2.540277777777778
77,2024-11-22,,,,,,,3,33.09,2.7708333333333335
77,2024-11-23,,,,,,,3,153.04,3.635
77,2024-11-24,,,,,,,4,95.21,1.8816666666666666
77,2024-11-25,,,,,,,4,96.57,2.9558333333333335
77,2024-11-26,,,,,,,5,209.33,3.712222222222222
77,2024-11-27,,,,,,,4,160.32,3.3230555555555554
77,2024-11-28,,,,,,,2,66.15,0.8155555555555556
77,2024-11-29,,,,,,,5,221.76,4.082777777777777
77,2024-11-30,,,,,,,3,114.28,1.4844444444444445
77,2024-12-01,,,,,,,4,88.43,2.298888888888889
77,2024-12-02,,,,,,,4,175.69,3.016111111111111
77,2024-12-03,,,,,,,4,202.82,3.535833333333333
77,2024-12-04,,,,,,,5,173.24,3.63
77,2024-12-05,,,,,,,4,228.37,3.5922222222222224
77,2024-12-06,,,,,,,5,198.75,3.8219444444444446
77,2024-12-07,,,,,,,3,192.5,3.4522222222222223
77,2024-12-08,,,,,,,4,135.16,2.5669444444444443
77,2024-12-09,,,,,,,4,184.12,3.388333333333333
77,2024-12-10,,,,,,,5,244.96,4.255
77,2024-12-11,,,,,,,4,168.22,3.1180555555555554
77,2024-12-12,,,,,,,4,242.88,3.7319444444444443
77,2024-12-13,,,,,,,5,207.28,4.232777777777778
77,2024-12-14,,,,,,,3,210.26,3.5997222222222223
77,2024-12-15,,,,,,,4,171.38,2.8808333333333334
77,2024-12-16,,,,,,,4,183.09,3.3986111111111112
77,2024-12-17,,,,,,,5,208.69,4.1322222222222225
77,2024-12-18,,,,,,,4,174.04,3.3897222222222223
77,2024-12-19,,,,,,,4,254.61,3.813888888888889
77,2024-12-20,,,,,,,3,124.48,1.8230555555555557
77,2024-12-21,,,,,,,3,110.38,1.788888888888889
77,2024-12-22,,,,,,,4,151.83,2.787777777777778
77,2024-12-23,,,,,,,4,195.71,3.506111111111111
77,2024-12-24,,,,,,,4,118.65,2.1744444444444446
77,2024-12-25,,,,,,,3,92.46,1.6997222222222221
77,2024-12-26,,,,,,,4,119.58,3.102222222222222
77,2024-12-27,,,,,,,5,118.05,2.3852777777777776
77,2024-12-28,,,,,,,4,217.17,3.3705555555555557
77,2024-12-29,,,,,,,4,178.04,3.0125
77,2024-12-30,,,,,,,4,183.86,3.1572222222222224
77,2024-12-31,,,,,,,5,290.61,5.176111111111111
77,2025-01-01,,,,,,,4,137.08,3.205277777777778
77,2025-01-02,,,,,,,4,165.74,3.098611111111111
77,2025-01-03,,,,,,,5,171.03,3.339722222222222
77,2025-01-04,,,,,,,3,184.92,3.4769444444444444
77,2025-01-05,,,,,,,4,170.66,2.8541666666666665
77,2025-01-06,,,,,,,4,178.45,3.073888888888889
77,2025-01-07,,,,,,,4,196.77,3.566666666666667
77,2025-01-08,,,,,,,5,238.45,4.411111111111111
77,2025-01-09,,,,,,,4,129.65,2.1969444444444446
77,2025-01-10,,,,,,,5,198.29,3.6172222222222223
77,2025-01-11,,,,,,,3,236.65,3.4588888888888887
77,2025-01-12,,,,,,,4,188.57,3.033611111111111
77,2025-01-13,,,,,,,3,109.6,1.746388888888889
77,2025-01-14,,,,,,,4,203.97,3.180833333333333
77,2025-01-15,,,,,,,5,227.72,4.595555555555555
77,2025-01-16,,,,,,,4,186.2,2.917222222222222
77,2025-01-17,,,,,,,5,223.97,4.286111111111111
77,2025-01-18,,,,,,,2,109.14,1.6847222222222222
77,2025-01-19,,,,,,,4,64.21,1.5077777777777779
77,2025-01-20,,,,,,,4,218.1,3.8291666666666666
77,2025-01-21,,,,,,,4,248.9,3.1622222222222223
77,2025-01-22,,,,,,,5,192.95,3.887777777777778
77,2025-01-23,,,,,,,4,192.49,2.7933333333333334
77,2025-01-24,,,,,,,5,176.76,3.5102777777777776
77,2025-01-25,,,,,,,3,210.22,3.3069444444444445
77,2025-01-26,,,,,,,4,159.57,2.9694444444444446
77,2025-01-27,,,,,,,4,149.81,2.5591666666666666
77,2025-01-28,,,,,,,4,167.41,2.7094444444444443
77,2025-01-29,,,,,,,5,167.16,3.5641666666666665
77,2025-01-30,,,,,,,2,36.05,0.5666666666666667
77,2025-01-31,,,,,,,3,55.83,0.8575
77,2025-02-01,,,,,,,4,26.69,0.6022222222222222
77,2025-02-02,,,,,,,2,55.04,0.9197222222222222
77,2025-02-03,,,,,,,4,159.09,3.0797222222222222
77,2025-02-04,,,,,,,4,216.66,2.895
77,2025-02-05,,,,,,,5,137.53,4.11
77,2025-02-06,,,,,,,4,143.63,2.5230555555555556
77,2025-02-07,,,,,,,5,126.49,2.9138888888888888
77,2025-02-08,,,,,,,3,212.49,3.8847222222222224
77,2025-02-09,,,,,,,4,152.3,2.6030555555555557
77,2025-02-10,,,,,,,4,196.85,3.3969444444444443
77,2025-02-11,,,,,,,6,221.05,3.075
77,2025-02-12,,,,,,,5,202.65,4.243333333333333
77,2025-02-13,,,,,,,4,206.04,3.0733333333333333
77,2025-02-14,,,,,,,5,167.44,3.3266666666666667
77,2025-02-15,,,,,,,4,215.35,3.6286111111111112
77,2025-02-16,,,,,,,2,29.87,0.4538888888888889
77,2025-02-17,,,,,,,3,89.12,1.2966666666666666
77,2025-02-18,,,,,,,4,164.05,2.3905555555555558
77,2025-02-19,,,,,,,5,141.53,2.453611111111111
77,2025-02-20,,,,,,,4,116.59,1.9555555555555555
77,2025-02-21,,,,,,,4,45.83,2.2319444444444443
77,2025-02-22,,,,,,,5,76.18,1.3369444444444445
77,2025-02-23,,,,,,,4,60.65,0.8425
77,2025-02-24,,,,,,,3,22.46,0.32611111111111113
77,2025-02-25,,,,,,,4,190.81,2.933611111111111
77,2025-02-26,,,,,,,5,210.83,3.930833333333333
77,2025-02-27,,,,,,,4,154.41,2.6147222222222224
77,2025-02-28,,,,,,,5,195.93,3.1669444444444443
77,2025-03-01,,,,,,,3,229.36,3.4611111111111112
77,2025-03-02,,,,,,,4,103.93,1.9738888888888888
77,2025-03-03,,,,,,,4,105.28,3.155
77,2025-03-04,,,,,,,4,199.54,2.5797222222222222
77,2025-03-05,,,,,,,5,172.78,3.7758333333333334
77,2025-03-06,,,,,,,4,175.71,2.6483333333333334
77,2025-03-07,,,,,,,4,140.62,3.069722222222222
77,2025-03-08,,,,,,,3,186.07,3.0319444444444446
77,2025-03-09,,,,,,,4,231.26,5.195833333333334
77,2025-03-10,,,,,,,4,153.7,2.9058333333333333
77,2025-03-11,,,,,,,5,228.65,3.906111111111111
77,2025-03-12,,,,,,,5,194.2,3.6486111111111112
77,2025-03-13,,,,,,,4,187.83,2.651111111111111
77,2025-03-14,,,,,,,5,140.52,3.7175
77,2025-03-15,,,,,,,3,141.7,2.616388888888889
77,2025-03-16,,,,,,,4,161.56,2.9905555555555554
77,2025-03-17,,,,,,,4,145.9,2.616111111111111
77,2025-03-18,,,,,,,3,152.75,2.475
77,2025-03-19,,,,,,,3,90.73,3.062222222222222
77,2025-03-20,,,,,,,3,28.45,0.6091666666666666
77,2025-03-21,,,,,,,3,70.76,1.2425
77,2025-03-22,,,,,,,3,64.32,0.9302777777777778
77,2025-03-23,,,,,,,1,55.71,0.9136111111111112
77,2025-03-24,,,,,,,3,149.73,2.430833333333333
77,2025-03-25,,,,,,,2,104.51,1.4569444444444444
77,2025-03-26,,,,,,,3,92.4,1.4444444444444444
77,2025-03-27,,,,,,,3,53.1,0.9616666666666667
77,2025-03-28,,,,,,,3,33.8,0.6877777777777778
77,2025-03-29,,,,,,,1,41.5,0.6888888888888889
77,2025-03-30,,,,,,,3,111.71,2.0833333333333335
77,2025-03-31,,,,,,,2,104.77,1.6797222222222221
77,2025-04-01,,,,,,,3,181.5,2.3916666666666666
77,2025-04-02,,,,,,,4,208.52,4.061111111111111
77,2025-04-03,,,,,,,3,197.67,3.1894444444444443
77,2025-04-04,,,,,,,4,93.29,2.8966666666666665
77,2025-04-05,,,,,,,2,216.9,3.4780555555555557
77,2025-04-06,,,,,,,3,133.21,2.582222222222222
77,2025-04-07,,,,,,,3,181.44,3.071111111111111
77,2025-04-08,,,,,,,3,238.9,2.8775
77,2025-04-09,,,,,,,4,221.46,4.164444444444444
77,2025-04-10,,,,,,,3,130.54,3.6077777777777778
77,2025-04-11,,,,,,,4,95.72,3.1355555555555554
77,2025-04-12,,,,,,,2,226.14,3.566388888888889
77,2025-04-13,,,,,,,3,133.16,2.2827777777777776
77,2025-04-14,,,,,,,3,182.44,3.1980555555555554
77,2025-04-15,,,,,,,3,181.27,3.2177777777777776
77,2025-04-16,,,,,,,4,202.58,3.711388888888889
77,2025-04-17,,,,,,,3,122.51,2.961388888888889
77,2025-04-18,,,,,,,4,193.95,3.656388888888889
77,2025-04-19,,,,,,,2,139.28,2.845833333333333
77,2025-04-20,,,,,,,3,176.76,3.036388888888889
77,2025-04-21,,,,,,,3,181.7,3.1180555555555554
77,2025-04-22,,,,,,,3,195.26,3.2408333333333332
77,2025-04-23,,,,,,,4,197.9,3.5241666666666664
77,2025-04-24,,,,,,,3,131.41,3.098888888888889
77,2025-04-25,,,,,,,4,210.64,3.576111111111111
77,2025-04-26,,,,,,,2,208.56,3.858888888888889
77,2025-04-27,,,,,,,2,167.89,2.5411111111111113
77,2025-04-28,,,,,,,3,171.18,2.9694444444444446
77,2025-04-29,,,,,,,3,173.27,2.9869444444444446
77,2025-04-30,,,,,,,3,108.02,2.252222222222222
77,2025-05-01,,,,,,,3,107.55,2.8272222222222223
77,2025-05-02,,,,,,,4,140.93,3.069166666666667
77,2025-05-03,,,,,,,2,112.24,1.7327777777777778
77,2025-05-04,,,,,,,1,0.0,0.0
77,2025-05-05,,,,,,,1,0.0,0.0
77,2025-05-06,,,,,,,4,179.66,3.2444444444444445
77,2025-05-07,,,,,,,3,129.05,2.2172222222222224
77,2025-05-08,,,,,,,3,96.31,1.666388888888889
77,2025-05-09,,,,,,,4,74.69,1.3930555555555555
77,2025-05-10,,,,,,,3,85.07,0.9816666666666667
77,2025-05-11,,,,,,,2,69.63,2.6527777777777777
77,2025-05-12,,,,,,,3,135.35,2.3233333333333333
77,2025-05-13,,,,,,,4,161.79,2.1755555555555555
77,2025-05-14,,,,,,,3,132.58,2.2377777777777776
77,2025-05-15,,,,,,,3,165.69,2.55
77,2025-05-16,,,,,,,3,56.24,1.7072222222222222
77,2025-05-17,,,,,,,2,154.72,3.0155555555555558
77,2025-05-18,,,,,,,2,136.03,2.0025
77,2025-05-19,,,,,,,3,121.23,2.2741666666666664
77,2025-05-20,,,,,,,2,93.06,1.4069444444444446
77,2025-05-21,,,,,,,3,99.58,1.6822222222222223
77,2025-05-22,,,,,,,3,82.49,1.7672222222222222
77,2025-05-23,,,,,,,3,52.26,1.103888888888889
77,2025-05-24,,,,,,,4,124.41,1.5669444444444445
77,2025-05-25,,,,,,,2,0.04,14.892222222222221
77,2025-05-26,,,,,,,2,71.23,1.3405555555555555
77,2025-05-27,,,,,,,3,70.05,2.6352777777777776
77,2025-05-28,,,,,,,3,181.86,3.1233333333333335
77,2025-05-29,,,,,,,3,212.69,3.6680555555555556
77,2025-05-30,,,,,,,3,163.07,2.6875
77,2025-05-31,,,,,,,3,204.82,4.170555555555556
77,2025-06-01,,,,,,,2,140.87,2.1569444444444446
77,2025-06-02,,,,,,,3,186.9,3.35
77,2025-06-03,,,,,,,3,212.0,3.485
77,2025-06-04,,,,,,,4,211.26,4.150555555555556
77,2025-06-05,,,,,,,3,188.76,2.9369444444444444
77,2025-06-06,,,,,,,3,134.83,4.385277777777778
77,2025-06-07,,,,,,,2,244.55,4.121944444444445
77,2025-06-08,,,,,,,2,162.8,2.48
77,2025-06-09,,,,,,,3,143.08,2.5505555555555555
77,2025-06-10,,,,,,,3,168.25,2.615
77,2025-06-11,,,,,,,4,117.14,3.79
77,2025-06-12,,,,,,,3,208.44,3.65
77,2025-06-13,,,,,,,3,100.9,3.379722222222222
77,2025-06-14,,,,,,,3,277.39,4.891388888888889
77,2025-06-15,,,,,,,2,145.28,2.2483333333333335
77,2025-06-16,,,,,,,3,193.0,3.8227777777777776
77,2025-06-17,,,,,,,3,182.72,2.588888888888889
77,2025-06-18,,,,,,,3,76.54,2.858888888888889
77,2025-06-19,,,,,,,3,226.52,3.7505555555555556
77,2025-06-20,,,,,,,4,141.26,4.667777777777777
77,2025-06-21,,,,,,,2,246.35,4.01
77,2025-06-22,,,,,,,2,156.42,2.4608333333333334
77,2025-06-23,,,,,,,4,200.94,3.6616666666666666
77,2025-06-24,,,,,,,5,183.97,2.576111111111111
77,2025-06-25,,,,,,,4,122.07,2.8336111111111113
77,2025-06-26,,,,,,,4,212.07,3.908333333333333
77,2025-06-27,,,,,,,5,142.82,4.493333333333333
77,2025-06-28,,,,,,,3,221.33,3.522222222222222
77,2025-06-29,,,,,,,3,130.34,2.35
77,2025-06-30,,,,,,,4,158.24,2.7841666666666667
77,2025-07-01,,,,,,,4,171.63,2.6286111111111112
77,2025-07-02,,,,,,,5,173.73,4.519166666666667
77,2025-07-03,,,,,,,3,88.87,1.2608333333333333
77,2025-07-04,,,,,,,2,34.91,0.5658333333333333
77,2025-07-05,,,,,,,4,189.9,3.4255555555555555
77,2025-07-06,,,,,,,3,156.68,2.4916666666666667
77,2025-07-07,,,,,,,3,176.89,3.1283333333333334
77,2025-07-08,,,,,,,3,166.8,2.801111111111111
77,2025-07-09,,,,,,,3,116.76,2.031388888888889
77,2025-07-10,,,,,,,3,90.52,1.7483333333333333
77,2025-07-11,,,,,,,3,63.94,1.38
77,2025-07-12,,,,,,,4,55.69,0.9036111111111111
77,2025-07-13,,,,,,,1,73.38,1.1791666666666667
77,2025-07-14,,,,,,,2,34.55,0.5736111111111111
77,2025-07-15,,,,,,,3,158.36,2.585277777777778
77,2025-07-16,,,,,,,4,172.61,3.3680555555555554
77,2025-07-17,,,,,,,3,189.47,2.7455555555555557
77,2025-07-18,,,,,,,4,191.98,3.4344444444444444
77,2025-07-19,,,,,,,2,179.69,3.9763888888888888
77,2025-07-20,,,,,,,2,177.27,2.643611111111111
77,2025-07-21,,,,,,,3,212.05,3.9052777777777776
77,2025-07-22,,,,,,,3,159.22,2.5694444444444446
77,2025-07-23,,,,,,,2,62.1,1.6575
77,2025-07-24,,,,,,,3,86.87,1.6383333333333334
77,2025-07-25,,,,,,,3,53.39,1.1927777777777777
77,2025-07-26,,,,,,,4,58.42,0.9888888888888889
77,2025-07-27,,,,,,,1,89.99,1.4616666666666667
77,2025-07-28,,,,,,,3,183.58,3.1130555555555555
77,2025-07-29,,,,,,,3,206.78,2.9675
77,2025-07-30,,,,,,,4,202.19,4.626666666666667
77,2025-07-31,,,,,,,3,185.47,3.235
77,2025-08-01,,,,,,,4,190.41,3.426111111111111
77,2025-08-02,,,,,,,2,207.27,3.8858333333333333
77,2025-08-03,,,,,,,2,92.07,1.64
77,2025-08-04,,,,,,,2,109.09,1.7727777777777778
77,2025-08-05,,,,,,,3,108.93,1.8158333333333334
77,2025-08-06,,,,,,,2,46.36,1.2438888888888888
77,2025-08-07,,,,,,,3,57.77,1.446388888888889
77,2025-08-08,,,,,,,3,53.0,1.275
77,2025-08-09,,,,,,,5,85.94,1.36
77,2025-08-10,,,,,,,1,56.65,0.9061111111111111
77,2025-08-11,,,,,,,3,203.58,3.586388888888889
77,2025-08-12,,,,,,,3,223.99,3.1275
77,2025-08-13,,,,,,,4,158.39,3.546111111111111
77,2025-08-14,,,,,,,3,228.7,3.7155555555555555
77,2025-08-15,,,,,,,4,146.5,3.4619444444444443
77,2025-08-16,,,,,,,2,268.08,4.460555555555556
77,2025-08-17,,,,,,,2,99.86,1.9008333333333334
77,2025-08-18,,,,,,,3,185.28,3.2958333333333334
77,2025-08-19,,,,,,,3,143.82,2.2855555555555553
77,2025-08-20,,,,,,,2,63.81,0.9447222222222222
77,2025-08-21,,,,,,,3,94.21,1.6316666666666666
77,2025-08-22,,,,,,,3,90.75,1.1483333333333334
77,2025-08-23,,,,,,,3,49.33,0.7280555555555556
77,2025-08-24,,,,,,,1,83.48,1.33
77,2025-08-25,,,,,,,3,129.28,3.6352777777777776
77,2025-08-26,,,,,,,3,144.91,2.516388888888889
77,2025-08-27,,,,,,,3,129.04,2.9077777777777776
77,2025-08-28,,,,,,,3,184.69,3.5180555555555557
77,2025-08-29,,,,,,,4,211.03,3.654166666666667
77,2025-08-30,,,,,,,2,255.28,4.155
77,2025-08-31,,,,,,,2,138.19,2.2830555555555554
77,2025-09-01,,,,,,,3,169.51,2.1358333333333333
77,2025-09-02,,,,,,,2,93.54,1.4069444444444446
77,2025-09-03,,,,,,,3,123.24,3.097777777777778
77,2025-09-04,,,,,,,3,194.24,3.8583333333333334
77,2025-09-05,,,,,,,4,194.4,2.986666666666667
77,2025-09-06,,,,,,,2,285.81,4.344444444444444
77,2025-09-07,,,,,,,2,153.0,2.5836111111111113
77,2025-09-08,,,,,,,3,225.06,3.9516666666666667
77,2025-09-09,,,,,,,3,253.96,3.3136111111111113
77,2025-09-10,,,,,,,3,203.02,3.7094444444444443
77,2025-09-11,,,,,,,3,187.04,3.043888888888889
77,2025-09-12,,,,,,,3,179.24,3.0155555555555558
77,2025-09-13,,,,,,,2,132.23,1.9869444444444444
77,2025-09-14,,,,,,,2,284.53,4.8052777777777775
77,2025-09-15,,,,,,,3,218.04,3.9786111111111113
77,2025-09-16,,,,,,,3,212.96,2.792222222222222
77,2025-09-17,,,,,,,4,203.35,3.6983333333333333
77,2025-09-18,,,,,,,3,268.46,3.8383333333333334
77,2025-09-19,,,,,,,4,201.61,3.9119444444444444
77,2025-09-20,,,,,,,2,278.4,4.266666666666667
77,2025-09-21,,,,,,,2,139.27,2.5116666666666667
77,2025-09-22,,,,,,,3,195.68,3.136388888888889
77,2025-09-23,,,,,,,3,167.51,2.7883333333333336
77,2025-09-24,,,,,,,4,214.38,3.4869444444444446
77,2025-09-25,,,,,,,3,180.28,2.6758333333333333
77,2025-09-26,,,,,,,4,82.22,3.1352777777777776
77,2025-09-27,,,,,,,2,29.39,3.923611111111111
77,2025-09-28,,,,,,,3,73.58,1.5
77,2025-09-29,,,,,,,3,195.77,3.3841666666666668
77,2025-09-30,,,,,,,3,145.55,2.376388888888889
77,2025-10-01,,,,,,,3,157.55,2.5033333333333334
77,2025-10-02,,,,,,,2,72.03,1.023611111111111
77,2025-10-03,,,,,,,3,94.72,1.6402777777777777
77,2025-10-04,,,,,,,3,82.69,1.3102777777777779
77,2025-10-05,,,,,,,3,66.29,0.9161111111111111
77,2025-10-06,,,,,,,1,0.0,0.0
77,2025-10-07,,,,,,,2,72.12,0.8263888888888888
77,2025-10-08,,,,,,,4,277.28,4.536944444444444
77,2025-10-09,,,,,,,3,149.12,2.8969444444444443
77,2025-10-10,,,,,,,4,187.08,3.2933333333333334
77,2025-10-11,,,,,,,3,209.09,4.6725
77,2025-10-12,,,,,,,4,125.37,2.9677777777777776
77,2025-10-13,,,,,,,4,153.69,2.7383333333333333
77,2025-10-14,,,,,,,3,28.15,1.8711111111111112
77,2025-10-15,,,,,,,4,68.16,1.4877777777777779
77,2025-10-16,,,,,,,3,104.83,1.2816666666666667
77,2025-10-17,,,,,,,4,65.44,1.7694444444444444
77,2025-10-18,,,,,,,3,59.25,1.3511111111111112
77,2025-10-19,,,,,,,3,111.3,1.3125
77,2025-10-20,,,,,,,1,34.41,0.5666666666666667
77,2025-10-21,,,,,,,4,206.08,2.506111111111111
77,2025-10-22,,,,,,,4,185.87,3.9183333333333334
77,2025-10-23,,,,,,,3,129.09,2.825
77,2025-10-24,,,,,,,4,244.19,3.673611111111111
77,2025-10-25,,,,,,,2,29.39,3.923611111111111
77,2025-10-26,,,,,,,2,134.96,1.9566666666666668
77,2025-10-27,,,,,,,2,95.95,1.2430555555555556
77,2025-10-28,,,,,,,2,54.44,0.9008333333333334
77,2025-10-29,,,,,,,3,122.49,0.0
77,2025-10-30,,,,,,,3,143.07,2.336388888888889
77,2025-10-31,,,,,,,3,60.22,1.3097222222222222
77,2025-11-01,,,,,,,3,66.12,1.2958333333333334
77,2025-11-02,,,,,,,5,86.93,1.2072222222222222
77,2025-11-03,,,,,,,1,42.29,0.6788888888888889
77,2025-11-04,,,,,,,3,119.09,2.153888888888889
77,2025-11-05,,,,,,,4,178.86,2.180833333333333
77,2025-11-06,,,,,,,3,119.87,1.8905555555555555
77,2025-11-07,,,,,,,4,72.32,1.686388888888889
77,2025-11-08,,,,,,,3,74.05,1.2261111111111112
77,2025-11-09,,,,,,,4,77.39,1.1977777777777778
77,2025-11-10,,,,,,,1,0.0,0.0
77,2025-11-11,,,,,,,1,0.0,0.0
77,2025-11-12,,,,,,,1,0.0,0.0
77,2025-11-13,,,,,,,1,0.0,0.0
77,2025-11-14,,,,,,,1,0.0,0.0
77,2025-11-15,,,,,,,1,0.0,0.0
77,2025-11-16,,,,,,,1,0.0,0.0
77,2025-11-17,,,,,,,3,114.59,2.8177777777777777
77,2025-11-18,,,,,,,3,127.07,3.1352777777777776
77,2025-11-19,,,,,,,4,81.15,2.7666666666666666
77,2025-11-20,,,,,,,3,0.0,0.0
77,2025-11-21,,,,,,,3,66.67,1.1783333333333332
77,2025-11-22,,,,,,,2,165.09,3.1527777777777777
77,2025-11-23,,,,,,,3,82.72,2.3880555555555554
77,2025-11-24,,,,,,,4,174.3,3.1444444444444444
77,2025-11-25,,,,,,,4,172.36,3.035277777777778
77,2025-11-26,,,,,,,3,181.28,3.1619444444444444
77,2025-11-27,,,,,,,3,145.58,2.2733333333333334
77,2025-11-28,,,,,,,4,227.61,3.8730555555555557
77,2025-11-29,,,,,,,2,222.33,3.4566666666666666
77,2025-11-30,,,,,,,3,142.37,2.4644444444444447
77,2025-12-01,,,,,,,3,184.29,2.8313888888888887
77,2025-12-02,,,,,,,3,229.26,3.1175
77,2025-12-03,,,,,,,4,187.47,3.5608333333333335
77,2025-12-04,,,,,,,3,264.31,3.7711111111111113
77,2025-12-05,,,,,,,4,220.49,3.8444444444444446
77,2025-12-06,,,,,,,2,200.2,3.4433333333333334
77,2025-12-07,,,,,,,3,148.29,2.4497222222222224
77,2025-12-08,,,,,,,3,176.3,2.921666666666667
77,2025-12-09,,,,,,,3,281.07,3.7016666666666667
77,2025-12-10,,,,,,,4,197.95,3.6994444444444445
77,2025-12-11,,,,,,,3,265.69,3.9205555555555556
77,2025-12-12,,,,,,,4,214.35,3.841388888888889
77,2025-12-13,,,,,,,2,190.53,3.4375
77,2025-12-14,,,,,,,3,139.29,2.3555555555555556
77,2025-12-15,,,,,,,3,190.62,2.8830555555555555
77,2025-12-16,,,,,,,3,243.7,3.3366666666666664
77,2025-12-17,,,,,,,3,158.96,2.8966666666666665
77,2025-12-18,,,,,,,4,223.09,3.8427777777777776
77,2025-12-19,,,,,,,4,101.52,3.701111111111111
77,2025-12-20,,,,,,,2,173.47,3.4266666666666667
77,2025-12-21,,,,,,,3,164.05,2.5930555555555554
77,2025-12-22,,,,,,,3,181.95,3.173888888888889
77,2025-12-23,,,,,,,2,114.23,1.3916666666666666
77,2025-12-24,,,,,,,4,194.45,3.3844444444444446
77,2025-12-25,,,,,,,2,102.43,1.6616666666666666
77,2025-12-26,,,,,,,4,207.79,3.8408333333333333
77,2025-12-27,,,,,,,3,130.02,2.0572222222222223
77,2025-12-28,,,,,,,3,186.57,2.2713888888888887
77,2025-12-29,,,,,,,3,191.55,3.1766666666666667
77,2025-12-30,,,,,,,4,348.68,5.1325
77,2025-12-31,,,,,,,4,271.81,4.286388888888889
77,2026-01-01,,,,,,,1,41.78,0.6733333333333333
77,2026-01-02,,,,,,,4,212.69,3.301111111111111
77,2026-01-03,,,,,,,3,260.87,4.123055555555555
77,2026-01-04,,,,,,,3,126.67,1.8330555555555557
77,2026-01-05,,,,,,,2,44.5,0.6352777777777778
77,2026-01-06,,,,,,,3,205.8,2.7944444444444443
77,2026-01-07,,,,,,,4,229.14,3.88
77,2026-01-08,,,,,,,3,157.57,2.5225
77,2026-01-09,,,,,,,3,0.0,0.0
77,2026-01-10,,,,,,,2,174.1,2.4008333333333334
77,2026-01-11,,,,,,,3,238.51,5.132777777777778
77,2026-01-12,,,,,,,3,202.64,3.257222222222222
77,2026-01-13,,,,,,,3,221.61,2.975
77,2026-01-14,,,,,,,4,266.33,4.407222222222222
77,2026-01-15,,,,,,,4,126.68,1.8119444444444444
77,2026-01-16,,,,,,,4,196.23,3.0327777777777776
77,2026-01-17,,,,,,,2,326.54,4.743055555555555
77,2026-01-18,,,,,,,3,185.84,2.4575
77,2026-01-19,,,,,,,3,206.77,3.283888888888889
77,2026-01-20,,,,,,,3,221.04,3.506111111111111
77,2026-01-21,,,,,,,4,234.0,4.301111111111111
77,2026-01-22,,,,,,,3,188.44,2.815
77,2026-01-23,,,,,,,4,227.01,3.623611111111111
77,2026-01-24,,,,,,,2,202.67,3.6558333333333333
77,2026-01-25,,,,,,,3,105.38,1.7130555555555556
77,2026-01-26,7.83,,,,,,3,164.02,2.647777777777778
77,2026-01-27,9.12,,,,,,3,187.37,2.8405555555555555
77,2026-01-28,8.72,,,,,,4,90.96,1.5830555555555557
77,2026-01-29,8.42,,,,,,2,74.9,1.176388888888889
77,2026-01-30,8.77,,,,,,2,51.79,0.7969444444444445
77,2026-01-31,8.53,,,,,,2,23.43,0.45444444444444443
77,2026-02-01,6.87,,,,,,2,71.87,1.1247222222222222
77,2026-02-02,8.92,,,,,,3,191.07,3.2133333333333334
77,2026-02-03,8.52,,,,,,3,217.13,2.618333333333333
77,2026-02-04,7.72,,,,,,4,248.99,4.627222222222223
77,2026-02-05,8.67,,,,,,3,218.86,3.4555555555555557
77,2026-02-06,7.73,,,,,,4,210.03,3.9444444444444446
77,2026-02-07,8.5,,,,,,2,287.66,4.655277777777778
77,2026-02-08,8.2,,,,,,3,189.97,2.9169444444444443
77,2026-02-09,7.43,,,,,,3,213.98,3.703333333333333
77,2026-02-10,7.82,,,,,,3,218.39,2.8027777777777776
77,2026-02-10,,,,,,,3,218.39,2.8027777777777776
77,2026-02-11,7.22,,,,,,4,235.86,4.249444444444444
77,2026-02-12,6.9,,,,,,3,233.81,4.3025
77,2026-02-13,7.65,,,,,,4,221.59,3.9219444444444442
77,2026-02-14,7.52,,,,,,2,305.7,4.554444444444444
77,2026-02-15,6.88,,,,,,3,189.04,2.96
77,2026-02-16,8.83,,,,,,3,197.68,3.3566666666666665
77,2026-02-17,8.32,,,,,,3,269.55,3.1725
77,2026-02-18,7.5,,,,,,4,205.9,3.9766666666666666
77,2026-02-19,6.6,,,,,,3,228.35,3.4369444444444444
77,2026-02-20,7.23,,,,,,4,193.99,3.6669444444444443
77,2026-02-21,7.42,,,,,,2,309.83,4.147222222222222
77,2026-02-22,9.23,,,,,,3,156.8,2.705
77,2026-02-23,7.08,,,,,,3,195.66,3.6191666666666666
77,2026-02-24,8.87,,,,,,3,166.89,2.5394444444444444
77,2026-02-25,7.17,,,,,,4,235.69,4.5344444444444445
77,2026-02-26,7.1,,,,,,2,133.63,1.7280555555555555
77,2026-02-27,7.4,,,,,,3,171.47,2.6666666666666665
77,2026-02-28,6.68,,,,,,2,299.75,5.433611111111111
77,2026-03-01,7.82,,,,,,3,166.24,2.819166666666667
77,2026-03-02,7.58,,,,,,3,186.71,3.1777777777777776
77,2026-03-03,8.82,,,,,,3,236.01,2.7527777777777778
77,2026-03-04,8.42,,,,,,4,202.34,3.855277777777778
77,2026-03-05,6.4,,,,,,3,190.01,3.0230555555555556
77,2026-03-06,7.78,,,,,,4,179.76,3.3566666666666665
77,2026-03-07,7.32,,,,,,2,222.15,4.4475
77,2026-03-08,5.63,,,,,,2,171.09,2.4094444444444445
77,2026-03-09,8.37,,,,,,1,66.32,0.8991666666666667
77,2026-03-10,8.02,,,,,,4,210.06,3.1927777777777777
77,2026-03-11,8.3,,,,,,3,233.19,4.1425
77,2026-03-12,8.55,,,,,,3,185.55,3.3941666666666666
77,2026-03-13,8.3,,,,,,4,163.91,3.4375
77,2026-03-14,7.23,,,,,,2,123.36,1.7938888888888889
77,2026-03-15,,,,,,,1,0.0,0.0
77,2026-03-16,,,,,,,1,83.92,0.45166666666666666
77,2026-03-17,7.32,,,,,,3,147.8,2.6169444444444445
77,2026-03-17,10.37,45.0,116.0,,,,3,147.8,2.6169444444444445
77,2026-03-18,8.45,45.0,117.0,,,,3,178.51,2.2705555555555557
77,2026-03-19,7.88,46.0,126.0,,,,3,61.9,1.058888888888889
77,2026-03-20,9.42,45.0,130.0,,,,3,58.89,1.0563888888888888
77,2026-03-21,6.98,46.0,132.0,,,,2,29.56,0.53
77,2026-03-22,,,,,,,1,44.55,0.6352777777777778
79,2026-01-08,,,,,,,3,0.0,3.236388888888889
79,2026-01-09,,,,,,,1,0.0,0.0
79,2026-01-10,,,,,,,2,0.0,0.7847222222222222
79,2026-01-11,,,,,,,2,0.0,0.6033333333333334
79,2026-01-12,,,,,,,3,0.0,1.31
79,2026-01-13,,,,,,,3,0.0,2.908888888888889
79,2026-01-14,,,,,,,2,0.0,2.883888888888889
79,2026-01-25,,,,,,,4,0.0,2.7655555555555558
79,2026-01-26,,,,,,,3,0.0,1.9772222222222222
79,2026-01-27,,,,,,,3,0.0,3.026111111111111
79,2026-01-28,,,,,,,3,0.0,3.2594444444444446
79,2026-01-29,,,,,,,3,0.0,1.9344444444444444
79,2026-01-30,,,,,,,3,0.0,2.8255555555555554
79,2026-01-31,,,,,,,3,0.0,3.689722222222222
79,2026-02-01,,,,,,,2,0.0,2.0702777777777777
81,2026-01-08,,,,,,,4,0.0,1.5675
81,2026-01-09,,,,,,,1,0.0,0.4636111111111111
81,2026-01-10,,,,,,,4,0.0,1.6372222222222221
81,2026-01-11,,,,,,,2,0.0,3.5952777777777776
81,2026-01-12,,,,,,,1,0.0,0.5452777777777778
81,2026-01-13,,,,,,,2,0.0,1.0955555555555556
81,2026-01-14,,,,,,,2,0.0,0.8463888888888889
81,2026-01-25,,,,,,,1,0.0,0.8425
81,2026-01-26,,,,,,,2,0.0,1.2716666666666667
81,2026-01-27,,,,,,,2,0.0,0.8102777777777778
81,2026-01-28,,,,,,,2,0.0,0.0
81,2026-01-29,,,,,,,3,0.0,0.6288888888888889
81,2026-01-30,,,,,,,1,0.0,0.6636111111111112
81,2026-01-31,,,,,,,3,0.0,2.28
81,2026-02-01,,,,,,,1,0.0,0.9788888888888889
82,2026-01-08,,,,,,,1,0.0,0.9597222222222223
82,2026-01-09,,,,,,,1,0.0,1.1233333333333333
82,2026-01-10,,,,,,,2,0.0,1.971111111111111
82,2026-01-11,,,,,,,1,0.0,1.258888888888889
82,2026-01-12,,,,,,,1,0.0,1.0552777777777778
82,2026-01-13,,,,,,,3,0.0,2.0455555555555556
82,2026-01-14,,,,,,,2,0.0,1.6488888888888888
82,2026-01-25,,,,,,,2,0.0,1.621388888888889
82,2026-01-26,,,,,,,1,0.0,0.8397222222222223
82,2026-01-27,,,,,,,1,0.0,1.176388888888889
82,2026-01-28,,,,,,,2,0.0,0.9022222222222223
82,2026-01-29,,,,,,,1,0.0,0.9488888888888889
82,2026-01-30,,,,,,,1,0.0,0.9494444444444444
82,2026-01-31,,,,,,,1,0.0,1.1833333333333333
82,2026-02-01,,,,,,,1,0.0,1.0577777777777777
83,2026-01-08,,,,,,,3,91.42,1.913888888888889
83,2026-01-09,,,,,,,2,71.83,1.4022222222222223
83,2026-01-10,,,,,,,1,58.97,1.7255555555555555
83,2026-01-11,,,,,,,2,77.94,1.8702777777777777
83,2026-01-12,,,,,,,3,90.47,1.9627777777777777
83,2026-01-13,,,,,,,2,108.61,2.0416666666666665
83,2026-01-14,,,,,,,3,98.43,2.0927777777777776
83,2026-01-25,,,,,,,1,20.46,0.6597222222222222
83,2026-01-26,,,,,,,1,0.0,0.0
83,2026-01-27,,,,,,,1,0.0,0.0
83,2026-01-29,,,,,,,1,0.0,0.0
83,2026-01-30,,,,,,,1,0.0,0.0
83,2026-01-31,,,,,,,2,55.34,1.2555555555555555
84,2026-01-08,,,,,,,3,0.0,1.0347222222222223
84,2026-01-09,,,,,,,1,0.0,0.0
84,2026-01-10,,,,,,,1,0.0,1.7502777777777778
84,2026-01-11,,,,,,,2,0.0,1.6025
84,2026-01-12,,,,,,,4,0.0,1.2933333333333332
84,2026-01-13,,,,,,,1,0.0,1.1005555555555555
84,2026-01-14,,,,,,,2,0.0,0.0
84,2026-01-25,,,,,,,2,0.0,0.0
84,2026-01-26,,,,,,,4,0.0,1.1888888888888889
84,2026-01-27,,,,,,,1,0.0,0.8341666666666666
84,2026-01-28,,,,,,,2,0.0,0.0
84,2026-01-29,,,,,,,3,0.0,1.3508333333333333
84,2026-01-30,,,,,,,1,0.0,0.0
84,2026-01-31,,,,,,,1,0.0,1.5
86,2026-01-08,,,,,,,1,0.0,0.0
86,2026-01-09,,,,,,,3,0.0,0.6233333333333333
86,2026-01-10,,,,,,,1,0.0,0.0
86,2026-01-11,,,,,,,2,0.0,0.0
86,2026-01-12,,,,,,,2,0.0,0.0
86,2026-01-13,,,,,,,1,0.0,0.0
86,2026-01-14,,,,,,,3,0.0,0.6994444444444444
86,2026-01-25,,,,,,,2,0.0,0.0
86,2026-01-26,,,,,,,2,0.0,0.0
86,2026-01-27,,,,,,,2,0.0,0.7638888888888888
86,2026-01-28,,,,,,,1,0.0,0.0
86,2026-01-29,,,,,,,3,0.0,0.0
86,2026-01-30,,,,,,,1,0.0,0.0
86,2026-01-31,,,,,,,1,0.0,0.0
88,2026-01-08,,,,,,,1,0.0,0.6519444444444444
88,2026-01-09,,,,,,,1,0.0,1.3722222222222222
88,2026-01-10,,,,,,,1,0.0,1.4336111111111112
88,2026-01-11,,,,,,,2,0.0,1.148611111111111
88,2026-01-12,,,,,,,2,0.0,1.4847222222222223
88,2026-01-13,,,,,,,1,0.0,0.7622222222222222
88,2026-01-14,,,,,,,2,0.0,1.405
88,2026-01-25,,,,,,,1,0.0,1.0
88,2026-01-26,,,,,,,2,0.0,1.4408333333333334
88,2026-01-27,,,,,,,1,0.0,0.8666666666666667
88,2026-01-28,,,,,,,1,0.0,0.7666666666666667
88,2026-01-29,,,,,,,1,0.0,0.8552777777777778
88,2026-01-30,,,,,,,3,0.0,1.3541666666666667
88,2026-01-31,,,,,,,1,0.0,1.4166666666666667
91,2026-01-08,8.94194444444444,56.0,80.0,,,,2,232.43,1.396111111111111
91,2026-01-09,3.6,52.0,83.0,,,,1,0.0,0.0
91,2026-01-10,,81.0,,,,,1,89.22,2.246111111111111
91,2026-01-11,3.93333333333333,57.0,48.0,,,,2,0.0,0.0
91,2026-01-12,,59.0,,,,,1,122.31,1.0
91,2026-01-13,5.33333333333333,47.0,94.0,,,,2,0.0,0.0
91,2026-01-14,3.2775,51.0,103.0,,,,1,133.1,1.0
91,2026-01-25,3.78333333333333,54.0,96.0,,,,1,206.41,0.7694444444444445
91,2026-01-26,8.3,54.0,84.0,,,,1,158.49,1.5
91,2026-01-27,6.2,53.0,99.0,,,,2,206.11,1.9494444444444445
91,2026-01-28,7.88888888888889,53.0,95.0,,,,1,0.0,0.0
91,2026-01-29,4.46666666666667,51.0,96.0,,,,1,0.0,0.0
91,2026-01-30,,57.0,,,,,2,392.33,1.94
91,2026-01-31,5.16666666666667,52.0,80.0,,,,2,10.48,2.4941666666666666
92,2026-01-03,,,,,,,1,0.0,1.035
92,2026-01-04,,,,,,,1,0.0,0.7205555555555555
92,2026-01-06,,,,,,,1,0.0,0.9566666666666667
92,2026-01-10,,,,,,,1,0.0,0.9091666666666667
92,2026-01-11,,,,,,,1,0.0,1.0052777777777777
92,2026-01-13,,,,,,,1,0.0,0.8241666666666667
92,2026-01-15,,,,,,,1,0.0,0.9205555555555556
92,2026-01-24,,,,,,,1,0.0,0.45611111111111113
92,2026-01-29,,,,,,,1,0.0,0.5652777777777778
92,2026-01-31,,,,,,,1,0.0,1.5386111111111112
95,2024-10-24,10.6999998092651,42.0,60.0,,,,2,71.09,1.5163888888888888
95,2024-10-25,9.5,45.0,56.0,,,,4,94.88,2.2030555555555558
95,2024-10-26,7.13388872146606,43.0,67.0,,,,5,254.44,2.3469444444444445
95,2024-10-27,5.26666688919067,43.0,83.0,,,,1,5.28,0.49777777777777776
95,2024-10-28,9.03333377838135,45.0,59.0,,,,3,239.1,4.266666666666667
95,2024-10-29,5.03333330154419,41.0,69.0,,,,5,131.5,4.397222222222222
95,2024-10-30,8.19999980926514,42.0,67.0,,,,3,261.02,4.788055555555555
95,2024-10-31,8.16666698455811,41.0,57.0,,,,3,308.64,4.900833333333333
95,2024-11-01,6.46666669845581,44.0,62.0,,,,3,131.52,3.476111111111111
95,2024-11-02,7.88333320617676,42.0,55.0,,,,3,91.08,2.352222222222222
95,2024-11-03,7.53333330154419,42.0,53.0,,,,3,203.8,2.773888888888889
95,2024-11-04,8.13333320617676,41.0,63.0,,,,3,134.58,2.9811111111111113
95,2024-11-05,,46.0,,,,,3,111.4,2.5425
95,2024-11-06,7.09999990463257,43.0,58.0,,,,3,232.01,2.78
95,2024-11-07,8.56666660308838,47.0,63.0,,,,3,120.67,1.8858333333333333
95,2024-11-08,8.16666698455811,46.0,50.0,,,,4,98.72,2.431111111111111
95,2024-11-09,8.63333320617676,43.0,58.0,,,,2,41.27,0.7408333333333333
95,2024-11-10,4.06666660308838,48.0,55.0,,,,1,0.0,0.0
95,2024-11-11,9.16666698455811,43.0,52.0,,,,1,0.0,0.0
95,2024-11-12,5.11666679382324,51.0,47.0,,,,1,0.0,0.0
95,2024-11-13,7.90000009536743,45.0,55.0,,,,1,0.0,0.0
95,2024-11-14,9.25,43.0,86.0,,,,1,0.0,0.0
95,2024-11-15,8.93333339691162,44.0,90.0,,,,1,0.0,0.0
95,2024-11-16,7.94999980926514,44.0,90.0,,,,3,27.32,0.7955555555555556
95,2024-11-17,2.79999995231628,49.0,43.0,,,,1,0.0,0.0
95,2024-11-18,6.73333311080933,49.0,42.0,,,,3,162.85,3.358611111111111
95,2024-11-19,6.13333320617676,50.0,37.0,,,,3,143.86,2.9375
95,2024-11-20,8.21666622161865,50.0,67.0,,,,1,91.57,1.0
95,2024-11-21,6.71666669845581,50.0,65.0,,,,3,168.85,3.174166666666667
95,2024-11-22,7.33333349227905,57.0,65.0,,,,3,76.68,4.889166666666667
95,2024-11-23,6.83333349227905,46.0,78.0,,,,3,90.86,4.000277777777778
95,2024-11-24,4.46666669845581,55.0,45.0,,,,4,189.51,2.8136111111111113
95,2024-11-25,,50.0,,,,,3,235.05,3.8297222222222222
95,2024-11-26,6.94999980926514,45.0,87.0,,,,5,177.57,4.2652777777777775
95,2024-11-27,6.36666679382324,45.0,81.0,,,,0,0.0,0.0
95,2024-11-28,8.35000038146973,44.0,70.0,,,,1,69.84,0.9619444444444445
95,2024-11-29,6.76666688919067,52.0,75.0,,,,2,168.57,1.906388888888889
95,2024-11-30,8.33333301544189,49.0,90.0,,,,2,146.52,1.8763888888888889
95,2024-12-01,7.01138877868652,46.0,80.0,,,,3,125.97,2.930833333333333
95,2024-12-02,8.74472236633301,47.0,92.0,,,,2,189.25,2.641111111111111
95,2024-12-03,7.78333330154419,48.0,96.0,,,,3,158.69,4.3933333333333335
95,2024-12-04,7.40000009536743,46.0,79.0,,,,4,65.93,2.9452777777777777
95,2024-12-05,4.9088888168335,46.0,70.0,,,,3,196.35,2.366111111111111
95,2024-12-06,4.08333349227905,50.0,75.0,,,,4,188.71,5.435555555555555
95,2024-12-07,6.18333339691162,48.0,56.0,,,,7,194.12,8.361944444444445
95,2024-12-08,7.36666679382324,48.0,45.0,,,,2,115.99,3.0683333333333334
95,2024-12-09,5.81666660308838,48.0,53.0,,,,4,180.67,3.9716666666666667
95,2024-12-10,8.89999961853027,44.0,61.0,,,,3,147.43,4.648611111111111
95,2024-12-11,5.71666669845581,45.0,64.0,,,,3,114.23,3.9680555555555554
95,2024-12-12,7.5,43.0,69.0,,,,4,243.15,3.97
95,2024-12-13,5.46666669845581,45.0,56.0,,,,5,194.38,5.52
95,2024-12-14,7.48333311080933,48.0,48.0,,,,2,82.39,1.5202777777777778
95,2024-12-15,8.06666660308838,49.0,70.0,,,,3,199.59,4.139166666666667
95,2024-12-16,5.48333311080933,48.0,79.0,,,,3,244.73,3.256111111111111
95,2024-12-17,7.19999980926514,47.0,89.0,,,,3,226.9,4.761666666666667
95,2024-12-18,4.34999990463257,49.0,78.0,,,,3,126.49,3.8472222222222223
95,2024-12-19,8.16666698455811,47.0,85.0,,,,4,204.14,3.7708333333333335
95,2024-12-20,4.69999980926514,47.0,90.0,,,,3,192.99,3.8602777777777777
95,2024-12-21,7.05000019073486,44.0,84.0,,,,3,87.5,4.238611111111111
95,2024-12-22,6.75,49.0,75.0,,,,2,126.1,2.9058333333333333
95,2024-12-23,7.63333320617676,45.0,89.0,,,,4,167.13,5.129722222222222
95,2024-12-24,5.91666650772095,47.0,73.0,,,,3,204.91,4.576388888888889
95,2024-12-25,7.41666650772095,44.0,95.0,,,,1,42.49,0.9172222222222223
95,2024-12-26,7.5,48.0,95.0,,,,2,61.98,2.5169444444444444
95,2024-12-27,8.26666641235352,48.0,87.0,,,,4,262.53,5.5475
95,2024-12-28,8.006667137146,48.0,90.0,,,,3,260.5,5.595
95,2024-12-29,7.21666669845581,47.0,91.0,,,,3,144.56,1.8566666666666667
95,2024-12-30,4.34999990463257,48.0,76.0,,,,4,86.33,5.432777777777778
95,2024-12-31,6.83333349227905,50.0,83.0,,,,3,259.34,5.433055555555556
95,2025-01-01,6.05000019073486,47.0,81.0,,,,3,60.27,2.2294444444444443
95,2025-01-02,6.53333330154419,45.0,77.0,,,,3,193.77,3.706111111111111
95,2025-01-03,6.94999980926514,46.0,92.0,,,,7,163.02,4.2972222222222225
95,2025-01-04,6.69999980926514,43.0,92.0,,,,3,268.92,4.1241666666666665
95,2025-01-05,6.33333349227905,48.0,68.0,,,,2,17.16,3.5530555555555554
95,2025-01-06,7.13333320617676,46.0,77.0,,,,3,173.4,3.4094444444444445
95,2025-01-07,7.05000019073486,48.0,89.0,,,,4,194.42,4.272777777777778
95,2025-01-08,6.69999980926514,50.0,92.0,,,,5,250.2,5.333888888888889
95,2025-01-09,7.68333339691162,47.0,77.0,,,,4,180.14,3.6683333333333334
95,2025-01-10,7.43333339691162,46.0,72.0,,,,5,209.19,4.496111111111111
95,2025-01-11,6.80000019073486,51.0,84.0,,,,3,185.98,3.6744444444444446
95,2025-01-12,6.55000019073486,48.0,90.0,,,,3,217.47,3.3313888888888887
95,2025-01-13,6.96666669845581,47.0,56.0,,,,3,124.78,2.225
95,2025-01-14,8.43333339691162,46.0,75.0,,,,4,223.09,4.603611111111111
95,2025-01-15,7.91666650772095,47.0,95.0,,,,4,272.68,5.078888888888889
95,2025-01-16,7.34999990463257,48.0,86.0,,,,3,232.78,3.616388888888889
95,2025-01-17,7.53333330154419,47.0,86.0,,,,5,177.97,5.018055555555556
95,2025-01-18,7.21666669845581,47.0,85.0,,,,2,187.77,3.443611111111111
95,2025-01-19,8.03333377838135,42.0,79.0,,,,3,159.57,3.6144444444444446
95,2025-01-20,6.84999990463257,45.0,76.0,,,,3,212.95,4.3180555555555555
95,2025-01-21,7.26666688919067,43.0,88.0,,,,3,254.67,3.803611111111111
95,2025-01-22,6.53333330154419,47.0,82.0,,,,4,192.5,4.551666666666667
95,2025-01-23,7.30000019073486,44.0,81.0,,,,3,161.3,4.023055555555556
95,2025-01-24,7.23333311080933,44.0,82.0,,,,4,163.3,3.937777777777778
95,2025-01-25,7.75,44.0,71.0,,,,3,203.5,3.141111111111111
95,2025-01-26,6.94999980926514,46.0,63.0,,,,6,132.17,2.2625
95,2025-01-27,6.94999980926514,46.0,76.0,,,,2,127.07,1.9866666666666666
95,2025-01-28,8.18333339691162,45.0,74.0,,,,3,137.44,3.0636111111111113
95,2025-01-29,7.05000019073486,47.0,55.0,,,,4,284.18,3.981388888888889
95,2025-01-30,7.48333311080933,45.0,63.0,,,,2,183.61,2.32
95,2025-01-31,7.76666688919067,48.0,70.0,,,,4,164.18,3.8694444444444445
95,2025-02-01,8.73333358764648,43.0,77.0,,,,2,148.07,3.520277777777778
95,2025-02-02,7.16666650772095,45.0,67.0,,,,3,340.24,3.2691666666666666
95,2025-02-03,8.48333358764648,43.0,67.0,,,,3,122.09,4.170277777777778
95,2025-02-04,5.80000019073486,45.0,72.0,,,,5,279.63,4.864444444444445
95,2025-02-05,7.28333330154419,46.0,93.0,,,,4,174.23,5.399444444444445
95,2025-02-06,6.19999980926514,45.0,56.0,,,,3,124.06,4.8372222222222225
95,2025-02-07,7.18333339691162,43.0,65.0,,,,4,174.42,3.441388888888889
95,2025-02-08,8.78333377838135,42.0,84.0,,,,3,180.14,4.6305555555555555
95,2025-02-09,7.96666669845581,44.0,94.0,,,,2,176.05,2.83
95,2025-02-10,7.86666679382324,46.0,83.0,,,,3,155.48,3.8925
95,2025-02-11,7.19999980926514,43.0,82.0,,,,3,195.78,3.4830555555555556
95,2025-02-12,6.93333339691162,44.0,80.0,,,,4,171.84,5.375555555555556
95,2025-02-13,7.61666679382324,44.0,94.0,,,,3,164.22,4.3997222222222225
95,2025-02-14,6.31666660308838,44.0,71.0,,,,4,209.7,4.331666666666667
95,2025-02-15,6.25,47.0,66.0,,,,3,204.81,3.7494444444444444
95,2025-02-16,8.06666660308838,47.0,76.0,,,,2,126.86,2.944166666666667
95,2025-02-17,6.98333311080933,48.0,56.0,,,,3,195.5,4.005833333333333
95,2025-02-18,7.80000019073486,44.0,83.0,,,,3,179.14,3.6769444444444446
95,2025-02-19,7.48333311080933,45.0,86.0,,,,3,178.95,3.4880555555555555
95,2025-02-20,7.31666660308838,42.0,68.0,,,,3,209.49,4.272777777777778
95,2025-02-21,6.86666679382324,49.0,80.0,,,,5,170.08,4.401111111111111
95,2025-02-22,7.34999990463257,45.0,70.0,,,,2,150.17,3.4566666666666666
95,2025-02-23,6.76666688919067,47.0,78.0,,,,3,242.68,3.39
95,2025-02-24,8.35000038146973,45.0,75.0,,,,3,125.64,3.843611111111111
95,2025-02-25,6.88333320617676,44.0,79.0,,,,3,158.8,3.1619444444444444
95,2025-02-26,7.11666679382324,46.0,81.0,,,,3,173.09,3.763611111111111
95,2025-02-27,6.96666669845581,43.0,87.0,,,,3,192.44,3.937777777777778
95,2025-02-28,6.40000009536743,47.0,77.0,,,,4,248.98,4.378611111111111
95,2025-03-01,6.63333320617676,49.0,90.0,,,,2,185.45,3.5144444444444445
95,2025-03-02,7.03333330154419,46.0,82.0,,,,3,251.1,3.081111111111111
95,2025-03-03,7.94999980926514,47.0,60.0,,,,3,135.76,3.6622222222222223
95,2025-03-04,7.5,46.0,76.0,,,,3,152.69,3.2330555555555556
95,2025-03-05,7.61666679382324,47.0,84.0,,,,5,136.48,4.724722222222222
95,2025-03-06,7.05000019073486,44.0,80.0,,,,3,186.3,4.055833333333333
95,2025-03-07,8.25,46.0,84.0,,,,3,114.84,3.1458333333333335
95,2025-03-08,7.43333339691162,47.0,67.0,,,,3,212.19,3.84
95,2025-03-09,8.25,46.0,70.0,,,,3,195.24,5.356111111111111
95,2025-03-10,7.94999980926514,43.0,78.0,,,,3,172.21,3.951388888888889
95,2025-03-11,7.0,45.0,56.0,,,,3,206.21,4.081944444444445
95,2025-03-12,8.0,45.0,62.0,,,,2,153.03,1.0105555555555557
95,2025-03-13,7.40000009536743,45.0,54.0,,,,3,296.43,3.855277777777778
95,2025-03-14,9.19999980926514,45.0,68.0,,,,1,0.0,0.0
95,2025-03-15,6.84999990463257,43.0,59.0,,,,3,83.7,2.5294444444444446
95,2025-03-16,7.41666650772095,43.0,87.0,,,,3,188.63,2.9594444444444443
95,2025-03-17,7.73333311080933,42.0,81.0,,,,4,109.26,3.580277777777778
95,2025-03-18,7.40000009536743,43.0,78.0,,,,3,130.39,3.270277777777778
95,2025-03-19,7.68333339691162,45.0,81.0,,,,3,124.32,3.087222222222222
95,2025-03-20,6.51666688919067,46.0,65.0,,,,3,31.46,0.7383333333333333
95,2025-03-21,7.11666679382324,43.0,63.0,,,,4,50.32,1.4955555555555555
95,2025-03-22,6.59999990463257,46.0,74.0,,,,6,166.13,1.9055555555555554
95,2025-03-23,6.80000019073486,44.0,81.0,,,,1,54.26,0.9344444444444444
95,2025-03-24,7.43333339691162,45.0,71.0,,,,3,92.72,2.768611111111111
95,2025-03-25,7.36666679382324,43.0,67.0,,,,2,85.19,2.0475
95,2025-03-26,6.06666660308838,44.0,80.0,,,,3,112.99,2.03
95,2025-03-27,8.61666679382324,44.0,81.0,,,,3,58.6,1.4080555555555556
95,2025-03-28,8.19999980926514,44.0,91.0,,,,4,81.33,1.3230555555555557
95,2025-03-29,6.53333330154419,48.0,81.0,,,,1,38.3,0.7405555555555555
95,2025-03-30,7.80000019073486,46.0,82.0,,,,2,178.43,2.2352777777777777
95,2025-03-31,8.13333320617676,47.0,89.0,,,,3,144.05,3.4252777777777776
95,2025-04-01,6.80000019073486,45.0,72.0,,,,3,162.67,2.863888888888889
95,2025-04-02,6.86666679382324,46.0,80.0,,,,4,202.15,4.726666666666667
95,2025-04-03,7.80000019073486,43.0,69.0,,,,3,249.76,3.768611111111111
95,2025-04-04,8.0,46.0,77.0,,,,4,86.14,3.3644444444444446
95,2025-04-05,7.41666650772095,45.0,55.0,,,,4,277.3,5.455555555555556
95,2025-04-06,7.21666669845581,46.0,79.0,,,,2,88.58,1.4008333333333334
95,2025-04-07,8.19999980926514,47.0,67.0,,,,3,161.11,3.61
95,2025-04-08,8.18333339691162,46.0,73.0,,,,4,205.11,3.779166666666667
95,2025-04-09,8.21666622161865,43.0,84.0,,,,4,283.61,4.781944444444444
95,2025-04-10,7.16666650772095,42.0,73.0,,,,3,155.96,3.9830555555555556
95,2025-04-11,6.78333330154419,46.0,54.0,,,,5,132.55,3.1702777777777778
95,2025-04-12,7.19999980926514,46.0,59.0,,,,2,169.52,3.6191666666666666
95,2025-04-13,8.5,45.0,75.0,,,,4,197.43,2.8333333333333335
95,2025-04-14,7.76666688919067,45.0,71.0,,,,3,184.56,3.542777777777778
95,2025-04-15,7.75,46.0,53.0,,,,3,198.88,3.4786111111111113
95,2025-04-16,8.48333358764648,44.0,68.0,,,,4,188.21,4.622222222222222
95,2025-04-17,6.71666669845581,43.0,65.0,,,,3,139.49,3.5955555555555554
95,2025-04-18,8.39999961853027,44.0,70.0,,,,4,229.87,4.966666666666667
95,2025-04-19,6.16666650772095,44.0,61.0,,,,2,113.96,2.92
95,2025-04-20,7.53333330154419,46.0,75.0,,,,1,99.97,1.5719444444444444
95,2025-04-21,7.19999980926514,44.0,75.0,,,,3,214.78,3.713611111111111
95,2025-04-22,6.86666679382324,43.0,76.0,,,,3,151.85,3.437222222222222
95,2025-04-23,7.40000009536743,43.0,82.0,,,,4,181.53,4.731388888888889
95,2025-04-24,2.59999990463257,42.0,70.0,,,,3,157.89,3.9002777777777777
95,2025-04-25,7.66666650772095,46.0,66.0,,,,5,256.91,4.541111111111111
95,2025-04-26,8.16666698455811,45.0,66.0,,,,2,146.09,3.9705555555555554
95,2025-04-27,7.84999990463257,43.0,74.0,,,,2,192.83,2.7108333333333334
95,2025-04-28,7.11666679382324,44.0,56.0,,,,3,162.15,3.5433333333333334
95,2025-04-29,7.46666669845581,43.0,65.0,,,,3,161.55,3.125277777777778
95,2025-04-30,6.05,44.0,73.0,,,,3,178.27,4.137222222222222
95,2025-05-01,6.85,45.0,67.0,,,,3,151.0,4.2025
95,2025-05-02,7.03333333333333,43.0,61.0,,,,4,199.93,4.825277777777778
95,2025-05-03,8.0,45.0,50.0,,,,2,140.55,3.5419444444444443
95,2025-05-04,7.15,46.0,62.0,,,,3,146.64,3.2575
95,2025-05-05,8.23333333333333,45.0,71.0,,,,4,175.98,3.8119444444444444
95,2025-05-06,7.85,43.0,76.0,,,,3,248.54,3.2525
95,2025-05-07,6.36666666666667,44.0,64.0,,,,4,219.29,4.1
95,2025-05-08,7.18333333333333,43.0,76.0,,,,3,197.46,4.520277777777777
95,2025-05-09,7.61666666666667,46.0,67.0,,,,7,184.85,4.8775
95,2025-05-10,6.1,47.0,72.0,,,,2,128.32,3.723333333333333
95,2025-05-11,7.0,43.0,68.0,,,,3,162.23,3.754722222222222
95,2025-05-12,7.83333333333333,44.0,71.0,,,,3,149.56,3.2736111111111112
95,2025-05-13,6.88333333333333,42.0,64.0,,,,4,172.71,4.052777777777778
95,2025-05-14,6.33333333333333,43.0,74.0,,,,3,152.54,3.0069444444444446
95,2025-05-15,7.23333333333333,46.0,66.0,,,,5,226.04,4.888888888888889
95,2025-05-16,7.96666666666667,46.0,70.0,,,,3,130.63,2.9980555555555557
95,2025-05-17,6.15,45.0,54.0,,,,2,91.22,3.551388888888889
95,2025-05-18,8.36666666666667,43.0,74.0,,,,2,152.53,2.477222222222222
95,2025-05-19,8.23333333333333,46.0,60.0,,,,3,180.0,4.416388888888889
95,2025-05-20,6.95,45.0,60.0,,,,3,169.23,3.891111111111111
95,2025-05-21,6.7,42.0,81.0,,,,5,219.98,3.8133333333333335
95,2025-05-22,6.56666666666667,42.0,64.0,,,,3,178.25,4.31
95,2025-05-23,7.7,44.0,67.0,,,,4,114.39,2.5408333333333335
95,2025-05-24,4.3,45.0,58.0,,,,2,95.45,2.651666666666667
95,2025-05-25,8.1,41.0,76.0,,,,2,115.73,2.312222222222222
95,2025-05-26,7.51666666666667,46.0,55.0,,,,3,144.06,2.321388888888889
95,2025-05-27,6.09527777777778,42.0,52.0,,,,2,35.17,0.47583333333333333
95,2025-05-28,,43.0,,,,,4,78.33,2.1566666666666667
95,2025-05-29,9.06666666666667,43.0,67.0,,,,3,78.9,2.537777777777778
95,2025-05-30,8.45,43.0,56.0,,,,2,65.65,1.2280555555555555
95,2025-05-31,7.23333333333333,43.0,63.0,,,,3,57.65,1.6547222222222222
95,2025-06-01,6.33333333333333,43.0,69.0,,,,9,186.56,1.8419444444444444
95,2025-06-02,5.46666666666667,44.0,69.0,,,,6,147.51,3.2933333333333334
95,2025-06-03,7.48333333333333,46.0,51.0,,,,4,133.72,2.937777777777778
95,2025-06-04,8.15,43.0,76.0,,,,2,18.9,0.48583333333333334
95,2025-06-05,7.61666666666667,47.0,67.0,,,,4,116.14,2.387777777777778
95,2025-06-06,7.2,47.0,87.0,,,,3,53.73,1.406388888888889
95,2025-06-07,7.9,44.0,90.0,,,,6,147.81,2.7083333333333335
95,2025-06-08,5.61666666666667,49.0,65.0,,,,5,44.43,0.8338888888888889
95,2025-06-09,2.5,47.0,64.0,,,,4,67.59,1.7580555555555555
95,2025-06-10,,45.0,,,,,4,142.47,2.9491666666666667
95,2025-06-11,,43.0,,,,,4,246.62,4.203055555555555
95,2025-06-12,,48.0,,,,,3,169.55,2.9875
95,2025-06-13,4.22388888888889,50.0,76.0,,,,4,267.59,5.392222222222222
95,2025-06-14,4.31666666666667,50.0,76.0,,,,3,157.77,5.420555555555556
95,2025-06-15,8.53333333333333,50.0,71.0,,,,2,155.03,2.2016666666666667
95,2025-06-16,8.01666666666667,47.0,65.0,,,,3,186.15,4.1305555555555555
95,2025-06-17,8.9,48.0,82.0,,,,3,177.02,3.816388888888889
95,2025-06-18,7.91666666666667,50.0,83.0,,,,3,134.64,3.82
95,2025-06-19,8.0,49.0,72.0,,,,3,217.29,4.9527777777777775
95,2025-06-20,7.93333333333333,50.0,76.0,,,,3,163.55,3.6066666666666665
95,2025-06-21,7.7,48.0,84.0,,,,2,189.95,4.293333333333333
95,2025-06-22,7.93333333333333,50.0,82.0,,,,2,229.32,2.459722222222222
95,2025-06-23,7.96666666666667,48.0,62.0,,,,3,246.95,4.424722222222222
95,2025-06-24,8.11666666666667,47.0,65.0,,,,4,167.5,3.5075
95,2025-06-25,7.46666666666667,46.0,66.0,,,,3,106.88,3.6455555555555557
95,2025-06-26,7.33333333333333,47.0,74.0,,,,3,260.0,4.913333333333333
95,2025-06-27,6.91666666666667,48.0,70.0,,,,4,144.07,3.7552777777777777
95,2025-06-28,6.48333333333333,47.0,63.0,,,,2,156.72,3.9052777777777776
95,2025-06-29,5.5,49.0,73.0,,,,2,163.15,2.5791666666666666
95,2025-06-30,8.23333333333333,48.0,72.0,,,,3,107.75,4.049722222222222
95,2025-07-01,8.1,48.0,69.0,,,,4,158.07,2.8544444444444443
95,2025-07-02,7.26666666666667,48.0,68.0,,,,3,90.78,3.700277777777778
95,2025-07-03,6.95,49.0,76.0,,,,2,157.6,2.5116666666666667
95,2025-07-04,8.1,47.0,66.0,,,,4,182.1,3.0255555555555556
95,2025-07-05,6.93333333333333,47.0,59.0,,,,2,223.78,4.255277777777778
95,2025-07-06,7.68333333333333,46.0,73.0,,,,2,172.44,2.459722222222222
95,2025-07-07,7.15,45.0,64.0,,,,3,138.54,3.006666666666667
95,2025-07-08,7.23333333333333,46.0,64.0,,,,3,117.64,3.112222222222222
95,2025-07-09,4.9,48.0,67.0,,,,1,0.0,0.0
95,2025-07-10,3.98333333333333,46.0,70.0,,,,2,63.26,1.3566666666666667
95,2025-07-11,6.35,44.0,91.0,,,,3,59.5,1.6016666666666666
95,2025-07-12,9.9825,43.0,89.0,,,,5,65.92,1.2169444444444444
95,2025-07-13,7.15,46.0,63.0,,,,3,99.96,2.2172222222222224
95,2025-07-14,4.06666666666667,42.0,62.0,,,,3,118.18,3.305277777777778
95,2025-07-15,6.96666666666667,43.0,74.0,,,,3,111.12,2.7913888888888887
95,2025-07-16,2.95,42.0,52.0,,,,2,95.88,1.6011111111111112
95,2025-07-17,8.26666666666667,43.0,79.0,,,,3,79.3,1.5569444444444445
95,2025-07-18,6.83333333333333,42.0,85.0,,,,3,57.46,1.8138888888888889
95,2025-07-19,9.13333333333333,41.0,79.0,,,,5,85.93,1.6713888888888888
95,2025-07-20,5.3,44.0,66.0,,,,1,0.0,0.0
95,2025-07-21,6.35,47.0,55.0,,,,3,183.07,3.862222222222222
95,2025-07-22,6.11472222222222,46.0,78.0,,,,4,167.18,4.035833333333334
95,2025-07-23,7.66666666666667,47.0,79.0,,,,4,161.63,3.792222222222222
95,2025-07-24,6.18333333333333,48.0,61.0,,,,3,190.1,4.772222222222222
95,2025-07-25,7.25,48.0,74.0,,,,4,167.3,3.805833333333333
95,2025-07-26,7.78333333333333,44.0,75.0,,,,2,198.64,4.7508333333333335
95,2025-07-27,7.91666666666667,45.0,80.0,,,,2,181.37,2.6533333333333333
95,2025-07-28,4.98333333333333,45.0,74.0,,,,3,214.65,4.1525
95,2025-07-29,7.01666666666667,45.0,57.0,,,,3,154.13,3.4183333333333334
95,2025-07-30,3.33333333333333,47.0,74.0,,,,3,110.31,3.3533333333333335
95,2025-07-31,4.08333333333333,47.0,64.0,,,,3,215.77,5.91
95,2025-08-01,7.46666666666667,46.0,77.0,,,,3,195.92,3.9575
95,2025-08-02,6.4875,46.0,77.0,,,,2,150.84,3.796666666666667
95,2025-08-03,7.7,46.0,71.0,,,,2,84.2,1.851388888888889
95,2025-08-04,7.53333333333333,49.0,59.0,,,,3,122.26,2.5280555555555555
95,2025-08-05,8.62555555555556,46.0,74.0,,,,3,91.72,2.538611111111111
95,2025-08-06,5.81666666666667,44.0,70.0,,,,2,61.85,1.6961111111111111
95,2025-08-07,7.24444444444444,47.0,73.0,,,,3,56.12,1.4358333333333333
95,2025-08-08,8.56666666666667,47.0,75.0,,,,3,58.3,1.7022222222222223
95,2025-08-09,7.46666666666667,48.0,83.0,,,,5,79.84,1.863611111111111
95,2025-08-10,5.25,48.0,88.0,,,,2,70.66,1.2752777777777777
95,2025-08-11,6.43333333333333,46.0,72.0,,,,3,204.99,3.8841666666666668
95,2025-08-12,8.25,46.0,68.0,,,,4,191.8,4.538333333333333
95,2025-08-13,7.06666666666667,48.0,73.0,,,,5,185.37,4.705555555555556
95,2025-08-14,6.98333333333333,47.0,70.0,,,,3,168.43,3.722777777777778
95,2025-08-15,6.55,47.0,72.0,,,,4,125.14,1.6219444444444444
95,2025-08-16,2.13333333333333,45.0,68.0,,,,3,67.9,0.7858333333333334
95,2025-08-17,7.5,42.0,78.0,,,,5,133.14,3.087222222222222
95,2025-08-18,7.61666666666667,44.0,73.0,,,,5,70.94,1.8288888888888888
95,2025-08-19,7.86666666666667,42.0,76.0,,,,6,74.85,1.9641666666666666
95,2025-08-20,7.75,45.0,51.0,,,,10,182.62,2.9125
95,2025-08-21,4.88333333333333,45.0,67.0,,,,6,62.8,1.8280555555555555
95,2025-08-22,6.09388888888889,44.0,68.0,,,,5,58.34,1.093888888888889
95,2025-08-23,5.36027777777778,48.0,66.0,,,,4,57.47,1.131388888888889
95,2025-08-24,6.5,45.0,64.0,,,,3,144.73,1.231111111111111
95,2025-08-25,6.71666666666667,44.0,58.0,,,,2,53.75,0.7197222222222223
95,2025-08-26,5.9,43.0,70.0,,,,4,93.8,1.9983333333333333
95,2025-08-27,5.08333333333333,47.0,60.0,,,,2,75.43,1.6327777777777779
95,2025-08-28,5.16666666666667,48.0,88.0,,,,4,205.38,4.543333333333333
95,2025-08-29,6.36666666666667,47.0,85.0,,,,4,204.35,3.763333333333333
95,2025-08-30,8.38333333333333,46.0,83.0,,,,3,208.4,4.427222222222222
95,2025-08-31,7.95,46.0,82.0,,,,3,277.38,3.7358333333333333
95,2025-09-01,6.4,45.0,78.0,,,,3,123.91,3.4702777777777776
95,2025-09-02,5.76666666666667,45.0,81.0,,,,5,247.18,4.003055555555555
95,2025-09-03,8.76666666666667,48.0,85.0,,,,4,313.32,4.826388888888889
95,2025-09-04,8.06666666666667,47.0,81.0,,,,4,256.15,6.1175
95,2025-09-05,3.93333333333333,47.0,78.0,,,,4,157.15,2.812777777777778
95,2025-09-06,6.81666666666667,46.0,88.0,,,,3,191.91,5.25
95,2025-09-07,6.49166666666667,46.0,91.0,,,,5,321.38,5.069166666666667
95,2025-09-08,6.81666666666667,42.0,51.0,,,,4,172.52,4.646944444444444
95,2025-09-09,6.16666666666667,43.0,68.0,,,,5,252.7,4.315277777777778
95,2025-09-10,6.73333333333333,44.0,58.0,,,,4,217.25,5.227222222222222
95,2025-09-11,7.4,43.0,70.0,,,,4,196.41,6.796388888888889
95,2025-09-12,7.11666666666667,43.0,58.0,,,,4,238.53,3.7105555555555556
95,2025-09-13,7.13333333333333,44.0,64.0,,,,3,234.7,4.956111111111111
95,2025-09-14,7.95,42.0,77.0,,,,3,371.45,4.883333333333334
95,2025-09-15,7.11666666666667,43.0,61.0,,,,4,236.26,5.176944444444445
95,2025-09-16,7.98333333333333,44.0,59.0,,,,4,212.67,3.5452777777777778
95,2025-09-17,7.88333333333333,42.0,85.0,,,,5,254.95,4.916944444444445
95,2025-09-18,6.18333333333333,44.0,54.0,,,,4,346.1,7.381944444444445
95,2025-09-19,7.25,41.0,71.0,,,,5,405.67,6.0325
95,2025-09-20,5.86666666666667,44.0,51.0,,,,5,249.5,4.634722222222222
95,2025-09-21,6.78333333333333,45.0,46.0,,,,3,186.57,4.520833333333333
95,2025-09-22,8.85,43.0,65.0,,,,4,269.64,5.515833333333333
95,2025-09-23,7.7,45.0,50.0,,,,4,217.63,3.680833333333333
95,2025-09-24,6.6,43.0,64.0,,,,6,213.86,5.146388888888889
95,2025-09-25,6.76666666666667,48.0,57.0,,,,4,245.93,4.977222222222222
95,2025-09-26,8.36666666666667,43.0,69.0,,,,5,228.88,5.468333333333334
95,2025-09-27,6.93333333333333,42.0,72.0,,,,4,263.59,6.908611111111111
95,2025-09-28,4.4,41.0,100.0,,,,4,364.5,5.827222222222222
95,2025-09-29,7.93333333333333,44.0,88.0,,,,4,246.47,4.644166666666667
95,2025-09-30,7.23333333333333,44.0,76.0,,,,4,229.05,4.5377777777777775
95,2025-10-01,6.65,46.0,80.0,,,,5,330.44,5.446666666666666
95,2025-10-02,7.73333333333333,44.0,70.0,,,,4,293.81,4.619722222222222
95,2025-10-03,6.98333333333333,46.0,50.0,,,,5,253.97,4.6725
95,2025-10-04,7.26666666666667,44.0,70.0,,,,3,187.21,4.7411111111111115
95,2025-10-05,7.4,44.0,84.0,,,,3,298.05,4.66
95,2025-10-06,7.31666666666667,44.0,61.0,,,,5,157.51,2.498611111111111
95,2025-10-07,6.05,48.0,69.0,,,,2,31.63,0.5697222222222222
95,2025-10-08,,49.0,,,,,3,152.65,2.051388888888889
95,2025-10-09,6.83333333333333,48.0,59.0,,,,4,220.97,3.9277777777777776
95,2025-10-10,8.01666666666667,48.0,71.0,,,,4,149.54,3.817222222222222
95,2025-10-11,8.25,46.0,73.0,,,,4,271.52,5.183333333333334
95,2025-10-12,6.76666666666667,45.0,71.0,,,,4,181.75,3.3044444444444445
95,2025-10-13,7.31666666666667,45.0,58.0,,,,4,123.45,2.8580555555555556
95,2025-10-14,8.03333333333333,44.0,75.0,,,,4,121.62,1.9619444444444445
95,2025-10-15,7.15,44.0,77.0,,,,3,57.77,1.6294444444444445
95,2025-10-16,8.45,44.0,69.0,,,,4,91.89,2.0994444444444444
95,2025-10-17,7.4,46.0,82.0,,,,6,105.67,3.4980555555555557
95,2025-10-18,7.51666666666667,46.0,75.0,,,,3,20.17,0.48583333333333334
95,2025-10-19,6.7,43.0,69.0,,,,2,100.41,1.4916666666666667
95,2025-10-20,1.48333333333333,49.0,60.0,,,,2,62.82,1.3883333333333334
95,2025-10-21,,45.0,,,,,3,179.44,3.0369444444444444
95,2025-10-22,7.6,45.0,64.0,,,,4,152.6,4.4447222222222225
95,2025-10-23,6.25,45.0,82.0,,,,4,170.37,3.986388888888889
95,2025-10-24,7.68333333333333,47.0,59.0,,,,4,105.38,3.745833333333333
95,2025-10-25,7.83333333333333,46.0,53.0,,,,3,61.96,4.4991666666666665
95,2025-10-26,7.75,46.0,65.0,,,,2,133.82,2.3963888888888887
95,2025-10-27,8.11666666666667,47.0,62.0,,,,2,109.34,1.51
95,2025-10-28,2.76666666666667,50.0,71.0,,,,3,101.91,1.5305555555555554
95,2025-10-29,8.91666666666667,43.0,59.0,,,,4,107.05,0.6241666666666666
95,2025-10-30,7.43333333333333,45.0,49.0,,,,4,156.44,3.8577777777777778
95,2025-10-31,9.26666666666667,45.0,63.0,,,,3,52.45,1.7155555555555555
95,2025-11-01,8.66666666666667,45.0,59.0,,,,4,83.8,2.165277777777778
95,2025-11-02,3.11555555555556,47.0,44.0,,,,4,120.55,1.6352777777777778
95,2025-11-03,,45.0,,,,,1,25.02,0.48055555555555557
95,2025-11-04,7.95,45.0,57.0,,,,3,106.77,2.942222222222222
95,2025-11-05,,94.0,,,,,3,110.61,2.7230555555555553
95,2025-11-06,,,,,,,3,113.34,1.8802777777777777
95,2025-11-07,,,,,,,3,73.5,1.7952777777777778
95,2025-11-08,,,,,,,3,89.29,1.4305555555555556
95,2025-11-09,,,,,,,7,64.69,2.1694444444444443
95,2025-11-10,,,,,,,2,45.95,1.4008333333333334
95,2025-11-11,,,,,,,2,63.05,1.6630555555555555
95,2025-11-12,,,,,,,3,119.47,3.147222222222222
95,2025-11-13,,,,,,,3,98.32,2.585277777777778
95,2025-11-14,,,,,,,3,181.31,1.5888888888888888
95,2025-11-15,,,,,,,3,121.66,1.265
95,2025-11-16,,,,,,,3,72.72,1.0980555555555556
95,2025-11-17,,,,,,,1,0.0,0.0
95,2025-11-18,,48.0,,,,,3,172.66,3.7441666666666666
95,2025-11-19,9.51666666666667,47.0,,,,,4,254.9,4.545277777777778
95,2025-11-20,7.7,46.0,,,,,3,134.7,2.828611111111111
95,2025-11-21,5.15,44.0,,,,,3,178.13,3.7644444444444445
95,2025-11-22,5.71666666666667,44.0,,,,,2,232.96,5.4725
95,2025-11-23,,48.0,,,,,4,253.79,5.923055555555556
95,2025-11-24,7.13333333333333,45.0,44.0,,,,3,269.91,3.051111111111111
95,2025-11-25,9.1,44.0,71.0,,,,3,259.29,5.230833333333333
95,2025-11-26,7.93333333333333,44.0,76.0,,,,4,128.41,2.9180555555555556
95,2025-11-27,6.51666666666667,43.0,56.0,,,,2,166.27,1.3908333333333334
95,2025-11-28,5.95,50.0,32.0,,,,3,109.58,1.426388888888889
95,2025-11-29,7.25,46.0,56.0,,,,3,71.63,1.576111111111111
95,2025-11-30,6.47111111111111,45.0,45.0,,,,2,150.69,1.518888888888889
95,2025-12-01,7.06666666666667,46.0,68.0,,,,3,150.71,2.277222222222222
95,2025-12-02,8.2,45.0,63.0,,,,3,147.72,2.495833333333333
95,2025-12-03,9.25,45.0,46.0,,,,3,132.21,1.9961111111111112
95,2025-12-04,7.5,45.0,59.0,,,,3,140.65,2.913611111111111
95,2025-12-05,9.21666666666667,45.0,66.0,,,,3,93.69,1.3258333333333334
95,2025-12-06,6.71666666666667,45.0,50.0,,,,3,70.07,1.885
95,2025-12-07,,49.0,,,,,3,339.21,3.6641666666666666
95,2025-12-08,7.31666666666667,46.0,87.0,,,,3,22.6,0.48333333333333334
95,2025-12-09,6.0,46.0,44.0,,,,2,0.0,0.7888888888888889
95,2025-12-10,6.88333333333333,44.0,43.0,,,,1,0.0,0.0
95,2025-12-11,6.03333333333333,43.0,63.0,,,,1,0.0,0.0
95,2025-12-12,7.65,43.0,76.0,,,,2,0.0,0.0
95,2025-12-13,7.91666666666667,42.0,80.0,,,,1,0.0,0.0
95,2025-12-14,6.61666666666667,43.0,83.0,,,,2,67.29,1.1127777777777779
95,2025-12-15,7.91666666666667,43.0,88.0,,,,3,134.22,2.9775
95,2025-12-16,7.05,46.0,77.0,,,,3,206.43,3.233888888888889
95,2025-12-17,4.8,47.0,71.0,,,,5,71.06,6.904166666666667
95,2025-12-18,6.6,47.0,75.0,,,,4,142.47,4.739444444444445
95,2025-12-19,7.43333333333333,46.0,85.0,,,,3,175.49,2.7488888888888887
95,2025-12-20,6.66666666666667,49.0,76.0,,,,3,194.5,3.547222222222222
95,2025-12-21,6.51666666666667,48.0,81.0,,,,1,60.85,1.3388888888888888
95,2025-12-22,7.98333333333333,46.0,81.0,,,,4,224.02,3.2908333333333335
95,2025-12-23,5.33333333333333,47.0,68.0,,,,4,183.52,4.798333333333333
95,2025-12-24,4.91666666666667,48.0,75.0,,,,2,111.26,1.9022222222222223
95,2025-12-25,6.78333333333333,45.0,52.0,,,,1,43.71,0.6158333333333333
95,2025-12-26,4.79888888888889,46.0,85.0,,,,2,36.14,1.9736111111111112
95,2025-12-27,7.06666666666667,44.0,96.0,,,,2,175.02,2.249722222222222
95,2025-12-28,6.83333333333333,47.0,92.0,,,,4,312.36,5.256666666666667
95,2025-12-29,5.93333333333333,48.0,83.0,,,,3,234.28,3.433611111111111
95,2025-12-30,6.2,46.0,77.0,,,,3,172.21,4.4675
95,2025-12-31,5.3,45.0,73.0,,,,3,184.52,3.698611111111111
95,2026-01-01,6.33333333333333,47.0,62.0,,,,2,126.1,2.793888888888889
95,2026-01-02,6.76666666666667,46.0,68.0,,,,4,208.42,3.173611111111111
95,2026-01-03,6.5,43.0,75.0,,,,3,132.03,2.808333333333333
95,2026-01-04,7.68333333333333,43.0,68.0,,,,2,158.03,3.6397222222222223
95,2026-01-05,6.4,46.0,74.0,,,,4,233.89,3.1475
95,2026-01-06,5.25,47.0,68.0,,,,3,168.82,3.7055555555555557
95,2026-01-07,5.95,45.0,62.0,,,,4,129.29,2.733888888888889
95,2026-01-08,7.18333333333333,45.0,63.0,,,,3,146.24,2.8125
95,2026-01-09,7.5,45.0,72.0,,,,4,0.0,0.0
95,2026-01-10,7.91666666666667,46.0,75.0,,,,2,156.55,3.936111111111111
95,2026-01-11,,49.0,,,,,4,255.86,4.458055555555555
95,2026-01-12,6.61666666666667,44.0,56.0,,,,3,169.6,3.2505555555555556
95,2026-01-13,7.1,44.0,47.0,,,,3,168.63,3.5258333333333334
95,2026-01-14,7.33333333333333,42.0,66.0,,,,4,243.69,4.416944444444445
95,2026-01-15,6.85,44.0,52.0,,,,3,171.64,4.118333333333333
95,2026-01-16,6.25,44.0,48.0,,,,4,207.03,3.858888888888889
95,2026-01-17,8.2,44.0,48.0,,,,2,282.1,5.385555555555555
95,2026-01-18,7.94222222222222,45.0,76.0,,,,3,219.54,2.971111111111111
95,2026-01-19,6.66666666666667,46.0,41.0,,,,3,142.63,3.5722222222222224
95,2026-01-20,6.95,43.0,58.0,,,,3,203.48,3.8944444444444444
95,2026-01-21,7.11666666666667,43.0,55.0,,,,4,148.23,4.661944444444444
95,2026-01-22,8.21666666666667,45.0,62.0,,,,4,180.54,3.911388888888889
95,2026-01-23,7.38194444444445,47.0,51.0,,,,4,242.88,3.9619444444444443
95,2026-01-24,7.33333333333333,45.0,65.0,,,,2,167.65,4.6
95,2026-01-25,7.65,46.0,75.0,,,,3,200.01,3.595833333333333
95,2026-01-26,7.18333333333333,44.0,70.0,,,,3,199.2,3.8136111111111113
95,2026-01-27,6.61666666666667,46.0,59.0,,,,3,184.5,3.5733333333333333
95,2026-01-28,7.23333333333333,46.0,62.0,,,,4,196.8,5.635277777777778
95,2026-01-29,6.96666666666667,44.0,71.0,,,,3,264.65,4.6375
95,2026-01-30,7.7,46.0,63.0,,,,4,237.05,4.7625
95,2026-01-31,7.93333333333333,46.0,77.0,,,,2,140.62,4.610555555555556
95,2026-02-01,7.8,45.0,82.0,,,,3,239.32,3.2919444444444443
95,2026-02-02,7.41666666666667,45.0,82.0,,,,3,171.87,3.49
95,2026-02-03,7.16527777777778,45.0,73.0,,,,3,163.21,3.1544444444444446
95,2026-02-04,7.63333333333333,45.0,96.0,,,,4,227.01,5.629722222222222
95,2026-02-05,7.63333333333333,41.0,68.0,,,,3,234.37,4.104722222222223
95,2026-02-06,7.51666666666667,46.0,71.0,,,,4,151.07,4.463611111111111
95,2026-02-07,8.4,45.0,81.0,,,,2,186.93,4.323888888888889
95,2026-02-08,6.72055555555556,49.0,88.0,,,,4,289.15,4.214444444444444
95,2026-02-09,7.21666666666667,46.0,81.0,,,,3,153.05,3.6280555555555556
95,2026-02-10,7.31388888888889,44.0,83.0,,,,3,201.82,5.026388888888889
95,2026-02-11,6.63333333333333,44.0,82.0,,,,4,185.22,4.526944444444444
95,2026-02-12,6.68333333333333,45.0,75.0,,,,3,299.35,4.8125
95,2026-02-13,7.81666666666667,48.0,63.0,,,,4,186.96,4.379166666666666
95,2026-02-14,7.78333333333333,44.0,71.0,,,,2,224.28,4.723888888888889
95,2026-02-15,6.2,49.0,76.0,,,,2,218.28,3.3305555555555557
95,2026-02-16,6.73333333333333,50.0,67.0,,,,3,181.47,3.4827777777777778
95,2026-02-17,6.06666666666667,50.0,56.0,,,,3,241.79,4.691388888888889
95,2026-02-18,7.31666666666667,46.0,87.0,,,,5,208.08,4.2775
95,2026-02-19,7.65,44.0,70.0,,,,3,284.84,4.568611111111111
95,2026-02-20,6.86666666666667,47.0,67.0,,,,4,233.69,4.288888888888889
95,2026-02-21,6.66666666666667,44.0,64.0,,,,2,198.33,5.513055555555556
95,2026-02-22,7.8,44.0,77.0,,,,3,296.1,3.781111111111111
95,2026-02-23,7.06666666666667,46.0,75.0,,,,3,218.16,3.278888888888889
95,2026-02-24,6.95,44.0,72.0,,,,3,189.33,3.4202777777777778
95,2026-02-25,7.23333333333333,45.0,82.0,,,,4,196.81,5.418055555555555
95,2026-02-26,6.75,43.0,75.0,,,,3,260.05,4.341944444444445
95,2026-02-27,7.51666666666667,46.0,73.0,,,,4,221.4,4.641944444444444
95,2026-02-28,6.61666666666667,43.0,78.0,,,,2,220.14,3.484722222222222
95,2026-03-01,6.98333333333333,45.0,84.0,,,,3,182.97,3.0080555555555555
95,2026-03-02,7.01666666666667,43.0,62.0,,,,3,198.66,3.2352777777777777
95,2026-03-03,7.8,44.0,76.0,,,,3,209.91,3.605277777777778
95,2026-03-04,8.03333333333333,44.0,93.0,,,,4,203.39,4.233611111111111
95,2026-03-05,6.51666666666667,43.0,69.0,,,,3,206.28,3.58
95,2026-03-06,7.13333333333333,44.0,67.0,,,,5,165.84,4.399166666666667
95,2026-03-07,8.15,45.0,81.0,,,,2,139.47,3.578888888888889
95,2026-03-08,7.95,44.0,88.0,,,,4,228.22,3.3294444444444444
95,2026-03-09,7.68333333333333,43.0,82.0,,,,4,204.82,3.68
95,2026-03-10,7.1,44.0,83.0,,,,3,145.75,3.0094444444444446
95,2026-03-11,7.58333333333333,42.0,86.0,,,,2,100.93,1.2361111111111112
95,2026-03-12,7.41666666666667,46.0,65.0,,,,3,138.75,2.3425
95,2026-03-13,6.5,44.0,78.0,,,,3,65.8,1.216388888888889
95,2026-03-14,7.0,41.0,84.0,,,,5,80.05,1.2794444444444444
95,2026-03-15,6.73333333333333,42.0,83.0,,,,4,317.79,3.6172222222222223
95,2026-03-16,7.45,45.0,94.0,,,,2,68.51,0.9366666666666666
95,2026-03-17,6.4,41.0,80.0,,,,3,181.33,3.0944444444444446
95,2026-03-18,6.85,44.0,60.0,,,,4,180.15,4.052222222222222
95,2026-03-19,7.36666666666667,45.0,89.0,,,,3,180.74,2.6841666666666666
95,2026-03-20,8.51666666666667,44.0,91.0,,,,4,227.16,3.986666666666667
95,2026-03-21,7.25,43.0,99.0,,,,2,155.04,3.997777777777778
95,2026-03-22,7.08333333333333,44.0,96.0,,,,2,183.93,2.1180555555555554
95,2026-03-23,7.65,43.0,86.0,,,,3,150.76,3.4166666666666665
97,2024-12-26,,,,,,,3,0.0,3.265
97,2024-12-27,,,,,,,4,0.0,3.606388888888889
97,2024-12-28,,,,,,,3,0.0,3.7794444444444446
97,2024-12-29,,,,,,,4,0.0,4.2988888888888885
97,2024-12-30,,,,,,,5,0.0,3.9830555555555556
97,2024-12-31,,,,,,,4,0.0,5.3
97,2025-01-01,,,,,,,3,0.0,3.298888888888889
97,2025-01-02,,,,,,,3,0.0,2.9569444444444444
97,2025-01-03,,,,,,,4,0.0,3.4425
97,2025-01-04,,,,,,,2,0.0,3.562777777777778
97,2025-01-05,,,,,,,3,0.0,2.3144444444444443
97,2025-01-06,,,,,,,4,0.0,2.9386111111111113
97,2025-01-07,,,,,,,3,0.0,3.4794444444444443
97,2025-01-08,,,,,,,4,0.0,3.2955555555555556
97,2025-01-09,,,,,,,3,0.0,2.766388888888889
97,2025-01-10,,,,,,,4,0.0,2.8783333333333334
97,2025-01-11,,,,,,,1,0.0,2.973333333333333
97,2025-01-12,,,,,,,3,0.0,2.7191666666666667
97,2025-01-13,,,,,,,2,0.0,1.0547222222222221
97,2025-01-14,,,,,,,4,0.0,3.3713888888888888
97,2025-01-15,,,,,,,4,0.0,3.8383333333333334
97,2025-01-16,,,,,,,4,0.0,2.461388888888889
97,2025-01-17,,,,,,,4,0.0,3.2605555555555554
97,2025-01-18,,,,,,,2,0.0,3.431111111111111
97,2025-01-19,,,,,,,3,0.0,2.3761111111111113
97,2025-01-20,,,,,,,4,0.0,3.6216666666666666
97,2025-01-21,,,,,,,3,0.0,3.2913888888888887
97,2025-01-22,,,,,,,4,0.0,3.133888888888889
97,2025-01-23,,,,,,,3,0.0,2.7952777777777778
97,2025-01-24,,,,,,,4,0.0,3.5541666666666667
97,2025-01-25,,,,,,,2,0.0,3.358888888888889
97,2025-01-26,,,,,,,3,0.0,2.7680555555555557
97,2025-01-27,,,,,,,3,0.0,1.7758333333333334
97,2025-01-28,,,,,,,3,0.0,2.9325
97,2025-01-29,,,,,,,4,0.0,2.715
97,2025-01-30,,,,,,,3,0.0,2.8355555555555556
97,2025-01-31,,,,,,,4,0.0,2.9275
97,2025-02-01,,,,,,,2,0.0,3.4825
97,2025-02-02,,,,,,,3,0.0,2.5833333333333335
97,2025-02-03,,,,,,,4,0.0,3.2005555555555554
97,2025-02-04,,,,,,,3,0.0,2.8833333333333333
97,2025-02-05,,,,,,,4,0.0,4.32
97,2025-02-06,,,,,,,3,0.0,2.653611111111111
97,2025-02-07,,,,,,,4,0.0,3.3569444444444443
97,2025-02-08,,,,,,,3,0.0,3.9194444444444443
97,2025-02-09,,,,,,,3,0.0,2.3002777777777776
97,2025-02-10,,,,,,,4,0.0,3.1302777777777777
97,2025-02-11,,,,,,,4,0.0,2.8472222222222223
97,2025-02-12,,,,,,,4,0.0,4.383611111111111
97,2025-02-13,,,,,,,3,0.0,3.2144444444444447
97,2025-02-14,,,,,,,4,0.0,3.6366666666666667
97,2025-02-15,,,,,,,3,0.0,3.732222222222222
97,2025-02-16,,,,,,,2,0.0,0.5163888888888889
97,2025-02-17,,,,,,,3,0.0,1.3705555555555555
97,2025-02-18,,,,,,,3,0.0,2.523888888888889
97,2025-02-19,,,,,,,4,0.0,2.5669444444444443
97,2025-02-20,,,,,,,3,0.0,1.97
97,2025-02-21,,,,,,,3,0.0,2.1330555555555555
97,2025-02-22,,,,,,,4,0.0,1.2627777777777778
97,2025-02-23,,,,,,,2,0.0,0.6136111111111111
97,2025-02-24,,,,,,,3,0.0,0.38666666666666666
97,2025-02-25,,,,,,,3,0.0,2.951111111111111
97,2025-02-26,,,,,,,4,0.0,3.0969444444444445
97,2025-02-27,,,,,,,3,0.0,2.700833333333333
97,2025-02-28,,,,,,,4,0.0,3.2825
97,2025-03-01,,,,,,,2,0.0,3.5205555555555557
97,2025-03-02,,,,,,,3,0.0,2.1619444444444444
97,2025-03-03,,,,,,,4,0.0,2.361666666666667
97,2025-03-04,,,,,,,3,0.0,2.535277777777778
97,2025-03-05,,,,,,,4,0.0,3.705
97,2025-03-06,,,,,,,3,0.0,2.936111111111111
97,2025-03-07,,,,,,,3,0.0,2.5391666666666666
97,2025-03-08,,,,,,,3,0.0,1.8663888888888889
97,2025-03-09,,,,,,,3,0.0,4.076666666666667
97,2025-03-10,,,,,,,4,0.0,3.1366666666666667
97,2025-03-11,,,,,,,4,0.0,3.286388888888889
97,2025-03-12,,,,,,,4,0.0,3.0372222222222223
97,2025-03-13,,,,,,,3,0.0,2.5525
97,2025-03-14,,,,,,,4,0.0,3.343888888888889
97,2025-03-15,,,,,,,3,0.0,2.6344444444444446
97,2025-03-16,,,,,,,3,0.0,2.3633333333333333
97,2025-03-17,,,,,,,4,0.0,2.725277777777778
97,2025-03-18,,,,,,,3,0.0,2.513888888888889
97,2025-03-19,,,,,,,3,0.0,3.194166666666667
97,2025-03-20,,,,,,,3,0.0,0.4686111111111111
97,2025-03-21,,,,,,,3,0.0,1.0305555555555554
97,2025-03-22,,,,,,,3,0.0,1.1058333333333332
97,2025-03-23,,,,,,,1,0.0,1.021388888888889
97,2025-03-24,,,,,,,3,0.0,2.3269444444444445
97,2025-03-25,,,,,,,2,0.0,1.5877777777777777
97,2025-03-26,,,,,,,3,0.0,1.4791666666666667
97,2025-03-27,,,,,,,4,0.0,1.2477777777777779
97,2025-03-28,,,,,,,3,0.0,1.115
97,2025-03-29,,,,,,,1,0.0,0.6911111111111111
97,2025-03-30,,,,,,,3,0.0,2.3841666666666668
97,2025-03-31,,,,,,,3,0.0,3.0077777777777777
97,2025-04-01,,,,,,,3,0.0,2.5933333333333333
97,2025-04-02,,,,,,,4,0.0,3.8108333333333335
97,2025-04-03,,,,,,,3,0.0,3.2869444444444444
97,2025-04-04,,,,,,,4,0.0,3.1791666666666667
97,2025-04-05,,,,,,,2,0.0,3.5355555555555553
97,2025-04-06,,,,,,,3,0.0,1.9358333333333333
97,2025-04-07,,,,,,,3,0.0,2.6875
97,2025-04-08,,,,,,,3,0.0,3.214722222222222
97,2025-04-09,,,,,,,5,0.0,3.471388888888889
97,2025-04-10,,,,,,,4,0.0,2.4033333333333333
97,2025-04-11,,,,,,,5,0.0,3.0541666666666667
97,2025-04-12,,,,,,,3,0.0,3.601111111111111
97,2025-04-13,,,,,,,4,0.0,1.936388888888889
97,2025-04-14,,,,,,,4,0.0,3.0097222222222224
97,2025-04-15,,,,,,,4,0.0,3.0636111111111113
97,2025-04-16,,,,,,,5,0.0,4.3886111111111115
97,2025-04-17,,,,,,,4,0.0,2.9988888888888887
97,2025-04-18,,,,,,,5,0.0,3.6158333333333332
97,2025-04-19,,,,,,,3,0.0,2.8472222222222223
97,2025-04-20,,,,,,,4,0.0,2.301388888888889
97,2025-04-21,,,,,,,4,0.0,2.806388888888889
97,2025-04-22,,,,,,,4,0.0,3.1844444444444444
97,2025-04-23,,,,,,,5,0.0,3.6866666666666665
97,2025-04-24,,,,,,,4,0.0,3.154166666666667
97,2025-04-25,,,,,,,4,0.0,2.336388888888889
97,2025-04-26,,,,,,,4,0.0,4.038888888888889
97,2025-04-27,,,,,,,3,0.0,2.0705555555555555
97,2025-04-28,,,,,,,4,0.0,2.972777777777778
97,2025-04-29,,,,,,,4,0.0,2.8355555555555556
97,2025-04-30,,,,,,,4,0.0,2.567222222222222
97,2025-05-01,,,,,,,4,0.0,3.082222222222222
97,2025-05-02,,,,,,,5,0.0,2.7822222222222224
97,2025-05-03,,,,,,,3,0.0,3.477777777777778
97,2025-05-04,,,,,,,3,0.0,2.048888888888889
97,2025-05-05,,,,,,,4,0.0,3.526388888888889
97,2025-05-06,,,,,,,4,0.0,2.6725
97,2025-05-07,,,,,,,4,0.0,3.450277777777778
97,2025-05-08,,,,,,,4,0.0,3.0680555555555555
97,2025-05-09,,,,,,,5,0.0,3.2383333333333333
97,2025-05-10,,,,,,,3,0.0,2.5030555555555556
97,2025-05-11,,,,,,,3,0.0,1.6869444444444444
97,2025-05-12,,,,,,,4,0.0,2.7669444444444444
97,2025-05-13,,,,,,,4,0.0,2.555
97,2025-05-14,,,,,,,5,0.0,4.2811111111111115
97,2025-05-15,,,,,,,5,0.0,3.060277777777778
97,2025-05-16,,,,,,,5,0.0,1.4066666666666667
97,2025-05-17,,,,,,,3,0.0,1.6169444444444445
97,2025-05-18,,,,,,,3,0.0,0.4363888888888889
97,2025-05-19,,,,,,,3,0.0,1.3652777777777778
97,2025-05-20,,,,,,,4,0.0,2.8152777777777778
97,2025-05-21,,,,,,,3,0.0,1.4997222222222222
97,2025-05-22,,,,,,,4,0.0,4.017222222222222
97,2025-05-23,,,,,,,3,0.0,1.8491666666666666
97,2025-05-24,,,,,,,3,0.0,3.258888888888889
97,2025-05-25,,,,,,,3,0.0,2.073888888888889
97,2025-05-26,,,,,,,4,0.0,3.063888888888889
97,2025-05-27,,,,,,,5,0.0,2.911388888888889
97,2025-05-28,,,,,,,4,0.0,3.3963888888888887
97,2025-05-29,,,,,,,4,0.0,2.845833333333333
97,2025-05-30,,,,,,,4,0.0,2.9855555555555555
97,2025-05-31,,,,,,,3,0.0,2.439722222222222
97,2025-06-01,,,,,,,3,0.0,1.6252777777777778
97,2025-06-02,,,,,,,5,0.0,3.181111111111111
97,2025-06-03,,,,,,,4,0.0,1.9166666666666667
97,2025-06-04,,,,,,,4,0.0,1.291111111111111
97,2025-06-05,,,,,,,4,0.0,1.5619444444444444
97,2025-06-06,,,,,,,3,0.0,1.1969444444444444
97,2025-06-07,,,,,,,2,0.0,1.2027777777777777
97,2025-06-08,,,,,,,2,0.0,0.41555555555555557
97,2025-06-09,,,,,,,2,0.0,1.5133333333333334
97,2025-06-10,,,,,,,3,0.0,2.442222222222222
97,2025-06-11,,,,,,,3,0.0,3.4705555555555554
97,2025-06-12,,,,,,,3,0.0,2.538611111111111
97,2025-06-13,,,,,,,3,0.0,3.847777777777778
97,2025-06-14,,,,,,,2,0.0,3.691666666666667
97,2025-06-15,,,,,,,3,0.0,2.254166666666667
97,2025-06-16,,,,,,,4,0.0,4.414444444444444
97,2025-06-17,,,,,,,3,0.0,2.7655555555555558
97,2025-06-18,,,,,,,4,0.0,3.758888888888889
97,2025-06-19,,,,,,,3,0.0,3.9691666666666667
97,2025-06-20,,,,,,,3,0.0,2.5283333333333333
97,2025-06-21,,,,,,,3,0.0,4.6675
97,2025-06-22,,,,,,,2,0.0,2.4833333333333334
97,2025-06-23,,,,,,,4,0.0,3.5275
97,2025-06-24,,,,,,,4,0.0,2.9569444444444444
97,2025-06-25,,,,,,,4,0.0,3.9252777777777776
97,2025-06-26,,,,,,,4,0.0,2.2775
97,2025-06-27,,,,,,,4,0.0,3.2594444444444446
97,2025-06-28,,,,,,,3,0.0,3.5902777777777777
97,2025-06-29,,,,,,,3,0.0,4.166388888888889
97,2025-06-30,,,,,,,4,0.0,2.9969444444444444
97,2025-07-01,,,,,,,3,0.0,2.765833333333333
97,2025-07-02,,,,,,,4,0.0,3.8519444444444444
97,2025-07-03,,,,,,,2,0.0,1.2844444444444445
97,2025-07-04,,,,,,,1,0.0,0.35888888888888887
97,2025-07-05,,,,,,,3,0.0,3.477222222222222
97,2025-07-06,,,,,,,2,0.0,2.1352777777777776
97,2025-07-07,,,,,,,3,0.0,3.24
97,2025-07-08,,,,,,,3,0.0,3.087222222222222
97,2025-07-09,,,,,,,3,0.0,2.0733333333333333
97,2025-07-10,,,,,,,3,0.0,1.8205555555555555
97,2025-07-11,,,,,,,4,0.0,1.1630555555555555
97,2025-07-12,,,,,,,4,0.0,1.2852777777777777
97,2025-07-13,,,,,,,1,0.0,0.9327777777777778
97,2025-07-14,,,,,,,2,0.0,0.4652777777777778
97,2025-07-15,,,,,,,3,0.0,2.7391666666666667
97,2025-07-16,,,,,,,3,0.0,2.81
97,2025-07-17,,,,,,,3,0.0,2.569722222222222
97,2025-07-18,,,,,,,3,0.0,2.5722222222222224
97,2025-07-19,,,,,,,2,0.0,3.9955555555555557
97,2025-07-20,,,,,,,2,0.0,2.621111111111111
97,2025-07-21,,,,,,,3,0.0,3.5075
97,2025-07-22,,,,,,,3,0.0,2.9594444444444443
97,2025-07-23,,,,,,,4,0.0,3.397222222222222
97,2025-07-24,,,,,,,3,0.0,4.059166666666667
97,2025-07-25,,,,,,,4,0.0,3.3966666666666665
97,2025-07-26,,,,,,,2,0.0,4.657222222222222
97,2025-07-27,,,,,,,2,0.0,1.986388888888889
97,2025-07-28,,,,,,,3,0.0,3.0705555555555555
97,2025-07-29,,,,,,,3,0.0,3.105
97,2025-07-30,,,,,,,4,0.0,3.9591666666666665
97,2025-07-31,,,,,,,3,0.0,3.4680555555555554
97,2025-08-01,,,,,,,4,0.0,3.270277777777778
97,2025-08-02,,,,,,,2,0.0,3.8630555555555555
97,2025-08-03,,,,,,,2,0.0,1.8069444444444445
97,2025-08-04,,,,,,,3,0.0,2.4466666666666668
97,2025-08-05,,,,,,,3,0.0,1.9694444444444446
97,2025-08-06,,,,,,,2,0.0,1.2069444444444444
97,2025-08-07,,,,,,,3,0.0,1.3991666666666667
97,2025-08-08,,,,,,,3,0.0,1.3019444444444443
97,2025-08-09,,,,,,,3,0.0,1.2816666666666667
97,2025-08-10,,,,,,,1,0.0,1.0280555555555555
97,2025-08-11,,,,,,,3,0.0,3.3294444444444444
97,2025-08-12,,,,,,,3,0.0,3.1430555555555557
97,2025-08-13,,,,,,,4,0.0,3.4322222222222223
97,2025-08-14,,,,,,,3,0.0,3.343888888888889
97,2025-08-15,,,,,,,4,0.0,3.95
97,2025-08-16,,,,,,,2,0.0,4.585
97,2025-08-17,,,,,,,2,0.0,1.8394444444444444
97,2025-08-18,,,,,,,2,0.0,1.4136111111111112
97,2025-08-19,,,,,,,3,0.0,2.3697222222222223
97,2025-08-20,,,,,,,2,0.0,1.0141666666666667
97,2025-08-21,,,,,,,3,0.0,1.6472222222222221
97,2025-08-22,,,,,,,3,0.0,2.2705555555555557
97,2025-08-23,,,,,,,4,0.0,0.7447222222222222
97,2025-08-24,,,,,,,1,0.0,1.4608333333333334
97,2025-08-25,,,,,,,3,0.0,2.9844444444444442
97,2025-08-26,,,,,,,3,0.0,2.575833333333333
97,2025-08-27,,,,,,,3,0.0,3.0008333333333335
97,2025-08-28,,,,,,,3,0.0,3.471388888888889
97,2025-08-29,,,,,,,3,0.0,2.7797222222222224
97,2025-08-30,,,,,,,2,0.0,4.292777777777777
97,2025-08-31,,,,,,,2,0.0,2.3161111111111112
97,2025-09-01,,,,,,,3,0.0,3.460277777777778
97,2025-09-02,,,,,,,3,0.0,2.4163888888888887
97,2025-09-03,,,,,,,4,0.0,3.641388888888889
97,2025-09-04,,,,,,,3,0.0,2.5680555555555555
97,2025-09-05,,,,,,,4,0.0,2.645
97,2025-09-06,,,,,,,4,0.0,2.0375
97,2025-09-07,,,,,,,2,0.0,4.164166666666667
97,2025-09-08,,,,,,,3,0.0,3.1641666666666666
97,2025-09-09,,,,,,,3,0.0,3.3333333333333335
97,2025-09-10,,,,,,,3,0.0,2.438888888888889
97,2025-09-11,,,,,,,3,0.0,3.8761111111111113
97,2025-09-12,,,,,,,3,0.0,2.4988888888888887
97,2025-09-13,,,,,,,3,0.0,6.258333333333334
97,2025-09-14,,,,,,,3,0.0,6.154444444444445
97,2025-09-15,,,,,,,3,0.0,2.4605555555555556
97,2025-09-16,,,,,,,3,0.0,2.4405555555555556
97,2025-09-17,,,,,,,3,0.0,2.6147222222222224
97,2025-09-18,,,,,,,3,0.0,3.0805555555555557
97,2025-09-19,,,,,,,3,0.0,2.703611111111111
97,2025-09-20,,,,,,,3,0.0,3.3113888888888887
97,2025-09-21,,,,,,,3,0.0,1.4094444444444445
97,2025-09-22,,,,,,,3,0.0,2.1094444444444442
97,2025-09-23,,,,,,,4,0.0,2.3208333333333333
97,2025-09-24,,,,,,,4,0.0,2.078888888888889
97,2025-09-25,,,,,,,2,0.0,0.5780555555555555
97,2025-09-26,,,,,,,5,0.0,1.6405555555555555
97,2025-09-27,,,,,,,1,0.0,1.7608333333333333
97,2025-09-28,,,,,,,1,0.0,0.0
97,2025-09-29,,,,,,,1,0.0,0.0
97,2025-09-30,,,,,,,1,0.0,0.0
97,2025-10-01,,,,,,,3,0.0,3.237222222222222
97,2025-10-02,,,,,,,4,0.0,3.4652777777777777
97,2025-10-03,,,,,,,3,0.0,3.258611111111111
97,2025-10-04,,,,,,,3,0.0,4.4944444444444445
97,2025-10-05,,,,,,,3,0.0,3.6277777777777778
97,2025-10-06,,,,,,,3,0.0,3.234722222222222
97,2025-10-07,,,,,,,3,0.0,3.2794444444444446
97,2025-10-08,,,,,,,3,0.0,3.6308333333333334
97,2025-10-09,,,,,,,3,0.0,4.229722222222223
97,2025-10-10,,,,,,,4,0.0,3.2994444444444446
97,2025-10-11,,,,,,,3,0.0,3.9369444444444444
97,2025-10-12,,,,,,,3,0.0,1.9933333333333334
97,2025-10-13,,,,,,,3,0.0,2.098888888888889
97,2025-10-14,,,,,,,3,0.0,1.2622222222222221
97,2025-10-15,,,,,,,3,0.0,1.2394444444444443
97,2025-10-16,,,,,,,2,0.0,2.306111111111111
97,2025-10-17,,,,,,,3,0.0,1.6216666666666666
97,2025-10-18,,,,,,,3,0.0,2.2066666666666666
97,2025-10-19,,,,,,,2,0.0,1.4658333333333333
97,2025-10-20,,,,,,,1,0.0,0.6036111111111111
97,2025-10-21,,,,,,,3,0.0,2.7088888888888887
97,2025-10-22,,,,,,,4,0.0,3.5366666666666666
97,2025-10-23,,,,,,,4,0.0,2.6572222222222224
97,2025-10-24,,,,,,,4,0.0,3.6433333333333335
97,2025-10-25,,,,,,,2,0.0,3.7383333333333333
97,2025-10-26,,,,,,,2,0.0,1.9727777777777777
97,2025-10-27,,,,,,,2,0.0,1.5591666666666666
97,2025-10-28,,,,,,,2,0.0,0.955
97,2025-10-29,,,,,,,3,0.0,0.0
97,2025-10-30,,,,,,,3,0.0,2.235
97,2025-10-31,,,,,,,3,0.0,1.3516666666666666
97,2025-11-01,,,,,,,3,0.0,1.2475
97,2025-11-02,,,,,,,2,0.0,0.6755555555555556
97,2025-11-03,,,,,,,1,0.0,0.48138888888888887
97,2025-11-04,,,,,,,4,0.0,2.371111111111111
97,2025-11-05,,,,,,,3,0.0,2.2494444444444444
97,2025-11-06,,,,,,,3,0.0,1.7038888888888888
97,2025-11-07,,,,,,,3,0.0,1.5086111111111111
97,2025-11-08,,,,,,,3,0.0,1.3219444444444444
97,2025-11-09,,,,,,,4,0.0,1.1116666666666666
97,2025-11-10,,,,,,,1,0.0,0.0
97,2025-11-11,,,,,,,1,0.0,0.0
97,2025-11-12,,,,,,,1,0.0,0.0
97,2025-11-13,,,,,,,2,0.0,0.24972222222222223
97,2025-11-14,,,,,,,1,0.0,0.0
97,2025-11-15,,,,,,,1,0.0,0.0
97,2025-11-16,,,,,,,1,0.0,0.0
97,2025-11-17,,,,,,,4,0.0,3.225277777777778
97,2025-11-18,,,,,,,3,0.0,3.0316666666666667
97,2025-11-19,,,,,,,3,0.0,3.0875
97,2025-11-20,,,,,,,3,0.0,2.7194444444444446
97,2025-11-21,,,,,,,4,0.0,1.355
97,2025-11-22,,,,,,,2,0.0,4.235277777777778
97,2025-11-23,,,,,,,4,0.0,4.344166666666666
97,2025-11-24,,,,,,,3,0.0,2.512777777777778
97,2025-11-25,,,,,,,3,0.0,2.1591666666666667
97,2025-11-26,,,,,,,3,0.0,3.2377777777777776
97,2025-11-27,,,,,,,2,0.0,1.4613888888888888
97,2025-11-28,,,,,,,4,0.0,3.746111111111111
97,2025-11-29,,,,,,,2,0.0,3.466111111111111
97,2025-11-30,,,,,,,3,0.0,2.6525
97,2025-12-01,,,,,,,3,0.0,3.287777777777778
97,2025-12-02,,,,,,,3,0.0,2.265
97,2025-12-03,,,,,,,4,0.0,3.7066666666666666
97,2025-12-04,,,,,,,3,0.0,2.1975
97,2025-12-05,,,,,,,4,0.0,3.723888888888889
97,2025-12-06,,,,,,,2,0.0,3.5144444444444445
97,2025-12-07,,,,,,,3,0.0,2.7977777777777777
97,2025-12-08,,,,,,,3,0.0,3.102222222222222
97,2025-12-09,,,,,,,3,0.0,3.1575
97,2025-12-10,,,,,,,2,0.0,1.5338888888888889
97,2025-12-11,,,,,,,3,0.0,3.640277777777778
97,2025-12-12,,,,,,,4,0.0,3.183611111111111
97,2025-12-13,,,,,,,2,0.0,3.5108333333333333
97,2025-12-14,,,,,,,3,0.0,2.8619444444444446
97,2025-12-15,,,,,,,3,0.0,3.338611111111111
97,2025-12-16,,,,,,,3,0.0,2.5069444444444446
97,2025-12-17,,,,,,,4,0.0,3.8216666666666668
97,2025-12-18,,,,,,,3,0.0,2.2755555555555556
97,2025-12-19,,,,,,,4,0.0,3.4844444444444442
97,2025-12-20,,,,,,,2,0.0,3.495
97,2025-12-21,,,,,,,3,0.0,2.9027777777777777
97,2025-12-22,,,,,,,3,0.0,3.305833333333333
97,2025-12-23,,,,,,,3,0.0,2.5555555555555554
97,2025-12-24,,,,,,,4,0.0,2.3627777777777776
97,2025-12-25,,,,,,,2,0.0,1.95
97,2025-12-26,,,,,,,3,0.0,2.9
97,2025-12-27,,,,,,,2,0.0,1.5505555555555555
97,2025-12-28,,,,,,,2,0.0,2.6277777777777778
97,2025-12-29,,,,,,,4,0.0,2.917777777777778
97,2025-12-30,,,,,,,2,0.0,1.8944444444444444
97,2025-12-31,,,,,,,3,0.0,1.9361111111111111
97,2026-01-01,,,,,,,2,0.0,2.0941666666666667
97,2026-01-02,,,,,,,4,0.0,1.6169444444444445
97,2026-01-03,,,,,,,2,0.0,2.8955555555555557
97,2026-01-04,,,,,,,3,0.0,2.4988888888888887
97,2026-01-05,,,,,,,3,0.0,3.2672222222222222
97,2026-01-06,,,,,,,3,0.0,2.9522222222222223
97,2026-01-07,,,,,,,4,0.0,3.85
97,2026-01-08,,,,,,,3,0.0,2.716111111111111
97,2026-01-09,,,,,,,5,0.0,3.362222222222222
97,2026-01-10,,,,,,,2,0.0,3.9358333333333335
97,2026-01-11,,,,,,,4,0.0,3.5541666666666667
97,2026-01-12,,,,,,,3,0.0,3.2058333333333335
97,2026-01-13,,,,,,,3,0.0,3.1883333333333335
97,2026-01-14,,,,,,,4,0.0,1.9569444444444444
97,2026-01-15,,,,,,,3,0.0,3.4280555555555554
97,2026-01-16,,,,,,,4,0.0,2.716388888888889
97,2026-01-17,,,,,,,2,0.0,3.296388888888889
97,2026-01-18,,,,,,,3,0.0,2.7275
97,2026-01-19,,,,,,,3,0.0,3.2127777777777777
97,2026-01-20,,,,,,,3,0.0,3.3255555555555554
97,2026-01-21,,,,,,,4,0.0,3.526666666666667
97,2026-01-22,,,,,,,3,0.0,3.401111111111111
97,2026-01-23,,,,,,,4,0.0,3.4891666666666667
97,2026-01-24,,,,,,,2,0.0,3.4477777777777776
97,2026-01-25,,,,,,,3,0.0,2.19
97,2026-01-26,,,,,,,3,0.0,1.88
97,2026-01-27,,,,,,,4,0.0,3.8025
97,2026-01-28,,,,,,,5,0.0,3.5244444444444443
97,2026-01-29,,,,,,,3,0.0,3.4386111111111113
97,2026-01-30,,,,,,,4,0.0,3.582777777777778
97,2026-01-31,,,,,,,2,0.0,4.586388888888889
97,2026-02-01,,,,,,,3,0.0,2.314722222222222
97,2026-02-02,,,,,,,1,0.0,0.9897222222222222
97,2026-02-03,,,,,,,3,255.6,2.6597222222222223
97,2026-02-04,,,,,,,4,233.41,4.211111111111111
97,2026-02-05,,,,,,,3,339.78,3.5366666666666666
97,2026-02-06,,,,,,,4,244.85,3.536111111111111
97,2026-02-07,,,,,,,2,155.11,3.503888888888889
97,2026-02-08,,,,,,,3,250.51,2.9066666666666667
97,2026-02-09,,,,,,,3,239.46,3.4122222222222223
97,2026-02-10,,,,,,,3,258.69,2.8305555555555557
97,2026-02-11,,,,,,,3,271.61,3.365
97,2026-02-12,,,,,,,3,159.82,2.2344444444444442
97,2026-02-13,,,,,,,3,74.74,1.435
97,2026-02-14,,,,,,,2,214.87,3.430277777777778
97,2026-02-15,,,,,,,4,198.38,2.421111111111111
97,2026-02-16,,,,,,,3,185.52,2.8769444444444443
97,2026-02-17,,,,,,,4,281.05,3.1438888888888887
97,2026-02-18,,,,,,,4,259.05,3.7980555555555555
97,2026-02-19,,,,,,,3,267.52,3.352777777777778
97,2026-02-20,,,,,,,4,184.17,3.1333333333333333
97,2026-02-21,,,,,,,2,191.98,4.329166666666667
97,2026-02-22,,,,,,,3,254.66,2.923611111111111
97,2026-02-23,,,,,,,3,207.13,3.123611111111111
97,2026-02-24,,,,,,,3,253.22,2.7380555555555555
97,2026-02-25,,,,,,,5,193.55,4.028888888888889
97,2026-02-26,,,,,,,3,242.62,3.1
97,2026-02-27,,,,,,,4,259.76,3.9758333333333336
97,2026-02-28,,,,,,,2,174.5,4.423333333333333
97,2026-03-01,,,,,,,3,247.7,2.754166666666667
97,2026-03-02,,,,,,,3,232.27,3.118888888888889
97,2026-03-03,,,,,,,3,317.68,2.892777777777778
97,2026-03-04,,,,,,,4,230.98,4.121111111111111
97,2026-03-05,,,,,,,3,265.88,3.207777777777778
97,2026-03-06,,,,,,,4,190.82,3.611388888888889
97,2026-03-07,,,,,,,2,188.61,4.450277777777778
97,2026-03-08,,,,,,,2,298.3,2.4655555555555555
97,2026-03-09,,,,,,,3,266.17,3.321111111111111
97,2026-03-10,,,,,,,4,261.14,3.285277777777778
97,2026-03-11,,,,,,,3,247.11,3.9375
97,2026-03-12,,,,,,,3,301.56,3.507222222222222
97,2026-03-13,,,,,,,4,146.96,2.9325
97,2026-03-14,,,,,,,2,152.72,1.7538888888888888
97,2026-03-15,,,,,,,1,0.0,0.0
97,2026-03-16,,,,,,,1,32.99,0.4905555555555556
97,2026-03-17,,,,,,,3,230.01,2.742777777777778
97,2026-03-18,,,,,,,3,180.18,2.0919444444444446
97,2026-03-19,,,,,,,3,124.39,1.7802777777777778
97,2026-03-20,,,,,,,3,66.76,1.1297222222222223
97,2026-03-21,,,,,,,3,64.36,1.0097222222222222
97,2026-03-22,,,,,,,1,31.22,0.44
97,2026-03-23,,,,,,,2,147.41,1.4916666666666667
98,2024-12-26,,,,,,,3,0.0,3.775
98,2024-12-27,,,,,,,4,0.0,4.131388888888889
98,2024-12-28,,,,,,,4,0.0,5.845277777777778
98,2024-12-29,,,,,,,4,0.0,4.562222222222222
98,2024-12-30,,,,,,,5,0.0,4.684444444444445
98,2024-12-31,,,,,,,4,0.0,5.755277777777778
98,2025-01-01,,,,,,,3,0.0,3.2977777777777777
98,2025-01-02,,,,,,,3,0.0,3.379722222222222
98,2025-01-03,,,,,,,4,0.0,3.7025
98,2025-01-04,,,,,,,2,0.0,3.5541666666666667
98,2025-01-05,,,,,,,3,0.0,3.1433333333333335
98,2025-01-06,,,,,,,4,0.0,3.5105555555555554
98,2025-01-07,,,,,,,3,0.0,3.483611111111111
98,2025-01-08,,,,,,,4,0.0,3.5255555555555556
98,2025-01-09,,,,,,,3,0.0,3.098888888888889
98,2025-01-10,,,,,,,4,0.0,3.609166666666667
98,2025-01-11,,,,,,,2,0.0,3.4258333333333333
98,2025-01-12,,,,,,,3,0.0,3.2230555555555553
98,2025-01-13,,,,,,,3,0.0,2.068888888888889
98,2025-01-14,,,,,,,3,0.0,3.5633333333333335
98,2025-01-15,,,,,,,4,0.0,3.9225
98,2025-01-16,,,,,,,4,0.0,2.6144444444444446
98,2025-01-17,,,,,,,4,0.0,3.6680555555555556
98,2025-01-18,,,,,,,2,0.0,3.3361111111111112
98,2025-01-19,,,,,,,3,0.0,3.1622222222222223
98,2025-01-20,,,,,,,4,0.0,4.230833333333333
98,2025-01-21,,,,,,,3,0.0,3.254166666666667
98,2025-01-22,,,,,,,4,0.0,3.0880555555555556
98,2025-01-23,,,,,,,4,0.0,2.5355555555555553
98,2025-01-24,,,,,,,4,0.0,3.563888888888889
98,2025-01-25,,,,,,,2,0.0,3.3405555555555555
98,2025-01-26,,,,,,,3,0.0,2.678888888888889
98,2025-01-27,,,,,,,4,0.0,2.7844444444444445
98,2025-01-28,,,,,,,3,0.0,2.8672222222222223
98,2025-01-29,,,,,,,5,0.0,3.104722222222222
98,2025-01-30,,,,,,,3,0.0,0.6911111111111111
98,2025-01-31,,,,,,,2,0.0,0.8261111111111111
98,2025-02-01,,,,,,,2,0.0,0.6883333333333334
98,2025-02-02,,,,,,,1,0.0,0.9241666666666667
98,2025-02-03,,,,,,,4,0.0,3.233888888888889
98,2025-02-04,,,,,,,3,0.0,2.98
98,2025-02-05,,,,,,,4,0.0,3.140833333333333
98,2025-02-06,,,,,,,4,0.0,2.225277777777778
98,2025-02-07,,,,,,,4,0.0,2.7269444444444444
98,2025-02-08,,,,,,,3,0.0,3.9344444444444444
98,2025-02-09,,,,,,,3,0.0,2.4830555555555556
98,2025-02-10,,,,,,,4,0.0,3.3872222222222224
98,2025-02-11,,,,,,,5,0.0,2.765
98,2025-02-12,,,,,,,4,0.0,3.055833333333333
98,2025-02-13,,,,,,,1,0.0,0.0
98,2025-02-14,,,,,,,3,0.0,2.361111111111111
98,2025-02-15,,,,,,,3,0.0,0.8469444444444445
98,2025-02-16,,,,,,,3,0.0,0.9283333333333333
98,2025-02-17,,,,,,,2,0.0,0.4583333333333333
98,2025-02-18,,,,,,,3,0.0,3.236666666666667
98,2025-02-19,,,,,,,4,0.0,3.5452777777777778
98,2025-02-20,,,,,,,3,0.0,3.4494444444444445
98,2025-02-21,,,,,,,4,0.0,3.013611111111111
98,2025-02-22,,,,,,,2,0.0,3.4558333333333335
98,2025-02-23,,,,,,,3,0.0,2.6213888888888888
98,2025-02-24,,,,,,,4,0.0,3.1883333333333335
98,2025-02-25,,,,,,,3,0.0,2.9122222222222223
98,2025-02-26,,,,,,,4,0.0,3.6591666666666667
98,2025-02-27,,,,,,,3,0.0,2.6305555555555555
98,2025-02-28,,,,,,,4,0.0,3.4616666666666664
98,2025-03-01,,,,,,,2,0.0,3.528888888888889
98,2025-03-02,,,,,,,3,0.0,2.019722222222222
98,2025-03-03,,,,,,,4,0.0,2.57
98,2025-03-04,,,,,,,3,0.0,2.6958333333333333
98,2025-03-05,,,,,,,4,0.0,3.5075
98,2025-03-06,,,,,,,4,0.0,2.8002777777777776
98,2025-03-07,,,,,,,3,0.0,2.6344444444444446
98,2025-03-08,,,,,,,3,0.0,2.5483333333333333
98,2025-03-09,,,,,,,3,0.0,4.0675
98,2025-03-10,,,,,,,4,0.0,2.8741666666666665
98,2025-03-11,,,,,,,5,0.0,3.950833333333333
98,2025-03-12,,,,,,,4,0.0,2.745833333333333
98,2025-03-13,,,,,,,3,0.0,3.1391666666666667
98,2025-03-14,,,,,,,4,0.0,3.0444444444444443
98,2025-03-15,,,,,,,2,0.0,2.629722222222222
98,2025-03-16,,,,,,,3,0.0,2.29
98,2025-03-17,,,,,,,4,0.0,2.7311111111111113
98,2025-03-18,,,,,,,3,0.0,2.6819444444444445
98,2025-03-19,,,,,,,3,0.0,3.1927777777777777
98,2025-03-20,,,,,,,3,0.0,0.7241666666666666
98,2025-03-21,,,,,,,3,0.0,1.2183333333333333
98,2025-03-22,,,,,,,4,0.0,1.2416666666666667
98,2025-03-23,,,,,,,1,0.0,1.031111111111111
98,2025-03-24,,,,,,,4,0.0,2.3505555555555557
98,2025-03-25,,,,,,,3,0.0,1.543611111111111
98,2025-03-26,,,,,,,5,0.0,1.4669444444444444
98,2025-03-27,,,,,,,4,0.0,1.0269444444444444
98,2025-03-28,,,,,,,3,0.0,0.6922222222222222
98,2025-03-29,,,,,,,2,0.0,0.7105555555555556
98,2025-03-30,,,,,,,4,0.0,2.3019444444444446
98,2025-03-31,,,,,,,4,0.0,3.026388888888889
98,2025-04-01,,,,,,,4,0.0,2.46
98,2025-04-02,,,,,,,5,0.0,3.8072222222222223
98,2025-04-03,,,,,,,5,0.0,3.3
98,2025-04-04,,,,,,,5,0.0,3.088888888888889
98,2025-04-05,,,,,,,3,0.0,3.5794444444444444
98,2025-04-06,,,,,,,4,0.0,2.6675
98,2025-04-07,,,,,,,4,0.0,2.6572222222222224
98,2025-04-08,,,,,,,5,0.0,3.6630555555555557
98,2025-04-09,,,,,,,5,0.0,3.1730555555555555
98,2025-04-10,,,,,,,5,0.0,2.3830555555555555
98,2025-04-11,,,,,,,5,0.0,3.2419444444444445
98,2025-04-12,,,,,,,3,0.0,3.661111111111111
98,2025-04-13,,,,,,,4,0.0,2.297222222222222
98,2025-04-14,,,,,,,4,0.0,3.3297222222222222
98,2025-04-15,,,,,,,5,0.0,3.0269444444444447
98,2025-04-16,,,,,,,5,0.0,4.084722222222222
98,2025-04-17,,,,,,,6,0.0,2.8833333333333333
98,2025-04-18,,,,,,,5,0.0,3.0016666666666665
98,2025-04-19,,,,,,,3,0.0,2.9055555555555554
98,2025-04-20,,,,,,,4,0.0,3.071388888888889
98,2025-04-21,,,,,,,4,0.0,2.946111111111111
98,2025-04-22,,,,,,,4,0.0,3.136388888888889
98,2025-04-23,,,,,,,5,0.0,4.3533333333333335
98,2025-04-24,,,,,,,4,0.0,3.7708333333333335
98,2025-04-25,,,,,,,5,0.0,3.3533333333333335
98,2025-04-26,,,,,,,3,0.0,3.961388888888889
98,2025-04-27,,,,,,,3,0.0,2.6405555555555558
98,2025-04-28,,,,,,,4,0.0,3.3866666666666667
98,2025-04-29,,,,,,,4,0.0,2.8513888888888888
98,2025-04-30,,,,,,,4,0.0,3.480277777777778
98,2025-05-01,,,,,,,4,0.0,3.2527777777777778
98,2025-05-02,,,,,,,5,0.0,3.4741666666666666
98,2025-05-03,,,,,,,3,0.0,3.4925
98,2025-05-04,,,,,,,3,0.0,1.9527777777777777
98,2025-05-05,,,,,,,4,0.0,3.3116666666666665
98,2025-05-06,,,,,,,4,0.0,2.7311111111111113
98,2025-05-07,,,,,,,5,0.0,3.870833333333333
98,2025-05-08,,,,,,,4,0.0,3.5680555555555555
98,2025-05-09,,,,,,,5,0.0,3.2511111111111113
98,2025-05-10,,,,,,,3,0.0,2.656388888888889
98,2025-05-11,,,,,,,3,0.0,1.6613888888888888
98,2025-05-12,,,,,,,4,0.0,2.289722222222222
98,2025-05-13,,,,,,,4,0.0,2.569722222222222
98,2025-05-14,,,,,,,5,0.0,4.004444444444444
98,2025-05-15,,,,,,,5,0.0,3.3633333333333333
98,2025-05-16,,,,,,,5,0.0,1.6088888888888888
98,2025-05-17,,,,,,,1,0.0,0.0
98,2025-05-18,,,,,,,3,0.0,0.8333333333333334
98,2025-05-19,,,,,,,3,0.0,1.4583333333333333
98,2025-05-20,,,,,,,4,0.0,2.7280555555555557
98,2025-05-21,,,,,,,3,0.0,1.5177777777777777
98,2025-05-22,,,,,,,4,0.0,3.0636111111111113
98,2025-05-23,,,,,,,3,0.0,1.7944444444444445
98,2025-05-24,,,,,,,3,0.0,3.3205555555555555
98,2025-05-25,,,,,,,3,0.0,2.3205555555555555
98,2025-05-26,,,,,,,4,0.0,2.745277777777778
98,2025-05-27,,,,,,,5,0.0,3.613611111111111
98,2025-05-28,,,,,,,4,0.0,3.357222222222222
98,2025-05-29,,,,,,,4,0.0,2.696111111111111
98,2025-05-30,,,,,,,4,0.0,2.8969444444444443
98,2025-05-31,,,,,,,3,0.0,2.471388888888889
98,2025-06-01,,,,,,,3,0.0,1.5977777777777777
98,2025-06-02,,,,,,,5,0.0,3.2622222222222224
98,2025-06-03,,,,,,,4,0.0,1.9166666666666667
98,2025-06-04,,,,,,,4,0.0,1.281111111111111
98,2025-06-05,,,,,,,4,0.0,1.573888888888889
98,2025-06-06,,,,,,,3,0.0,1.7863888888888888
98,2025-06-07,,,,,,,4,0.0,1.1236111111111111
98,2025-06-09,,,,,,,2,0.0,1.5125
98,2025-06-10,,,,,,,3,0.0,2.424722222222222
98,2025-06-11,,,,,,,3,0.0,3.345833333333333
98,2025-06-12,,,,,,,3,0.0,2.4627777777777777
98,2025-06-13,,,,,,,3,0.0,3.9672222222222224
98,2025-06-14,,,,,,,2,0.0,3.6997222222222224
98,2025-06-15,,,,,,,2,0.0,2.0372222222222223
98,2025-06-16,,,,,,,4,0.0,5.793611111111111
98,2025-06-17,,,,,,,3,0.0,3.1594444444444445
98,2025-06-18,,,,,,,4,0.0,3.835
98,2025-06-19,,,,,,,3,0.0,3.9002777777777777
98,2025-06-20,,,,,,,4,0.0,3.611666666666667
98,2025-06-21,,,,,,,3,0.0,4.6786111111111115
98,2025-06-22,,,,,,,2,0.0,2.305833333333333
98,2025-06-23,,,,,,,4,0.0,3.5780555555555558
98,2025-06-24,,,,,,,4,0.0,3.576388888888889
98,2025-06-25,,,,,,,3,0.0,2.9975
98,2025-06-26,,,,,,,3,0.0,3.5630555555555556
98,2025-06-27,,,,,,,3,0.0,2.5716666666666668
98,2025-06-28,,,,,,,2,0.0,3.6530555555555555
98,2025-06-29,,,,,,,2,0.0,2.326111111111111
98,2025-06-30,,,,,,,4,0.0,3.5319444444444446
98,2025-07-01,,,,,,,4,0.0,2.3358333333333334
98,2025-07-02,,,,,,,4,0.0,4.188611111111111
98,2025-07-03,,,,,,,4,0.0,4.728055555555556
98,2025-07-04,,,,,,,3,0.0,2.298611111111111
98,2025-07-05,,,,,,,2,0.0,4.083055555555555
98,2025-07-06,,,,,,,2,0.0,2.066388888888889
98,2025-07-07,,,,,,,3,0.0,2.299166666666667
98,2025-07-08,,,,,,,3,0.0,2.1577777777777776
98,2025-07-09,,,,,,,1,0.0,0.0
98,2025-07-10,,,,,,,3,0.0,1.646111111111111
98,2025-07-11,,,,,,,3,0.0,1.1852777777777779
98,2025-07-12,,,,,,,2,0.0,0.8213888888888888
98,2025-07-13,,,,,,,2,0.0,1.1602777777777777
98,2025-07-14,,,,,,,3,0.0,2.9391666666666665
98,2025-07-15,,,,,,,3,0.0,2.127222222222222
98,2025-07-16,,,,,,,3,0.0,2.058333333333333
98,2025-07-17,,,,,,,3,0.0,1.745
98,2025-07-18,,,,,,,4,0.0,1.448611111111111
98,2025-07-19,,,,,,,5,0.0,1.5530555555555556
98,2025-07-20,,,,,,,1,0.0,0.0
98,2025-07-21,,,,,,,3,0.0,3.3655555555555554
98,2025-07-22,,,,,,,4,0.0,3.8558333333333334
98,2025-07-23,,,,,,,4,0.0,3.950833333333333
98,2025-07-24,,,,,,,4,0.0,4.217222222222222
98,2025-07-25,,,,,,,4,0.0,3.65
98,2025-07-26,,,,,,,2,0.0,2.703888888888889
98,2025-07-27,,,,,,,2,0.0,1.9391666666666667
98,2025-07-28,,,,,,,3,0.0,3.388333333333333
98,2025-07-29,,,,,,,3,0.0,3.5255555555555556
98,2025-07-30,,,,,,,4,0.0,3.6258333333333335
98,2025-07-31,,,,,,,3,0.0,3.0533333333333332
98,2025-08-01,,,,,,,4,0.0,3.733888888888889
98,2025-08-02,,,,,,,2,0.0,3.468611111111111
98,2025-08-03,,,,,,,2,0.0,1.7155555555555555
98,2025-08-04,,,,,,,3,0.0,2.4697222222222224
98,2025-08-05,,,,,,,3,0.0,2.1508333333333334
98,2025-08-06,,,,,,,2,0.0,1.6416666666666666
98,2025-08-07,,,,,,,3,0.0,1.4469444444444444
98,2025-08-08,,,,,,,3,0.0,1.513611111111111
98,2025-08-09,,,,,,,5,0.0,1.563611111111111
98,2025-08-10,,,,,,,1,0.0,1.0291666666666666
98,2025-08-11,,,,,,,3,0.0,3.6233333333333335
98,2025-08-12,,,,,,,3,0.0,3.0927777777777776
98,2025-08-13,,,,,,,4,0.0,3.8930555555555557
98,2025-08-14,,,,,,,4,0.0,3.4994444444444444
98,2025-08-15,,,,,,,4,0.0,3.94
98,2025-08-16,,,,,,,2,0.0,4.575277777777778
98,2025-08-17,,,,,,,2,0.0,1.8766666666666667
98,2025-08-18,,,,,,,3,0.0,3.6077777777777778
98,2025-08-19,,,,,,,3,0.0,2.3069444444444445
98,2025-08-20,,,,,,,4,0.0,3.4588888888888887
98,2025-08-21,,,,,,,3,0.0,4.15
98,2025-08-22,,,,,,,4,0.0,3.4391666666666665
98,2025-08-23,,,,,,,2,0.0,3.5241666666666664
98,2025-08-24,,,,,,,2,0.0,2.1355555555555554
98,2025-08-25,,,,,,,3,0.0,3.003888888888889
98,2025-08-26,,,,,,,3,0.0,2.694166666666667
98,2025-08-27,,,,,,,3,0.0,3.1902777777777778
98,2025-08-28,,,,,,,3,0.0,3.3041666666666667
98,2025-08-29,,,,,,,3,0.0,2.785833333333333
98,2025-08-30,,,,,,,2,0.0,5.041388888888889
98,2025-08-31,,,,,,,2,0.0,2.379166666666667
98,2025-09-01,,,,,,,3,0.0,3.568611111111111
98,2025-09-02,,,,,,,3,0.0,2.453888888888889
98,2025-09-03,,,,,,,4,0.0,3.861666666666667
98,2025-09-04,,,,,,,3,0.0,2.736111111111111
98,2025-09-05,,,,,,,3,0.0,2.8369444444444443
98,2025-09-06,,,,,,,2,0.0,2.426111111111111
98,2025-09-07,,,,,,,2,0.0,3.9691666666666667
98,2025-09-08,,,,,,,3,0.0,3.6180555555555554
98,2025-09-09,,,,,,,3,0.0,3.3297222222222222
98,2025-09-10,,,,,,,3,0.0,2.506666666666667
98,2025-09-11,,,,,,,3,0.0,4.1930555555555555
98,2025-09-12,,,,,,,3,0.0,2.6958333333333333
98,2025-09-13,,,,,,,3,0.0,6.2283333333333335
98,2025-09-14,,,,,,,3,0.0,6.067222222222222
98,2025-09-15,,,,,,,3,0.0,2.47
98,2025-09-16,,,,,,,3,0.0,2.4744444444444444
98,2025-09-17,,,,,,,3,0.0,2.5027777777777778
98,2025-09-18,,,,,,,3,0.0,3.1158333333333332
98,2025-09-19,,,,,,,3,0.0,2.7519444444444443
98,2025-09-20,,,,,,,3,0.0,3.3419444444444446
98,2025-09-21,,,,,,,3,0.0,1.4202777777777778
98,2025-09-22,,,,,,,3,0.0,2.175
98,2025-09-23,,,,,,,4,0.0,2.417777777777778
98,2025-09-24,,,,,,,4,0.0,2.112222222222222
98,2025-09-25,,,,,,,2,0.0,0.7938888888888889
98,2025-09-26,,,,,,,2,0.0,1.1666666666666667
98,2025-09-27,,,,,,,1,0.0,1.7963888888888888
98,2025-09-28,,,,,,,1,0.0,0.0
98,2025-09-29,,,,,,,1,0.0,0.0
98,2025-09-30,,,,,,,1,0.0,0.0
98,2025-10-01,,,,,,,3,0.0,3.3491666666666666
98,2025-10-02,,,,,,,5,0.0,4.658333333333333
98,2025-10-03,,,,,,,3,0.0,3.4419444444444443
98,2025-10-04,,,,,,,3,0.0,4.546944444444445
98,2025-10-05,,,,,,,2,0.0,2.276388888888889
98,2025-10-06,,,,,,,4,0.0,3.4925
98,2025-10-07,,,,,,,4,0.0,4.284166666666667
98,2025-10-08,,,,,,,3,0.0,3.6622222222222223
98,2025-10-09,,,,,,,3,0.0,5.338055555555556
98,2025-10-10,,,,,,,4,0.0,2.667222222222222
98,2025-10-11,,,,,,,3,0.0,3.9144444444444444
98,2025-10-12,,,,,,,3,0.0,2.2247222222222223
98,2025-10-13,,,,,,,3,0.0,2.2444444444444445
98,2025-10-14,,,,,,,3,0.0,1.3122222222222222
98,2025-10-15,,,,,,,4,0.0,1.7041666666666666
98,2025-10-16,,,,,,,4,0.0,2.178888888888889
98,2025-10-17,,,,,,,3,0.0,1.635
98,2025-10-18,,,,,,,3,0.0,2.8536111111111113
98,2025-10-19,,,,,,,2,0.0,1.4166666666666667
98,2025-10-20,,,,,,,1,0.0,0.5730555555555555
98,2025-10-21,,,,,,,3,0.0,2.5444444444444443
98,2025-10-22,,,,,,,5,0.0,5.011666666666667
98,2025-10-23,,,,,,,3,0.0,3.667222222222222
98,2025-10-24,,,,,,,4,0.0,3.747777777777778
98,2025-10-25,,,,,,,2,0.0,3.7369444444444446
98,2025-10-26,,,,,,,2,0.0,2.3497222222222223
98,2025-10-27,,,,,,,2,0.0,1.4583333333333333
98,2025-10-28,,,,,,,2,0.0,0.8483333333333334
98,2025-10-29,,,,,,,3,0.0,0.0
98,2025-10-30,,,,,,,3,0.0,2.8216666666666668
98,2025-10-31,,,,,,,3,0.0,1.4908333333333332
98,2025-11-01,,,,,,,3,0.0,2.3891666666666667
98,2025-11-02,,,,,,,3,0.0,0.7705555555555555
98,2025-11-03,,,,,,,1,0.0,0.0
98,2025-11-04,,,,,,,1,0.0,0.0
98,2025-11-05,,,,,,,2,0.0,0.9827777777777778
98,2025-11-06,,,,,,,2,0.0,0.7225
98,2025-11-07,,,,,,,1,0.0,0.0
98,2025-11-08,,,,,,,5,0.0,1.1330555555555555
98,2025-11-09,,,,,,,1,0.0,0.0
98,2025-11-10,,,,,,,3,0.0,2.4030555555555555
98,2025-11-11,,,,,,,3,0.0,4.221388888888889
98,2025-11-12,,,,,,,3,0.0,2.591388888888889
98,2025-11-13,,,,,,,2,0.0,1.6016666666666666
98,2025-11-14,,,,,,,3,0.0,3.361666666666667
98,2025-11-15,,,,,,,2,0.0,3.6933333333333334
98,2025-11-16,,,,,,,2,0.0,3.2375
98,2025-11-17,,,,,,,3,0.0,2.7169444444444446
98,2025-11-18,,,,,,,3,0.0,2.7263888888888888
98,2025-11-19,,,,,,,4,0.0,4.374444444444444
98,2025-11-20,,,,,,,3,0.0,0.7186111111111111
98,2025-11-21,,,,,,,4,0.0,1.5691666666666666
98,2025-11-22,,,,,,,2,0.0,4.232777777777778
98,2025-11-23,,,,,,,5,0.0,4.270277777777777
98,2025-11-24,,,,,,,3,0.0,2.4747222222222223
98,2025-11-25,,,,,,,3,0.0,2.2544444444444443
98,2025-11-26,,,,,,,3,0.0,2.986666666666667
98,2025-11-27,,,,,,,2,0.0,1.7627777777777778
98,2025-11-28,,,,,,,4,0.0,4.4527777777777775
98,2025-11-29,,,,,,,2,0.0,3.471111111111111
98,2025-11-30,,,,,,,3,0.0,3.128888888888889
98,2025-12-01,,,,,,,3,0.0,3.2655555555555558
98,2025-12-02,,,,,,,3,0.0,2.611666666666667
98,2025-12-03,,,,,,,4,0.0,3.7194444444444446
98,2025-12-04,,,,,,,3,0.0,2.3605555555555555
98,2025-12-05,,,,,,,4,0.0,4.477222222222222
98,2025-12-06,,,,,,,2,0.0,3.57
98,2025-12-07,,,,,,,3,0.0,3.108611111111111
98,2025-12-08,,,,,,,3,0.0,3.7644444444444445
98,2025-12-09,,,,,,,3,0.0,3.7683333333333335
98,2025-12-10,,,,,,,2,0.0,2.2625
98,2025-12-11,,,,,,,3,0.0,3.7694444444444444
98,2025-12-12,,,,,,,4,0.0,4.160555555555556
98,2025-12-13,,,,,,,3,0.0,3.895
98,2025-12-14,,,,,,,3,0.0,3.0780555555555558
98,2025-12-15,,,,,,,5,0.0,3.567222222222222
98,2025-12-16,,,,,,,3,0.0,2.7505555555555556
98,2025-12-17,,,,,,,4,0.0,4.776666666666666
98,2025-12-18,,,,,,,3,0.0,3.7816666666666667
98,2025-12-19,,,,,,,4,0.0,4.105833333333333
98,2025-12-20,,,,,,,2,0.0,3.5388888888888888
98,2025-12-21,,,,,,,3,0.0,3.102777777777778
98,2025-12-22,,,,,,,3,0.0,3.233611111111111
98,2025-12-23,,,,,,,3,0.0,3.401666666666667
98,2025-12-24,,,,,,,4,0.0,3.4186111111111113
98,2025-12-25,,,,,,,2,0.0,1.9594444444444445
98,2025-12-26,,,,,,,3,0.0,2.9780555555555557
98,2025-12-27,,,,,,,3,0.0,3.591111111111111
98,2025-12-28,,,,,,,2,0.0,2.799166666666667
98,2025-12-29,,,,,,,4,0.0,2.946388888888889
98,2025-12-30,,,,,,,4,0.0,2.004166666666667
98,2025-12-31,,,,,,,4,0.0,2.183333333333333
98,2026-01-01,,,,,,,2,0.0,1.9877777777777779
98,2026-01-02,,,,,,,4,0.0,1.606111111111111
98,2026-01-03,,,,,,,2,0.0,3.124722222222222
98,2026-01-04,,,,,,,3,0.0,2.7111111111111112
98,2026-01-05,,,,,,,3,0.0,3.2091666666666665
98,2026-01-06,,,,,,,3,0.0,3.477222222222222
98,2026-01-07,,,,,,,4,0.0,3.722777777777778
98,2026-01-08,,,,,,,3,0.0,3.676111111111111
98,2026-01-09,,,,,,,4,0.0,3.613611111111111
98,2026-01-10,,,,,,,2,0.0,3.943888888888889
98,2026-01-11,,,,,,,3,0.0,3.831111111111111
98,2026-01-12,,,,,,,3,0.0,3.5097222222222224
98,2026-01-13,,,,,,,3,0.0,3.5794444444444444
98,2026-01-14,,,,,,,4,0.0,2.5097222222222224
98,2026-01-15,,,,,,,3,0.0,3.4672222222222224
98,2026-01-16,,,,,,,4,0.0,2.8408333333333333
98,2026-01-17,,,,,,,2,0.0,4.785833333333334
98,2026-01-18,,,,,,,3,0.0,1.7602777777777778
98,2026-01-19,,,,,,,3,0.0,3.1863888888888887
98,2026-01-20,,,,,,,4,0.0,3.060277777777778
98,2026-01-21,,,,,,,4,0.0,1.7333333333333334
98,2026-01-22,,,,,,,3,0.0,3.8744444444444444
98,2026-01-23,,,,,,,4,0.0,3.2402777777777776
98,2026-01-24,,,,,,,2,0.0,3.4363888888888887
98,2026-01-25,,,,,,,3,0.0,2.352777777777778
98,2026-01-26,,,,,,,3,0.0,2.7644444444444445
98,2026-01-27,,,,,,,3,0.0,2.9408333333333334
98,2026-01-28,,,,,,,4,0.0,0.6138888888888889
98,2026-01-29,,,,,,,3,0.0,0.6602777777777777
98,2026-01-30,,,,,,,2,0.0,0.47805555555555557
98,2026-01-31,,,,,,,3,0.0,0.8858333333333334
98,2026-02-01,,,,,,,2,0.0,1.1269444444444445
98,2026-02-02,,,,,,,3,0.0,2.203888888888889
98,2026-02-03,,,,,,,3,239.01,3.2475
98,2026-02-04,,,,,,,4,227.03,4.833333333333333
98,2026-02-05,,,,,,,5,223.29,2.8338888888888887
98,2026-02-06,,,,,,,4,155.13,4.1466666666666665
98,2026-02-07,,,,,,,2,222.55,3.5147222222222223
98,2026-02-08,,,,,,,3,244.45,3.306111111111111
98,2026-02-09,,,,,,,3,313.46,3.185277777777778
98,2026-02-10,,,,,,,5,257.76,3.196111111111111
98,2026-02-11,,,,,,,3,191.52,3.446111111111111
98,2026-02-12,,,,,,,4,220.65,3.643611111111111
98,2026-02-13,,,,,,,4,249.29,3.8691666666666666
98,2026-02-14,,,,,,,2,286.74,4.413611111111111
98,2026-02-15,,,,,,,3,241.23,3.1863888888888887
98,2026-02-16,,,,,,,3,197.4,3.3241666666666667
98,2026-02-17,,,,,,,3,257.16,3.2508333333333335
98,2026-02-18,,,,,,,4,169.45,3.446388888888889
98,2026-02-19,,,,,,,3,196.29,3.3722222222222222
98,2026-02-20,,,,,,,4,217.98,3.5613888888888887
98,2026-02-21,,,,,,,2,294.03,4.312222222222222
98,2026-02-22,,,,,,,3,238.43,3.0841666666666665
98,2026-02-23,,,,,,,4,283.06,3.2605555555555554
98,2026-02-24,,,,,,,3,194.79,2.9716666666666667
98,2026-02-25,,,,,,,5,136.89,4.441666666666666
98,2026-02-26,,,,,,,3,241.6,3.415
98,2026-02-27,,,,,,,4,206.34,4.176944444444445
98,2026-02-28,,,,,,,2,179.19,3.479722222222222
98,2026-03-01,,,,,,,3,196.87,2.703611111111111
98,2026-03-02,,,,,,,2,127.08,1.8541666666666667
98,2026-03-03,,,,,,,3,167.18,3.0230555555555556
98,2026-03-04,,,,,,,3,173.67,1.718611111111111
98,2026-03-05,,,,,,,2,106.97,0.8966666666666666
98,2026-03-06,,,,,,,3,86.25,1.1158333333333332
98,2026-03-07,,,,,,,4,115.53,1.218888888888889
98,2026-03-08,,,,,,,1,83.74,0.7261111111111112
98,2026-03-09,,,,,,,3,266.04,3.443888888888889
98,2026-03-10,,,,,,,4,287.11,3.7605555555555554
98,2026-03-11,,,,,,,3,201.34,3.906111111111111
98,2026-03-12,,,,,,,3,220.55,3.522222222222222
98,2026-03-13,,,,,,,4,164.79,3.171388888888889
98,2026-03-14,,,,,,,2,170.35,2.1375
98,2026-03-15,,,,,,,1,0.0,0.0
98,2026-03-16,,,,,,,1,31.86,0.4583333333333333
98,2026-03-17,,,,,,,3,161.17,2.871111111111111
98,2026-03-18,,,,,,,3,186.56,2.7888888888888888
98,2026-03-19,,,,,,,3,139.6,1.6822222222222223
98,2026-03-20,,,,,,,3,98.49,1.2233333333333334
98,2026-03-21,,,,,,,4,103.5,1.343611111111111
98,2026-03-22,,,,,,,1,48.29,0.6875
98,2026-03-23,,,,,,,2,82.09,1.7480555555555555
99,2026-01-08,,,,,,,2,0.0,2.2316666666666665
99,2026-01-09,,,,,,,2,0.0,1.57
99,2026-01-10,,,,,,,2,0.0,3.4786111111111113
99,2026-01-11,,,,,,,3,0.0,1.7758333333333334
99,2026-01-12,,,,,,,2,0.0,1.5033333333333334
99,2026-01-13,,,,,,,2,0.0,2.214722222222222
99,2026-01-14,,,,,,,3,0.0,2.3044444444444445
99,2026-01-25,,,,,,,3,0.0,1.513611111111111
99,2026-01-26,,,,,,,1,0.0,0.0
99,2026-01-27,,,,,,,3,0.0,3.101111111111111
99,2026-01-28,,,,,,,3,0.0,2.303888888888889
99,2026-01-29,,,,,,,2,0.0,2.406111111111111
99,2026-01-30,,,,,,,2,0.0,0.0
99,2026-01-31,,,,,,,2,0.0,3.523888888888889
115,2026-01-08,,,,,,,2,0.0,2.5391666666666666
115,2026-01-09,,,,,,,2,0.0,1.4725
115,2026-01-10,,,,,,,2,0.0,3.2202777777777776
115,2026-01-11,,,,,,,3,0.0,2.2
115,2026-01-12,,,,,,,2,0.0,0.7680555555555556
115,2026-01-13,,,,,,,3,0.0,3.211388888888889
115,2026-01-14,,,,,,,3,0.0,2.2558333333333334
115,2026-01-25,,,,,,,2,0.0,2.589722222222222
115,2026-01-26,,,,,,,2,0.0,0.8430555555555556
115,2026-01-27,,,,,,,3,0.0,3.1705555555555556
115,2026-01-28,,,,,,,3,0.0,2.5008333333333335
115,2026-01-29,,,,,,,3,0.0,2.7797222222222224
115,2026-01-30,,,,,,,2,0.0,1.8366666666666667
115,2026-01-31,,,,,,,3,0.0,3.9205555555555556
116,2026-01-08,,,,,,,2,0.0,2.192222222222222
116,2026-01-09,,,,,,,2,0.0,2.3333333333333335
116,2026-01-10,,,,,,,1,0.0,0.49583333333333335
116,2026-01-11,,,,,,,2,0.0,3.162777777777778
116,2026-01-12,,,,,,,3,0.0,3.0477777777777777
116,2026-01-13,,,,,,,3,0.0,3.7308333333333334
116,2026-01-14,,,,,,,3,0.0,3.0
116,2026-01-25,,,,,,,2,0.0,3.2894444444444444
116,2026-01-26,,,,,,,3,0.0,4.0
116,2026-01-27,,,,,,,3,0.0,3.566388888888889
116,2026-01-28,,,,,,,2,0.0,2.5008333333333335
116,2026-01-29,,,,,,,4,0.0,5.75
116,2026-01-30,,,,,,,4,0.0,4.407222222222222
116,2026-01-31,,,,,,,4,0.0,2.7769444444444447
